[{"time":1786,"init_cwnd_mss":70,"init_cwnd_bytes":85901},{"time":1563,"init_cwnd_mss":43,"init_cwnd_bytes":52814},{"time":1770,"init_cwnd_mss":75,"init_cwnd_bytes":92025},{"time":1858,"init_cwnd_mss":75,"init_cwnd_bytes":92070},{"time":1857,"init_cwnd_mss":70,"init_cwnd_bytes":85899},{"time":1846,"init_cwnd_mss":71,"init_cwnd_bytes":87137},{"time":2050,"init_cwnd_mss":70,"init_cwnd_bytes":85946},{"time":1820,"init_cwnd_mss":75,"init_cwnd_bytes":92045},{"time":1561,"init_cwnd_mss":41,"init_cwnd_bytes":50326},{"time":1843,"init_cwnd_mss":73,"init_cwnd_bytes":89675},{"time":1876,"init_cwnd_mss":74,"init_cwnd_bytes":90807},{"time":1742,"init_cwnd_mss":71,"init_cwnd_bytes":87164},{"time":1817,"init_cwnd_mss":75,"init_cwnd_bytes":92034},{"time":1761,"init_cwnd_mss":69,"init_cwnd_bytes":84746},{"time":1523,"init_cwnd_mss":40,"init_cwnd_bytes":49130},{"time":1810,"init_cwnd_mss":70,"init_cwnd_bytes":85910},{"time":1791,"init_cwnd_mss":76,"init_cwnd_bytes":93482},{"time":1815,"init_cwnd_mss":74,"init_cwnd_bytes":90845},{"time":1798,"init_cwnd_mss":76,"init_cwnd_bytes":93683},{"time":1865,"init_cwnd_mss":74,"init_cwnd_bytes":90807},{"time":1870,"init_cwnd_mss":74,"init_cwnd_bytes":90845},{"time":2039,"init_cwnd_mss":77,"init_cwnd_bytes":94511},{"time":2125,"init_cwnd_mss":70,"init_cwnd_bytes":85946},{"time":1918,"init_cwnd_mss":69,"init_cwnd_bytes":84709},{"time":1871,"init_cwnd_mss":73,"init_cwnd_bytes":90374},{"time":2057,"init_cwnd_mss":70,"init_cwnd_bytes":85946},{"time":1897,"init_cwnd_mss":70,"init_cwnd_bytes":85994},{"time":2042,"init_cwnd_mss":75,"init_cwnd_bytes":92024},{"time":1786,"init_cwnd_mss":76,"init_cwnd_bytes":93486},{"time":1925,"init_cwnd_mss":73,"init_cwnd_bytes":89805},{"time":1848,"init_cwnd_mss":69,"init_cwnd_bytes":84709},{"time":1792,"init_cwnd_mss":75,"init_cwnd_bytes":92118},{"time":1812,"init_cwnd_mss":71,"init_cwnd_bytes":87164},{"time":1778,"init_cwnd_mss":78,"init_cwnd_bytes":95743},{"time":1984,"init_cwnd_mss":34,"init_cwnd_bytes":41747},{"time":1796,"init_cwnd_mss":62,"init_cwnd_bytes":76118},{"time":1890,"init_cwnd_mss":69,"init_cwnd_bytes":84719},{"time":1586,"init_cwnd_mss":46,"init_cwnd_bytes":56477},{"time":1874,"init_cwnd_mss":74,"init_cwnd_bytes":90842},{"time":1841,"init_cwnd_mss":70,"init_cwnd_bytes":85935}]