[{"time":2330,"init_cwnd_mss":0,"init_cwnd_bytes":32750},{"time":2276,"init_cwnd_mss":0,"init_cwnd_bytes":32750},{"time":2434,"init_cwnd_mss":0,"init_cwnd_bytes":32750},{"time":2609,"init_cwnd_mss":0,"init_cwnd_bytes":32750},{"time":2569,"init_cwnd_mss":0,"init_cwnd_bytes":0},{"time":2494,"init_cwnd_mss":0,"init_cwnd_bytes":32750},{"time":2480,"init_cwnd_mss":0,"init_cwnd_bytes":32750},{"time":2313,"init_cwnd_mss":0,"init_cwnd_bytes":32750},{"time":2943,"init_cwnd_mss":0,"init_cwnd_bytes":32750},{"time":2302,"init_cwnd_mss":0,"init_cwnd_bytes":32750},{"time":2396,"init_cwnd_mss":0,"init_cwnd_bytes":32750},{"time":2397,"init_cwnd_mss":0,"init_cwnd_bytes":32750},{"time":2370,"init_cwnd_mss":0,"init_cwnd_bytes":32750},{"time":2677,"init_cwnd_mss":0,"init_cwnd_bytes":32750},{"time":2477,"init_cwnd_mss":0,"init_cwnd_bytes":32750},{"time":2361,"init_cwnd_mss":0,"init_cwnd_bytes":32750},{"time":2385,"init_cwnd_mss":0,"init_cwnd_bytes":32750},{"time":2326,"init_cwnd_mss":0,"init_cwnd_bytes":32750},{"time":2320,"init_cwnd_mss":0,"init_cwnd_bytes":32750},{"time":2234,"init_cwnd_mss":0,"init_cwnd_bytes":32750},{"time":2575,"init_cwnd_mss":0,"init_cwnd_bytes":32750},{"time":2267,"init_cwnd_mss":0,"init_cwnd_bytes":32750},{"time":2422,"init_cwnd_mss":0,"init_cwnd_bytes":32750},{"time":2367,"init_cwnd_mss":0,"init_cwnd_bytes":32750},{"time":2396,"init_cwnd_mss":0,"init_cwnd_bytes":32750},{"time":2333,"init_cwnd_mss":0,"init_cwnd_bytes":32750},{"time":2327,"init_cwnd_mss":0,"init_cwnd_bytes":32750},{"time":2582,"init_cwnd_mss":0,"init_cwnd_bytes":32750},{"time":2720,"init_cwnd_mss":0,"init_cwnd_bytes":32750},{"time":2666,"init_cwnd_mss":0,"init_cwnd_bytes":32750},{"time":2624,"init_cwnd_mss":0,"init_cwnd_bytes":32750},{"time":2562,"init_cwnd_mss":0,"init_cwnd_bytes":32750},{"time":3182,"init_cwnd_mss":0,"init_cwnd_bytes":32750},{"time":2582,"init_cwnd_mss":0,"init_cwnd_bytes":32750},{"time":2756,"init_cwnd_mss":0,"init_cwnd_bytes":32750},{"time":2936,"init_cwnd_mss":0,"init_cwnd_bytes":32750},{"time":3099,"init_cwnd_mss":0,"init_cwnd_bytes":32750},{"time":2949,"init_cwnd_mss":0,"init_cwnd_bytes":32750},{"time":2911,"init_cwnd_mss":0,"init_cwnd_bytes":32750},{"time":2641,"init_cwnd_mss":0,"init_cwnd_bytes":32750}]