[{"time":5593,"init_cwnd_mss":0,"init_cwnd_bytes":32750},{"time":5141,"init_cwnd_mss":0,"init_cwnd_bytes":32750},{"time":4963,"init_cwnd_mss":0,"init_cwnd_bytes":32750},{"time":5119,"init_cwnd_mss":0,"init_cwnd_bytes":0},{"time":5275,"init_cwnd_mss":0,"init_cwnd_bytes":0},{"time":8562,"init_cwnd_mss":0,"init_cwnd_bytes":49125},{"time":5196,"init_cwnd_mss":0,"init_cwnd_bytes":0},{"time":5169,"init_cwnd_mss":0,"init_cwnd_bytes":32750},{"time":5330,"init_cwnd_mss":0,"init_cwnd_bytes":32750},{"time":5366,"init_cwnd_mss":0,"init_cwnd_bytes":32750},{"time":5457,"init_cwnd_mss":0,"init_cwnd_bytes":0},{"time":5487,"init_cwnd_mss":0,"init_cwnd_bytes":0},{"time":5494,"init_cwnd_mss":0,"init_cwnd_bytes":0},{"time":5103,"init_cwnd_mss":0,"init_cwnd_bytes":0},{"time":4961,"init_cwnd_mss":0,"init_cwnd_bytes":0},{"time":4698,"init_cwnd_mss":0,"init_cwnd_bytes":32750},{"time":4954,"init_cwnd_mss":0,"init_cwnd_bytes":32750},{"time":4937,"init_cwnd_mss":0,"init_cwnd_bytes":0},{"time":5355,"init_cwnd_mss":0,"init_cwnd_bytes":0},{"time":5102,"init_cwnd_mss":0,"init_cwnd_bytes":0},{"time":5032,"init_cwnd_mss":0,"init_cwnd_bytes":32750},{"time":4721,"init_cwnd_mss":0,"init_cwnd_bytes":32750},{"time":6254,"init_cwnd_mss":0,"init_cwnd_bytes":32750},{"time":5527,"init_cwnd_mss":0,"init_cwnd_bytes":0},{"time":4761,"init_cwnd_mss":0,"init_cwnd_bytes":0},{"time":4701,"init_cwnd_mss":0,"init_cwnd_bytes":32750},{"time":4869,"init_cwnd_mss":0,"init_cwnd_bytes":0},{"time":4723,"init_cwnd_mss":0,"init_cwnd_bytes":32750},{"time":5683,"init_cwnd_mss":0,"init_cwnd_bytes":0},{"time":4966,"init_cwnd_mss":0,"init_cwnd_bytes":0},{"time":5067,"init_cwnd_mss":0,"init_cwnd_bytes":0},{"time":4958,"init_cwnd_mss":0,"init_cwnd_bytes":32750},{"time":4781,"init_cwnd_mss":0,"init_cwnd_bytes":0},{"time":5861,"init_cwnd_mss":0,"init_cwnd_bytes":32750},{"time":5232,"init_cwnd_mss":0,"init_cwnd_bytes":32750},{"time":5163,"init_cwnd_mss":0,"init_cwnd_bytes":32750},{"time":5856,"init_cwnd_mss":0,"init_cwnd_bytes":32750},{"time":5559,"init_cwnd_mss":0,"init_cwnd_bytes":32750},{"time":5515,"init_cwnd_mss":0,"init_cwnd_bytes":32750},{"time":5846,"init_cwnd_mss":0,"init_cwnd_bytes":0}]