[{"time":2580,"init_cwnd_mss":73,"init_cwnd_bytes":89609},{"time":2243,"init_cwnd_mss":39,"init_cwnd_bytes":47884},{"time":2650,"init_cwnd_mss":77,"init_cwnd_bytes":95105},{"time":2879,"init_cwnd_mss":47,"init_cwnd_bytes":57721},{"time":3028,"init_cwnd_mss":75,"init_cwnd_bytes":92083},{"time":2866,"init_cwnd_mss":70,"init_cwnd_bytes":85934},{"time":2313,"init_cwnd_mss":45,"init_cwnd_bytes":55196},{"time":2257,"init_cwnd_mss":36,"init_cwnd_bytes":44200},{"time":2464,"init_cwnd_mss":38,"init_cwnd_bytes":46626},{"time":2344,"init_cwnd_mss":40,"init_cwnd_bytes":49113},{"time":2646,"init_cwnd_mss":74,"init_cwnd_bytes":91228},{"time":2228,"init_cwnd_mss":36,"init_cwnd_bytes":44234},{"time":2332,"init_cwnd_mss":37,"init_cwnd_bytes":45429},{"time":2596,"init_cwnd_mss":73,"init_cwnd_bytes":89607},{"time":2285,"init_cwnd_mss":40,"init_cwnd_bytes":49146},{"time":2404,"init_cwnd_mss":39,"init_cwnd_bytes":47885},{"time":2608,"init_cwnd_mss":37,"init_cwnd_bytes":45427},{"time":2620,"init_cwnd_mss":74,"init_cwnd_bytes":90856},{"time":2666,"init_cwnd_mss":70,"init_cwnd_bytes":85935},{"time":2401,"init_cwnd_mss":36,"init_cwnd_bytes":44200},{"time":2566,"init_cwnd_mss":70,"init_cwnd_bytes":85939},{"time":2917,"init_cwnd_mss":70,"init_cwnd_bytes":85937},{"time":2563,"init_cwnd_mss":69,"init_cwnd_bytes":84702},{"time":2545,"init_cwnd_mss":69,"init_cwnd_bytes":84707},{"time":2400,"init_cwnd_mss":40,"init_cwnd_bytes":49112},{"time":2249,"init_cwnd_mss":37,"init_cwnd_bytes":45428},{"time":2202,"init_cwnd_mss":40,"init_cwnd_bytes":49146},{"time":2581,"init_cwnd_mss":36,"init_cwnd_bytes":44201},{"time":2664,"init_cwnd_mss":70,"init_cwnd_bytes":85946},{"time":2147,"init_cwnd_mss":39,"init_cwnd_bytes":47884},{"time":2143,"init_cwnd_mss":40,"init_cwnd_bytes":49112},{"time":2209,"init_cwnd_mss":45,"init_cwnd_bytes":55286},{"time":2268,"init_cwnd_mss":36,"init_cwnd_bytes":44234},{"time":2567,"init_cwnd_mss":78,"init_cwnd_bytes":95743},{"time":2339,"init_cwnd_mss":41,"init_cwnd_bytes":50341},{"time":2615,"init_cwnd_mss":75,"init_cwnd_bytes":92061},{"time":2541,"init_cwnd_mss":58,"init_cwnd_bytes":71219},{"time":2793,"init_cwnd_mss":85,"init_cwnd_bytes":104724},{"time":2408,"init_cwnd_mss":39,"init_cwnd_bytes":47872},{"time":2444,"init_cwnd_mss":40,"init_cwnd_bytes":49113}]