[{"time":3361,"init_cwnd_mss":73,"init_cwnd_bytes":89675},{"time":3391,"init_cwnd_mss":71,"init_cwnd_bytes":87164},{"time":3503,"init_cwnd_mss":74,"init_cwnd_bytes":90845},{"time":3206,"init_cwnd_mss":74,"init_cwnd_bytes":90807},{"time":3327,"init_cwnd_mss":73,"init_cwnd_bytes":89617},{"time":3190,"init_cwnd_mss":74,"init_cwnd_bytes":90832},{"time":3180,"init_cwnd_mss":79,"init_cwnd_bytes":96979},{"time":3308,"init_cwnd_mss":74,"init_cwnd_bytes":90807},{"time":3505,"init_cwnd_mss":72,"init_cwnd_bytes":88391},{"time":3413,"init_cwnd_mss":41,"init_cwnd_bytes":50358},{"time":3173,"init_cwnd_mss":74,"init_cwnd_bytes":90794},{"time":3413,"init_cwnd_mss":72,"init_cwnd_bytes":88343},{"time":2827,"init_cwnd_mss":74,"init_cwnd_bytes":90795},{"time":3264,"init_cwnd_mss":74,"init_cwnd_bytes":90838},{"time":3183,"init_cwnd_mss":69,"init_cwnd_bytes":84761},{"time":4015,"init_cwnd_mss":40,"init_cwnd_bytes":49112},{"time":3573,"init_cwnd_mss":69,"init_cwnd_bytes":84706},{"time":4255,"init_cwnd_mss":73,"init_cwnd_bytes":90011},{"time":3449,"init_cwnd_mss":73,"init_cwnd_bytes":89579},{"time":3762,"init_cwnd_mss":75,"init_cwnd_bytes":92024},{"time":3285,"init_cwnd_mss":74,"init_cwnd_bytes":90843},{"time":3124,"init_cwnd_mss":73,"init_cwnd_bytes":89620},{"time":3035,"init_cwnd_mss":74,"init_cwnd_bytes":90843},{"time":3212,"init_cwnd_mss":73,"init_cwnd_bytes":89569},{"time":3378,"init_cwnd_mss":69,"init_cwnd_bytes":84708},{"time":3016,"init_cwnd_mss":72,"init_cwnd_bytes":88391},{"time":3504,"init_cwnd_mss":73,"init_cwnd_bytes":89616},{"time":3031,"init_cwnd_mss":75,"init_cwnd_bytes":92072},{"time":2955,"init_cwnd_mss":70,"init_cwnd_bytes":85899},{"time":3397,"init_cwnd_mss":42,"init_cwnd_bytes":51540},{"time":3316,"init_cwnd_mss":69,"init_cwnd_bytes":84698},{"time":3909,"init_cwnd_mss":73,"init_cwnd_bytes":89580},{"time":3165,"init_cwnd_mss":73,"init_cwnd_bytes":89684},{"time":4740,"init_cwnd_mss":105,"init_cwnd_bytes":133387},{"time":3442,"init_cwnd_mss":75,"init_cwnd_bytes":92023},{"time":3506,"init_cwnd_mss":74,"init_cwnd_bytes":90845},{"time":3244,"init_cwnd_mss":69,"init_cwnd_bytes":84698},{"time":2752,"init_cwnd_mss":75,"init_cwnd_bytes":92014},{"time":3424,"init_cwnd_mss":40,"init_cwnd_bytes":49130},{"time":3140,"init_cwnd_mss":39,"init_cwnd_bytes":47878}]