[{"time":10136,"init_cwnd_mss":0,"init_cwnd_bytes":16375},{"time":6411,"init_cwnd_mss":0,"init_cwnd_bytes":16375},{"time":7282,"init_cwnd_mss":0,"init_cwnd_bytes":32750},{"time":6454,"init_cwnd_mss":0,"init_cwnd_bytes":32750},{"time":6998,"init_cwnd_mss":0,"init_cwnd_bytes":32750},{"time":6558,"init_cwnd_mss":0,"init_cwnd_bytes":32750},{"time":5755,"init_cwnd_mss":0,"init_cwnd_bytes":32750},{"time":5975,"init_cwnd_mss":0,"init_cwnd_bytes":32750},{"time":6085,"init_cwnd_mss":0,"init_cwnd_bytes":32750},{"time":5719,"init_cwnd_mss":0,"init_cwnd_bytes":16375},{"time":5856,"init_cwnd_mss":0,"init_cwnd_bytes":16375},{"time":5569,"init_cwnd_mss":0,"init_cwnd_bytes":32750},{"time":5560,"init_cwnd_mss":0,"init_cwnd_bytes":32750},{"time":5565,"init_cwnd_mss":0,"init_cwnd_bytes":16375},{"time":5490,"init_cwnd_mss":0,"init_cwnd_bytes":32750},{"time":5777,"init_cwnd_mss":0,"init_cwnd_bytes":32750},{"time":5725,"init_cwnd_mss":0,"init_cwnd_bytes":32750},{"time":-18579029,"init_cwnd_mss":0,"init_cwnd_bytes":32750},{"time":5690,"init_cwnd_mss":0,"init_cwnd_bytes":32750},{"time":5556,"init_cwnd_mss":0,"init_cwnd_bytes":32750},{"time":5470,"init_cwnd_mss":0,"init_cwnd_bytes":32750},{"time":5718,"init_cwnd_mss":0,"init_cwnd_bytes":32750},{"time":5688,"init_cwnd_mss":0,"init_cwnd_bytes":32750},{"time":5892,"init_cwnd_mss":0,"init_cwnd_bytes":32750},{"time":5655,"init_cwnd_mss":0,"init_cwnd_bytes":32750},{"time":5731,"init_cwnd_mss":0,"init_cwnd_bytes":32750},{"time":5886,"init_cwnd_mss":0,"init_cwnd_bytes":32750},{"time":5214,"init_cwnd_mss":0,"init_cwnd_bytes":16375},{"time":5447,"init_cwnd_mss":0,"init_cwnd_bytes":32750},{"time":5182,"init_cwnd_mss":0,"init_cwnd_bytes":32750},{"time":5429,"init_cwnd_mss":0,"init_cwnd_bytes":32750},{"time":5718,"init_cwnd_mss":0,"init_cwnd_bytes":32750},{"time":5915,"init_cwnd_mss":0,"init_cwnd_bytes":32750},{"time":5503,"init_cwnd_mss":0,"init_cwnd_bytes":32750},{"time":5671,"init_cwnd_mss":0,"init_cwnd_bytes":32750},{"time":5689,"init_cwnd_mss":0,"init_cwnd_bytes":32750},{"time":6068,"init_cwnd_mss":0,"init_cwnd_bytes":32750},{"time":5389,"init_cwnd_mss":0,"init_cwnd_bytes":32750},{"time":5556,"init_cwnd_mss":0,"init_cwnd_bytes":32750},{"time":5457,"init_cwnd_mss":0,"init_cwnd_bytes":32750}]