[{"time":4168,"init_cwnd_mss":0,"init_cwnd_bytes":113865},{"time":4096,"init_cwnd_mss":0,"init_cwnd_bytes":15913},{"time":3798,"init_cwnd_mss":0,"init_cwnd_bytes":113859},{"time":4457,"init_cwnd_mss":0,"init_cwnd_bytes":48310},{"time":4131,"init_cwnd_mss":0,"init_cwnd_bytes":19938},{"time":4435,"init_cwnd_mss":0,"init_cwnd_bytes":15913},{"time":3755,"init_cwnd_mss":0,"init_cwnd_bytes":97495},{"time":4211,"init_cwnd_mss":0,"init_cwnd_bytes":31957},{"time":3966,"init_cwnd_mss":0,"init_cwnd_bytes":70805},{"time":4064,"init_cwnd_mss":0,"init_cwnd_bytes":97493},{"time":4082,"init_cwnd_mss":0,"init_cwnd_bytes":261333},{"time":4025,"init_cwnd_mss":0,"init_cwnd_bytes":113862},{"time":3901,"init_cwnd_mss":0,"init_cwnd_bytes":2112},{"time":4053,"init_cwnd_mss":0,"init_cwnd_bytes":621781},{"time":3957,"init_cwnd_mss":0,"init_cwnd_bytes":97493},{"time":4018,"init_cwnd_mss":0,"init_cwnd_bytes":31959},{"time":4031,"init_cwnd_mss":0,"init_cwnd_bytes":113861},{"time":4102,"init_cwnd_mss":0,"init_cwnd_bytes":34880},{"time":4128,"init_cwnd_mss":0,"init_cwnd_bytes":101876},{"time":3927,"init_cwnd_mss":0,"init_cwnd_bytes":97495},{"time":4186,"init_cwnd_mss":0,"init_cwnd_bytes":84013},{"time":4030,"init_cwnd_mss":0,"init_cwnd_bytes":113861},{"time":4195,"init_cwnd_mss":0,"init_cwnd_bytes":48325},{"time":4118,"init_cwnd_mss":0,"init_cwnd_bytes":69108},{"time":3869,"init_cwnd_mss":0,"init_cwnd_bytes":130264},{"time":4064,"init_cwnd_mss":0,"init_cwnd_bytes":48323},{"time":3823,"init_cwnd_mss":0,"init_cwnd_bytes":113859},{"time":4013,"init_cwnd_mss":0,"init_cwnd_bytes":113861},{"time":4107,"init_cwnd_mss":0,"init_cwnd_bytes":113861},{"time":3942,"init_cwnd_mss":0,"init_cwnd_bytes":113862},{"time":3943,"init_cwnd_mss":0,"init_cwnd_bytes":69108},{"time":4159,"init_cwnd_mss":0,"init_cwnd_bytes":130263},{"time":4237,"init_cwnd_mss":0,"init_cwnd_bytes":113861},{"time":4154,"init_cwnd_mss":0,"init_cwnd_bytes":97493},{"time":4025,"init_cwnd_mss":0,"init_cwnd_bytes":113859},{"time":4069,"init_cwnd_mss":0,"init_cwnd_bytes":97495},{"time":3887,"init_cwnd_mss":0,"init_cwnd_bytes":97495},{"time":4064,"init_cwnd_mss":0,"init_cwnd_bytes":130261},{"time":4187,"init_cwnd_mss":0,"init_cwnd_bytes":97493},{"time":4004,"init_cwnd_mss":0,"init_cwnd_bytes":15915}]