[{"time":1018,"init_cwnd_mss":17,"init_cwnd_bytes":23900},{"time":950,"init_cwnd_mss":18,"init_cwnd_bytes":25308},{"time":1086,"init_cwnd_mss":47,"init_cwnd_bytes":64442},{"time":1243,"init_cwnd_mss":18,"init_cwnd_bytes":25108},{"time":2189,"init_cwnd_mss":17,"init_cwnd_bytes":23753},{"time":6721,"init_cwnd_mss":12,"init_cwnd_bytes":16872},{"time":1250,"init_cwnd_mss":16,"init_cwnd_bytes":22496},{"time":2064,"init_cwnd_mss":16,"init_cwnd_bytes":22496},{"time":3144,"init_cwnd_mss":834,"init_cwnd_bytes":935769},{"time":3217,"init_cwnd_mss":17,"init_cwnd_bytes":23902},{"time":3403,"init_cwnd_mss":17,"init_cwnd_bytes":23902},{"time":3310,"init_cwnd_mss":17,"init_cwnd_bytes":22557},{"time":3199,"init_cwnd_mss":18,"init_cwnd_bytes":25261},{"time":3232,"init_cwnd_mss":17,"init_cwnd_bytes":23902},{"time":3346,"init_cwnd_mss":16,"init_cwnd_bytes":22496},{"time":3229,"init_cwnd_mss":14,"init_cwnd_bytes":19696},{"time":4655,"init_cwnd_mss":11,"init_cwnd_bytes":15466},{"time":2089,"init_cwnd_mss":16,"init_cwnd_bytes":22496},{"time":3420,"init_cwnd_mss":15,"init_cwnd_bytes":19829},{"time":3320,"init_cwnd_mss":18,"init_cwnd_bytes":24123},{"time":3344,"init_cwnd_mss":17,"init_cwnd_bytes":23902},{"time":3584,"init_cwnd_mss":16,"init_cwnd_bytes":22496},{"time":3253,"init_cwnd_mss":16,"init_cwnd_bytes":22496},{"time":3220,"init_cwnd_mss":17,"init_cwnd_bytes":23902},{"time":3475,"init_cwnd_mss":15,"init_cwnd_bytes":21090},{"time":3148,"init_cwnd_mss":13,"init_cwnd_bytes":18278},{"time":3266,"init_cwnd_mss":17,"init_cwnd_bytes":23902},{"time":1093,"init_cwnd_mss":17,"init_cwnd_bytes":23902},{"time":1058,"init_cwnd_mss":18,"init_cwnd_bytes":25308},{"time":979,"init_cwnd_mss":17,"init_cwnd_bytes":23902},{"time":1563,"init_cwnd_mss":17,"init_cwnd_bytes":23699},{"time":3476,"init_cwnd_mss":17,"init_cwnd_bytes":23902},{"time":3213,"init_cwnd_mss":17,"init_cwnd_bytes":23902},{"time":3397,"init_cwnd_mss":19,"init_cwnd_bytes":26714},{"time":3272,"init_cwnd_mss":14,"init_cwnd_bytes":19684},{"time":3433,"init_cwnd_mss":18,"init_cwnd_bytes":25308},{"time":3215,"init_cwnd_mss":16,"init_cwnd_bytes":22496},{"time":3326,"init_cwnd_mss":18,"init_cwnd_bytes":23904},{"time":3289,"init_cwnd_mss":15,"init_cwnd_bytes":21090},{"time":3446,"init_cwnd_mss":17,"init_cwnd_bytes":23902}]