[{"time":1870,"init_cwnd_mss":70,"init_cwnd_bytes":85899},{"time":1777,"init_cwnd_mss":75,"init_cwnd_bytes":92014},{"time":1797,"init_cwnd_mss":70,"init_cwnd_bytes":85934},{"time":1550,"init_cwnd_mss":44,"init_cwnd_bytes":54010},{"time":1776,"init_cwnd_mss":69,"init_cwnd_bytes":84683},{"time":1545,"init_cwnd_mss":41,"init_cwnd_bytes":50326},{"time":1760,"init_cwnd_mss":75,"init_cwnd_bytes":92063},{"time":1795,"init_cwnd_mss":76,"init_cwnd_bytes":93683},{"time":1828,"init_cwnd_mss":74,"init_cwnd_bytes":90845},{"time":1612,"init_cwnd_mss":37,"init_cwnd_bytes":45407},{"time":1899,"init_cwnd_mss":75,"init_cwnd_bytes":92257},{"time":1886,"init_cwnd_mss":72,"init_cwnd_bytes":88391},{"time":1944,"init_cwnd_mss":74,"init_cwnd_bytes":90845},{"time":1867,"init_cwnd_mss":74,"init_cwnd_bytes":90807},{"time":1909,"init_cwnd_mss":69,"init_cwnd_bytes":84719},{"time":1840,"init_cwnd_mss":75,"init_cwnd_bytes":92063},{"time":1873,"init_cwnd_mss":69,"init_cwnd_bytes":84709},{"time":1813,"init_cwnd_mss":77,"init_cwnd_bytes":94476},{"time":1763,"init_cwnd_mss":75,"init_cwnd_bytes":92025},{"time":1802,"init_cwnd_mss":76,"init_cwnd_bytes":93683},{"time":1826,"init_cwnd_mss":70,"init_cwnd_bytes":85937},{"time":1886,"init_cwnd_mss":73,"init_cwnd_bytes":89618},{"time":1905,"init_cwnd_mss":76,"init_cwnd_bytes":94077},{"time":2027,"init_cwnd_mss":70,"init_cwnd_bytes":85935},{"time":1852,"init_cwnd_mss":78,"init_cwnd_bytes":95741},{"time":1750,"init_cwnd_mss":75,"init_cwnd_bytes":92025},{"time":1885,"init_cwnd_mss":74,"init_cwnd_bytes":91030},{"time":1754,"init_cwnd_mss":75,"init_cwnd_bytes":92025},{"time":1799,"init_cwnd_mss":74,"init_cwnd_bytes":90843},{"time":1758,"init_cwnd_mss":75,"init_cwnd_bytes":92024},{"time":2908,"init_cwnd_mss":40,"init_cwnd_bytes":49137},{"time":1537,"init_cwnd_mss":41,"init_cwnd_bytes":50326},{"time":1798,"init_cwnd_mss":73,"init_cwnd_bytes":89616},{"time":1855,"init_cwnd_mss":40,"init_cwnd_bytes":49112},{"time":1848,"init_cwnd_mss":75,"init_cwnd_bytes":92070},{"time":1887,"init_cwnd_mss":73,"init_cwnd_bytes":89618},{"time":1872,"init_cwnd_mss":70,"init_cwnd_bytes":85935},{"time":1890,"init_cwnd_mss":70,"init_cwnd_bytes":85946},{"time":1868,"init_cwnd_mss":74,"init_cwnd_bytes":90842},{"time":1837,"init_cwnd_mss":70,"init_cwnd_bytes":85910}]