[{"time":2360,"init_cwnd_mss":0,"init_cwnd_bytes":32750},{"time":2440,"init_cwnd_mss":0,"init_cwnd_bytes":32750},{"time":2380,"init_cwnd_mss":0,"init_cwnd_bytes":32750},{"time":2226,"init_cwnd_mss":0,"init_cwnd_bytes":32750},{"time":2500,"init_cwnd_mss":0,"init_cwnd_bytes":32750},{"time":2242,"init_cwnd_mss":0,"init_cwnd_bytes":32750},{"time":2319,"init_cwnd_mss":0,"init_cwnd_bytes":32750},{"time":2431,"init_cwnd_mss":0,"init_cwnd_bytes":32750},{"time":2486,"init_cwnd_mss":0,"init_cwnd_bytes":32750},{"time":2376,"init_cwnd_mss":0,"init_cwnd_bytes":32750},{"time":2452,"init_cwnd_mss":0,"init_cwnd_bytes":32750},{"time":2241,"init_cwnd_mss":0,"init_cwnd_bytes":32750},{"time":2289,"init_cwnd_mss":0,"init_cwnd_bytes":32750},{"time":2233,"init_cwnd_mss":0,"init_cwnd_bytes":32750},{"time":2325,"init_cwnd_mss":0,"init_cwnd_bytes":32750},{"time":2416,"init_cwnd_mss":0,"init_cwnd_bytes":0},{"time":2466,"init_cwnd_mss":0,"init_cwnd_bytes":32750},{"time":2399,"init_cwnd_mss":0,"init_cwnd_bytes":32750},{"time":2413,"init_cwnd_mss":0,"init_cwnd_bytes":32750},{"time":2273,"init_cwnd_mss":0,"init_cwnd_bytes":32750},{"time":-19375500,"init_cwnd_mss":0,"init_cwnd_bytes":32750},{"time":2376,"init_cwnd_mss":0,"init_cwnd_bytes":32750},{"time":2463,"init_cwnd_mss":0,"init_cwnd_bytes":32750},{"time":2247,"init_cwnd_mss":0,"init_cwnd_bytes":32750},{"time":2326,"init_cwnd_mss":0,"init_cwnd_bytes":32750},{"time":2293,"init_cwnd_mss":0,"init_cwnd_bytes":32750},{"time":2338,"init_cwnd_mss":0,"init_cwnd_bytes":32750},{"time":2394,"init_cwnd_mss":0,"init_cwnd_bytes":32750},{"time":2451,"init_cwnd_mss":0,"init_cwnd_bytes":32750},{"time":2343,"init_cwnd_mss":0,"init_cwnd_bytes":32750},{"time":2710,"init_cwnd_mss":0,"init_cwnd_bytes":16375},{"time":2537,"init_cwnd_mss":0,"init_cwnd_bytes":32750},{"time":2595,"init_cwnd_mss":0,"init_cwnd_bytes":32750},{"time":2651,"init_cwnd_mss":0,"init_cwnd_bytes":32750},{"time":2820,"init_cwnd_mss":0,"init_cwnd_bytes":32750},{"time":2689,"init_cwnd_mss":0,"init_cwnd_bytes":32750},{"time":2794,"init_cwnd_mss":0,"init_cwnd_bytes":32750},{"time":2521,"init_cwnd_mss":0,"init_cwnd_bytes":32750},{"time":2661,"init_cwnd_mss":0,"init_cwnd_bytes":32750},{"time":2703,"init_cwnd_mss":0,"init_cwnd_bytes":32750}]