[{"time":564,"init_cwnd_mss":18,"init_cwnd_bytes":23761},{"time":547,"init_cwnd_mss":20,"init_cwnd_bytes":26928},{"time":571,"init_cwnd_mss":20,"init_cwnd_bytes":27966},{"time":545,"init_cwnd_mss":17,"init_cwnd_bytes":22501},{"time":528,"init_cwnd_mss":17,"init_cwnd_bytes":23800},{"time":552,"init_cwnd_mss":17,"init_cwnd_bytes":23696},{"time":526,"init_cwnd_mss":16,"init_cwnd_bytes":22504},{"time":555,"init_cwnd_mss":17,"init_cwnd_bytes":23902},{"time":518,"init_cwnd_mss":17,"init_cwnd_bytes":23697},{"time":541,"init_cwnd_mss":17,"init_cwnd_bytes":23900},{"time":523,"init_cwnd_mss":16,"init_cwnd_bytes":22291},{"time":530,"init_cwnd_mss":16,"init_cwnd_bytes":22394},{"time":530,"init_cwnd_mss":17,"init_cwnd_bytes":23902},{"time":563,"init_cwnd_mss":18,"init_cwnd_bytes":25103},{"time":559,"init_cwnd_mss":17,"init_cwnd_bytes":23902},{"time":623,"init_cwnd_mss":28,"init_cwnd_bytes":37944},{"time":674,"init_cwnd_mss":15,"init_cwnd_bytes":21090},{"time":516,"init_cwnd_mss":17,"init_cwnd_bytes":23749},{"time":525,"init_cwnd_mss":18,"init_cwnd_bytes":24012},{"time":519,"init_cwnd_mss":17,"init_cwnd_bytes":23749},{"time":533,"init_cwnd_mss":17,"init_cwnd_bytes":23902},{"time":534,"init_cwnd_mss":17,"init_cwnd_bytes":23902},{"time":574,"init_cwnd_mss":16,"init_cwnd_bytes":22496},{"time":555,"init_cwnd_mss":17,"init_cwnd_bytes":23902},{"time":537,"init_cwnd_mss":17,"init_cwnd_bytes":23697},{"time":589,"init_cwnd_mss":16,"init_cwnd_bytes":22291},{"time":620,"init_cwnd_mss":18,"init_cwnd_bytes":25308},{"time":554,"init_cwnd_mss":17,"init_cwnd_bytes":23902},{"time":511,"init_cwnd_mss":20,"init_cwnd_bytes":27915},{"time":574,"init_cwnd_mss":17,"init_cwnd_bytes":23855},{"time":586,"init_cwnd_mss":32,"init_cwnd_bytes":43467},{"time":514,"init_cwnd_mss":19,"init_cwnd_bytes":26542},{"time":536,"init_cwnd_mss":18,"init_cwnd_bytes":25308},{"time":600,"init_cwnd_mss":16,"init_cwnd_bytes":22496},{"time":615,"init_cwnd_mss":20,"init_cwnd_bytes":27948},{"time":531,"init_cwnd_mss":18,"init_cwnd_bytes":23703},{"time":584,"init_cwnd_mss":18,"init_cwnd_bytes":24174},{"time":758,"init_cwnd_mss":22,"init_cwnd_bytes":30932},{"time":566,"init_cwnd_mss":17,"init_cwnd_bytes":22500},{"time":518,"init_cwnd_mss":17,"init_cwnd_bytes":23902}]