[{"time":762,"init_cwnd_mss":0,"init_cwnd_bytes":33579},{"time":781,"init_cwnd_mss":0,"init_cwnd_bytes":48316},{"time":1057,"init_cwnd_mss":0,"init_cwnd_bytes":81084},{"time":1234,"init_cwnd_mss":0,"init_cwnd_bytes":37790},{"time":753,"init_cwnd_mss":0,"init_cwnd_bytes":19928},{"time":904,"init_cwnd_mss":0,"init_cwnd_bytes":64717},{"time":767,"init_cwnd_mss":0,"init_cwnd_bytes":36330},{"time":757,"init_cwnd_mss":0,"init_cwnd_bytes":33410},{"time":839,"init_cwnd_mss":0,"init_cwnd_bytes":48315},{"time":787,"init_cwnd_mss":0,"init_cwnd_bytes":24307},{"time":767,"init_cwnd_mss":0,"init_cwnd_bytes":48316},{"time":710,"init_cwnd_mss":0,"init_cwnd_bytes":48316},{"time":763,"init_cwnd_mss":0,"init_cwnd_bytes":48334},{"time":832,"init_cwnd_mss":0,"init_cwnd_bytes":27228},{"time":735,"init_cwnd_mss":0,"init_cwnd_bytes":81084},{"time":743,"init_cwnd_mss":0,"init_cwnd_bytes":48316},{"time":838,"init_cwnd_mss":0,"init_cwnd_bytes":64718},{"time":786,"init_cwnd_mss":0,"init_cwnd_bytes":21388},{"time":790,"init_cwnd_mss":0,"init_cwnd_bytes":62916},{"time":740,"init_cwnd_mss":0,"init_cwnd_bytes":48316},{"time":904,"init_cwnd_mss":0,"init_cwnd_bytes":33086},{"time":1162,"init_cwnd_mss":0,"init_cwnd_bytes":32762},{"time":771,"init_cwnd_mss":0,"init_cwnd_bytes":21388},{"time":861,"init_cwnd_mss":0,"init_cwnd_bytes":2102},{"time":767,"init_cwnd_mss":0,"init_cwnd_bytes":48316},{"time":786,"init_cwnd_mss":0,"init_cwnd_bytes":64718},{"time":841,"init_cwnd_mss":0,"init_cwnd_bytes":56499},{"time":730,"init_cwnd_mss":0,"init_cwnd_bytes":48316},{"time":731,"init_cwnd_mss":0,"init_cwnd_bytes":48316},{"time":687,"init_cwnd_mss":0,"init_cwnd_bytes":64718},{"time":1229,"init_cwnd_mss":0,"init_cwnd_bytes":48316},{"time":1210,"init_cwnd_mss":0,"init_cwnd_bytes":2083},{"time":789,"init_cwnd_mss":0,"init_cwnd_bytes":81084},{"time":771,"init_cwnd_mss":0,"init_cwnd_bytes":48316},{"time":756,"init_cwnd_mss":0,"init_cwnd_bytes":31950},{"time":1275,"init_cwnd_mss":0,"init_cwnd_bytes":64718},{"time":1087,"init_cwnd_mss":0,"init_cwnd_bytes":18468},{"time":768,"init_cwnd_mss":0,"init_cwnd_bytes":34834},{"time":747,"init_cwnd_mss":0,"init_cwnd_bytes":64718},{"time":790,"init_cwnd_mss":0,"init_cwnd_bytes":81084}]