[{"time":3095,"init_cwnd_mss":74,"init_cwnd_bytes":90843},{"time":3111,"init_cwnd_mss":74,"init_cwnd_bytes":90845},{"time":3007,"init_cwnd_mss":40,"init_cwnd_bytes":49130},{"time":3101,"init_cwnd_mss":73,"init_cwnd_bytes":89618},{"time":3308,"init_cwnd_mss":74,"init_cwnd_bytes":90806},{"time":3223,"init_cwnd_mss":74,"init_cwnd_bytes":90843},{"time":3168,"init_cwnd_mss":74,"init_cwnd_bytes":90796},{"time":3259,"init_cwnd_mss":70,"init_cwnd_bytes":85948},{"time":2806,"init_cwnd_mss":37,"init_cwnd_bytes":45414},{"time":3194,"init_cwnd_mss":70,"init_cwnd_bytes":85946},{"time":3298,"init_cwnd_mss":70,"init_cwnd_bytes":85948},{"time":3253,"init_cwnd_mss":75,"init_cwnd_bytes":92257},{"time":2873,"init_cwnd_mss":39,"init_cwnd_bytes":47877},{"time":3139,"init_cwnd_mss":74,"init_cwnd_bytes":90900},{"time":3071,"init_cwnd_mss":74,"init_cwnd_bytes":90845},{"time":3149,"init_cwnd_mss":75,"init_cwnd_bytes":92256},{"time":3187,"init_cwnd_mss":75,"init_cwnd_bytes":92059},{"time":3189,"init_cwnd_mss":78,"init_cwnd_bytes":96539},{"time":3298,"init_cwnd_mss":70,"init_cwnd_bytes":85935},{"time":3160,"init_cwnd_mss":70,"init_cwnd_bytes":85946},{"time":3420,"init_cwnd_mss":70,"init_cwnd_bytes":85935},{"time":3247,"init_cwnd_mss":74,"init_cwnd_bytes":91030},{"time":3270,"init_cwnd_mss":77,"init_cwnd_bytes":95304},{"time":3227,"init_cwnd_mss":70,"init_cwnd_bytes":85937},{"time":3143,"init_cwnd_mss":73,"init_cwnd_bytes":89618},{"time":2740,"init_cwnd_mss":40,"init_cwnd_bytes":49130},{"time":3129,"init_cwnd_mss":71,"init_cwnd_bytes":87164},{"time":3101,"init_cwnd_mss":74,"init_cwnd_bytes":90843},{"time":3209,"init_cwnd_mss":70,"init_cwnd_bytes":85937},{"time":3206,"init_cwnd_mss":75,"init_cwnd_bytes":92454},{"time":3211,"init_cwnd_mss":72,"init_cwnd_bytes":88391},{"time":3233,"init_cwnd_mss":56,"init_cwnd_bytes":68781},{"time":3207,"init_cwnd_mss":74,"init_cwnd_bytes":91030},{"time":2834,"init_cwnd_mss":37,"init_cwnd_bytes":45446},{"time":3171,"init_cwnd_mss":74,"init_cwnd_bytes":90856},{"time":3206,"init_cwnd_mss":74,"init_cwnd_bytes":90843},{"time":3152,"init_cwnd_mss":75,"init_cwnd_bytes":92013},{"time":3219,"init_cwnd_mss":72,"init_cwnd_bytes":88391},{"time":3134,"init_cwnd_mss":71,"init_cwnd_bytes":87162},{"time":3108,"init_cwnd_mss":74,"init_cwnd_bytes":90807}]