[{"time":7284,"init_cwnd_mss":0,"init_cwnd_bytes":16375},{"time":5950,"init_cwnd_mss":0,"init_cwnd_bytes":32750},{"time":5772,"init_cwnd_mss":0,"init_cwnd_bytes":32750},{"time":6621,"init_cwnd_mss":0,"init_cwnd_bytes":32750},{"time":6254,"init_cwnd_mss":0,"init_cwnd_bytes":32750},{"time":6263,"init_cwnd_mss":0,"init_cwnd_bytes":32750},{"time":5659,"init_cwnd_mss":0,"init_cwnd_bytes":32750},{"time":6875,"init_cwnd_mss":0,"init_cwnd_bytes":32750},{"time":6466,"init_cwnd_mss":0,"init_cwnd_bytes":32750},{"time":5950,"init_cwnd_mss":0,"init_cwnd_bytes":32750},{"time":7447,"init_cwnd_mss":0,"init_cwnd_bytes":32750},{"time":7641,"init_cwnd_mss":0,"init_cwnd_bytes":32750},{"time":7062,"init_cwnd_mss":0,"init_cwnd_bytes":32750},{"time":7649,"init_cwnd_mss":0,"init_cwnd_bytes":32750},{"time":6643,"init_cwnd_mss":0,"init_cwnd_bytes":32750},{"time":6882,"init_cwnd_mss":0,"init_cwnd_bytes":32750},{"time":6521,"init_cwnd_mss":0,"init_cwnd_bytes":32750},{"time":6831,"init_cwnd_mss":0,"init_cwnd_bytes":32750},{"time":7348,"init_cwnd_mss":0,"init_cwnd_bytes":32750},{"time":7522,"init_cwnd_mss":0,"init_cwnd_bytes":32750},{"time":7564,"init_cwnd_mss":0,"init_cwnd_bytes":32750},{"time":8863,"init_cwnd_mss":0,"init_cwnd_bytes":32750},{"time":6820,"init_cwnd_mss":0,"init_cwnd_bytes":32750},{"time":5948,"init_cwnd_mss":0,"init_cwnd_bytes":32750},{"time":7135,"init_cwnd_mss":0,"init_cwnd_bytes":32750},{"time":7106,"init_cwnd_mss":0,"init_cwnd_bytes":32750},{"time":5601,"init_cwnd_mss":0,"init_cwnd_bytes":32750},{"time":5337,"init_cwnd_mss":0,"init_cwnd_bytes":32750},{"time":6253,"init_cwnd_mss":0,"init_cwnd_bytes":32750},{"time":5783,"init_cwnd_mss":0,"init_cwnd_bytes":32750},{"time":10849,"init_cwnd_mss":0,"init_cwnd_bytes":32750},{"time":7978,"init_cwnd_mss":0,"init_cwnd_bytes":32750},{"time":6772,"init_cwnd_mss":0,"init_cwnd_bytes":32750},{"time":7827,"init_cwnd_mss":0,"init_cwnd_bytes":32750},{"time":7748,"init_cwnd_mss":0,"init_cwnd_bytes":32750},{"time":8663,"init_cwnd_mss":0,"init_cwnd_bytes":32750},{"time":8257,"init_cwnd_mss":0,"init_cwnd_bytes":32750},{"time":9669,"init_cwnd_mss":0,"init_cwnd_bytes":32750},{"time":8903,"init_cwnd_mss":0,"init_cwnd_bytes":32750},{"time":8112,"init_cwnd_mss":0,"init_cwnd_bytes":32750}]