[{"time":7811,"init_cwnd_mss":0,"init_cwnd_bytes":32750},{"time":6460,"init_cwnd_mss":0,"init_cwnd_bytes":32750},{"time":6256,"init_cwnd_mss":0,"init_cwnd_bytes":32750},{"time":5163,"init_cwnd_mss":0,"init_cwnd_bytes":32750},{"time":5358,"init_cwnd_mss":0,"init_cwnd_bytes":32750},{"time":5336,"init_cwnd_mss":0,"init_cwnd_bytes":32750},{"time":6162,"init_cwnd_mss":0,"init_cwnd_bytes":32750},{"time":5822,"init_cwnd_mss":0,"init_cwnd_bytes":32750},{"time":5476,"init_cwnd_mss":0,"init_cwnd_bytes":32750},{"time":5770,"init_cwnd_mss":0,"init_cwnd_bytes":32750},{"time":5274,"init_cwnd_mss":0,"init_cwnd_bytes":32750},{"time":4870,"init_cwnd_mss":0,"init_cwnd_bytes":32750},{"time":-19589515,"init_cwnd_mss":0,"init_cwnd_bytes":32750},{"time":5272,"init_cwnd_mss":0,"init_cwnd_bytes":32750},{"time":5108,"init_cwnd_mss":0,"init_cwnd_bytes":32750},{"time":5145,"init_cwnd_mss":0,"init_cwnd_bytes":32750},{"time":5169,"init_cwnd_mss":0,"init_cwnd_bytes":32750},{"time":5194,"init_cwnd_mss":0,"init_cwnd_bytes":32750},{"time":5333,"init_cwnd_mss":0,"init_cwnd_bytes":32750},{"time":4952,"init_cwnd_mss":0,"init_cwnd_bytes":32750},{"time":4939,"init_cwnd_mss":0,"init_cwnd_bytes":32750},{"time":5930,"init_cwnd_mss":0,"init_cwnd_bytes":32750},{"time":6186,"init_cwnd_mss":0,"init_cwnd_bytes":32750},{"time":7186,"init_cwnd_mss":0,"init_cwnd_bytes":32750},{"time":5482,"init_cwnd_mss":0,"init_cwnd_bytes":32750},{"time":5569,"init_cwnd_mss":0,"init_cwnd_bytes":32750},{"time":5790,"init_cwnd_mss":0,"init_cwnd_bytes":32750},{"time":5195,"init_cwnd_mss":0,"init_cwnd_bytes":32750},{"time":5760,"init_cwnd_mss":0,"init_cwnd_bytes":32750},{"time":5906,"init_cwnd_mss":0,"init_cwnd_bytes":32750},{"time":5476,"init_cwnd_mss":0,"init_cwnd_bytes":32750},{"time":5363,"init_cwnd_mss":0,"init_cwnd_bytes":32750},{"time":6802,"init_cwnd_mss":0,"init_cwnd_bytes":32750},{"time":6769,"init_cwnd_mss":0,"init_cwnd_bytes":32750},{"time":5128,"init_cwnd_mss":0,"init_cwnd_bytes":32750},{"time":5201,"init_cwnd_mss":0,"init_cwnd_bytes":32750},{"time":5251,"init_cwnd_mss":0,"init_cwnd_bytes":32750},{"time":4798,"init_cwnd_mss":0,"init_cwnd_bytes":32750},{"time":4945,"init_cwnd_mss":0,"init_cwnd_bytes":32750},{"time":4879,"init_cwnd_mss":0,"init_cwnd_bytes":32750}]