[{"time":2865,"init_cwnd_mss":76,"init_cwnd_bytes":93738},{"time":2761,"init_cwnd_mss":72,"init_cwnd_bytes":88400},{"time":2826,"init_cwnd_mss":74,"init_cwnd_bytes":90807},{"time":2769,"init_cwnd_mss":75,"init_cwnd_bytes":92061},{"time":2787,"init_cwnd_mss":74,"init_cwnd_bytes":90845},{"time":2713,"init_cwnd_mss":61,"init_cwnd_bytes":74901},{"time":3207,"init_cwnd_mss":69,"init_cwnd_bytes":84719},{"time":2943,"init_cwnd_mss":72,"init_cwnd_bytes":88391},{"time":2777,"init_cwnd_mss":71,"init_cwnd_bytes":87117},{"time":2640,"init_cwnd_mss":39,"init_cwnd_bytes":47877},{"time":2940,"init_cwnd_mss":35,"init_cwnd_bytes":43006},{"time":2910,"init_cwnd_mss":76,"init_cwnd_bytes":93683},{"time":2923,"init_cwnd_mss":66,"init_cwnd_bytes":81029},{"time":2439,"init_cwnd_mss":40,"init_cwnd_bytes":49105},{"time":2493,"init_cwnd_mss":41,"init_cwnd_bytes":50326},{"time":2447,"init_cwnd_mss":40,"init_cwnd_bytes":49105},{"time":2809,"init_cwnd_mss":74,"init_cwnd_bytes":90796},{"time":2928,"init_cwnd_mss":74,"init_cwnd_bytes":90842},{"time":2966,"init_cwnd_mss":74,"init_cwnd_bytes":90845},{"time":2905,"init_cwnd_mss":74,"init_cwnd_bytes":91229},{"time":2914,"init_cwnd_mss":75,"init_cwnd_bytes":92456},{"time":2889,"init_cwnd_mss":73,"init_cwnd_bytes":89620},{"time":2855,"init_cwnd_mss":71,"init_cwnd_bytes":87117},{"time":2878,"init_cwnd_mss":73,"init_cwnd_bytes":89618},{"time":2846,"init_cwnd_mss":73,"init_cwnd_bytes":89805},{"time":2789,"init_cwnd_mss":70,"init_cwnd_bytes":85937},{"time":2800,"init_cwnd_mss":70,"init_cwnd_bytes":85935},{"time":2740,"init_cwnd_mss":74,"init_cwnd_bytes":90807},{"time":2413,"init_cwnd_mss":40,"init_cwnd_bytes":49130},{"time":2805,"init_cwnd_mss":70,"init_cwnd_bytes":85935},{"time":2749,"init_cwnd_mss":75,"init_cwnd_bytes":92070},{"time":3056,"init_cwnd_mss":62,"init_cwnd_bytes":76116},{"time":2718,"init_cwnd_mss":74,"init_cwnd_bytes":90807},{"time":2917,"init_cwnd_mss":74,"init_cwnd_bytes":90843},{"time":2861,"init_cwnd_mss":74,"init_cwnd_bytes":90856},{"time":2983,"init_cwnd_mss":76,"init_cwnd_bytes":93683},{"time":2836,"init_cwnd_mss":75,"init_cwnd_bytes":92024},{"time":2845,"init_cwnd_mss":74,"init_cwnd_bytes":90818},{"time":2860,"init_cwnd_mss":75,"init_cwnd_bytes":92034},{"time":2877,"init_cwnd_mss":45,"init_cwnd_bytes":55219}]