[{"time":3752,"init_cwnd_mss":0,"init_cwnd_bytes":113861},{"time":4029,"init_cwnd_mss":0,"init_cwnd_bytes":36330},{"time":4038,"init_cwnd_mss":0,"init_cwnd_bytes":97486},{"time":4019,"init_cwnd_mss":0,"init_cwnd_bytes":81084},{"time":4071,"init_cwnd_mss":0,"init_cwnd_bytes":80130},{"time":4154,"init_cwnd_mss":0,"init_cwnd_bytes":36330},{"time":4024,"init_cwnd_mss":0,"init_cwnd_bytes":97486},{"time":4023,"init_cwnd_mss":0,"init_cwnd_bytes":95377},{"time":4011,"init_cwnd_mss":0,"init_cwnd_bytes":92116},{"time":4046,"init_cwnd_mss":0,"init_cwnd_bytes":36330},{"time":4031,"init_cwnd_mss":0,"init_cwnd_bytes":40710},{"time":4043,"init_cwnd_mss":0,"init_cwnd_bytes":36330},{"time":4029,"init_cwnd_mss":0,"init_cwnd_bytes":81084},{"time":4030,"init_cwnd_mss":0,"init_cwnd_bytes":81084},{"time":4021,"init_cwnd_mss":0,"init_cwnd_bytes":81084},{"time":4013,"init_cwnd_mss":0,"init_cwnd_bytes":81084},{"time":4016,"init_cwnd_mss":0,"init_cwnd_bytes":34870},{"time":4084,"init_cwnd_mss":0,"init_cwnd_bytes":42982},{"time":4007,"init_cwnd_mss":0,"init_cwnd_bytes":34870},{"time":4036,"init_cwnd_mss":0,"init_cwnd_bytes":33410},{"time":4016,"init_cwnd_mss":0,"init_cwnd_bytes":97486},{"time":4027,"init_cwnd_mss":0,"init_cwnd_bytes":81084},{"time":4009,"init_cwnd_mss":0,"init_cwnd_bytes":34870},{"time":4057,"init_cwnd_mss":0,"init_cwnd_bytes":81084},{"time":4011,"init_cwnd_mss":0,"init_cwnd_bytes":37790},{"time":4086,"init_cwnd_mss":0,"init_cwnd_bytes":39248},{"time":4003,"init_cwnd_mss":0,"init_cwnd_bytes":36311},{"time":4037,"init_cwnd_mss":0,"init_cwnd_bytes":81084},{"time":4038,"init_cwnd_mss":0,"init_cwnd_bytes":34870},{"time":4019,"init_cwnd_mss":0,"init_cwnd_bytes":81084},{"time":4035,"init_cwnd_mss":0,"init_cwnd_bytes":81084},{"time":4039,"init_cwnd_mss":0,"init_cwnd_bytes":81083},{"time":4082,"init_cwnd_mss":0,"init_cwnd_bytes":81084},{"time":4042,"init_cwnd_mss":0,"init_cwnd_bytes":85157},{"time":4032,"init_cwnd_mss":0,"init_cwnd_bytes":81088},{"time":4079,"init_cwnd_mss":0,"init_cwnd_bytes":81084},{"time":4030,"init_cwnd_mss":0,"init_cwnd_bytes":81084},{"time":4046,"init_cwnd_mss":0,"init_cwnd_bytes":81084},{"time":4108,"init_cwnd_mss":0,"init_cwnd_bytes":81084},{"time":3998,"init_cwnd_mss":0,"init_cwnd_bytes":34870}]