[{"time":1470,"init_cwnd_mss":18,"init_cwnd_bytes":25308},{"time":1440,"init_cwnd_mss":16,"init_cwnd_bytes":22289},{"time":1483,"init_cwnd_mss":16,"init_cwnd_bytes":22496},{"time":1331,"init_cwnd_mss":17,"init_cwnd_bytes":23728},{"time":1565,"init_cwnd_mss":17,"init_cwnd_bytes":22500},{"time":2103,"init_cwnd_mss":17,"init_cwnd_bytes":23902},{"time":1497,"init_cwnd_mss":17,"init_cwnd_bytes":23902},{"time":1443,"init_cwnd_mss":17,"init_cwnd_bytes":22499},{"time":2049,"init_cwnd_mss":17,"init_cwnd_bytes":23902},{"time":1452,"init_cwnd_mss":17,"init_cwnd_bytes":23696},{"time":1443,"init_cwnd_mss":22,"init_cwnd_bytes":30932},{"time":1689,"init_cwnd_mss":66,"init_cwnd_bytes":89918},{"time":1449,"init_cwnd_mss":19,"init_cwnd_bytes":26714},{"time":1786,"init_cwnd_mss":16,"init_cwnd_bytes":22496},{"time":1588,"init_cwnd_mss":17,"init_cwnd_bytes":23800},{"time":1467,"init_cwnd_mss":17,"init_cwnd_bytes":23748},{"time":1394,"init_cwnd_mss":17,"init_cwnd_bytes":23697},{"time":1368,"init_cwnd_mss":17,"init_cwnd_bytes":23902},{"time":1844,"init_cwnd_mss":15,"init_cwnd_bytes":21090},{"time":1612,"init_cwnd_mss":18,"init_cwnd_bytes":25308},{"time":1521,"init_cwnd_mss":18,"init_cwnd_bytes":25308},{"time":1564,"init_cwnd_mss":17,"init_cwnd_bytes":23902},{"time":1727,"init_cwnd_mss":19,"init_cwnd_bytes":25308},{"time":1565,"init_cwnd_mss":16,"init_cwnd_bytes":22496},{"time":1490,"init_cwnd_mss":17,"init_cwnd_bytes":23902},{"time":1512,"init_cwnd_mss":17,"init_cwnd_bytes":23902},{"time":1424,"init_cwnd_mss":17,"init_cwnd_bytes":23902},{"time":1450,"init_cwnd_mss":17,"init_cwnd_bytes":23906},{"time":1500,"init_cwnd_mss":17,"init_cwnd_bytes":23902},{"time":1511,"init_cwnd_mss":17,"init_cwnd_bytes":23696},{"time":1545,"init_cwnd_mss":15,"init_cwnd_bytes":20988},{"time":1525,"init_cwnd_mss":18,"init_cwnd_bytes":25308},{"time":1561,"init_cwnd_mss":16,"init_cwnd_bytes":22496},{"time":1531,"init_cwnd_mss":17,"init_cwnd_bytes":22661},{"time":1781,"init_cwnd_mss":17,"init_cwnd_bytes":23902},{"time":1325,"init_cwnd_mss":17,"init_cwnd_bytes":23800},{"time":1599,"init_cwnd_mss":17,"init_cwnd_bytes":23852},{"time":1354,"init_cwnd_mss":16,"init_cwnd_bytes":22496},{"time":1610,"init_cwnd_mss":18,"init_cwnd_bytes":25084},{"time":1469,"init_cwnd_mss":16,"init_cwnd_bytes":22496}]