[{"time":3138,"init_cwnd_mss":76,"init_cwnd_bytes":93448},{"time":3310,"init_cwnd_mss":71,"init_cwnd_bytes":87216},{"time":3157,"init_cwnd_mss":69,"init_cwnd_bytes":89174},{"time":3729,"init_cwnd_mss":69,"init_cwnd_bytes":84707},{"time":3561,"init_cwnd_mss":74,"init_cwnd_bytes":90805},{"time":3461,"init_cwnd_mss":72,"init_cwnd_bytes":88389},{"time":3353,"init_cwnd_mss":68,"init_cwnd_bytes":83484},{"time":3737,"init_cwnd_mss":73,"init_cwnd_bytes":89616},{"time":3236,"init_cwnd_mss":74,"init_cwnd_bytes":90845},{"time":2747,"init_cwnd_mss":41,"init_cwnd_bytes":50358},{"time":3362,"init_cwnd_mss":67,"init_cwnd_bytes":82266},{"time":3444,"init_cwnd_mss":74,"init_cwnd_bytes":90845},{"time":3717,"init_cwnd_mss":72,"init_cwnd_bytes":88364},{"time":3596,"init_cwnd_mss":74,"init_cwnd_bytes":90806},{"time":3815,"init_cwnd_mss":74,"init_cwnd_bytes":90836},{"time":3710,"init_cwnd_mss":71,"init_cwnd_bytes":87161},{"time":3131,"init_cwnd_mss":69,"init_cwnd_bytes":84721},{"time":3537,"init_cwnd_mss":73,"init_cwnd_bytes":89581},{"time":3475,"init_cwnd_mss":71,"init_cwnd_bytes":87161},{"time":3682,"init_cwnd_mss":36,"init_cwnd_bytes":44223},{"time":4227,"init_cwnd_mss":73,"init_cwnd_bytes":89616},{"time":3172,"init_cwnd_mss":75,"init_cwnd_bytes":92081},{"time":3583,"init_cwnd_mss":74,"init_cwnd_bytes":90833},{"time":3209,"init_cwnd_mss":70,"init_cwnd_bytes":85910},{"time":3211,"init_cwnd_mss":74,"init_cwnd_bytes":90842},{"time":3153,"init_cwnd_mss":75,"init_cwnd_bytes":92256},{"time":3271,"init_cwnd_mss":70,"init_cwnd_bytes":85935},{"time":3245,"init_cwnd_mss":40,"init_cwnd_bytes":49112},{"time":3047,"init_cwnd_mss":41,"init_cwnd_bytes":50334},{"time":3217,"init_cwnd_mss":37,"init_cwnd_bytes":45423},{"time":3570,"init_cwnd_mss":73,"init_cwnd_bytes":89581},{"time":3634,"init_cwnd_mss":73,"init_cwnd_bytes":89627},{"time":3216,"init_cwnd_mss":74,"init_cwnd_bytes":90845},{"time":2942,"init_cwnd_mss":74,"init_cwnd_bytes":90809},{"time":3493,"init_cwnd_mss":74,"init_cwnd_bytes":90902},{"time":3267,"init_cwnd_mss":69,"init_cwnd_bytes":84764},{"time":3415,"init_cwnd_mss":69,"init_cwnd_bytes":84710},{"time":3468,"init_cwnd_mss":74,"init_cwnd_bytes":91030},{"time":2832,"init_cwnd_mss":40,"init_cwnd_bytes":49099},{"time":3174,"init_cwnd_mss":69,"init_cwnd_bytes":84669}]