[{"time":5626,"init_cwnd_mss":0,"init_cwnd_bytes":32750},{"time":7761,"init_cwnd_mss":0,"init_cwnd_bytes":32750},{"time":5986,"init_cwnd_mss":0,"init_cwnd_bytes":32750},{"time":4828,"init_cwnd_mss":0,"init_cwnd_bytes":32750},{"time":4691,"init_cwnd_mss":0,"init_cwnd_bytes":32750},{"time":4874,"init_cwnd_mss":0,"init_cwnd_bytes":32750},{"time":5788,"init_cwnd_mss":0,"init_cwnd_bytes":16375},{"time":4754,"init_cwnd_mss":0,"init_cwnd_bytes":32750},{"time":5610,"init_cwnd_mss":0,"init_cwnd_bytes":32750},{"time":5486,"init_cwnd_mss":0,"init_cwnd_bytes":32750},{"time":5458,"init_cwnd_mss":0,"init_cwnd_bytes":32750},{"time":5726,"init_cwnd_mss":0,"init_cwnd_bytes":32750},{"time":5811,"init_cwnd_mss":0,"init_cwnd_bytes":32750},{"time":6080,"init_cwnd_mss":0,"init_cwnd_bytes":32750},{"time":10452,"init_cwnd_mss":0,"init_cwnd_bytes":65500},{"time":5357,"init_cwnd_mss":0,"init_cwnd_bytes":32750},{"time":4773,"init_cwnd_mss":0,"init_cwnd_bytes":32750},{"time":4675,"init_cwnd_mss":0,"init_cwnd_bytes":32750},{"time":5155,"init_cwnd_mss":0,"init_cwnd_bytes":32750},{"time":5233,"init_cwnd_mss":0,"init_cwnd_bytes":32750},{"time":5403,"init_cwnd_mss":0,"init_cwnd_bytes":32750},{"time":4945,"init_cwnd_mss":0,"init_cwnd_bytes":32750},{"time":4918,"init_cwnd_mss":0,"init_cwnd_bytes":32750},{"time":5189,"init_cwnd_mss":0,"init_cwnd_bytes":16375},{"time":5241,"init_cwnd_mss":0,"init_cwnd_bytes":32750},{"time":4698,"init_cwnd_mss":0,"init_cwnd_bytes":32750},{"time":8894,"init_cwnd_mss":0,"init_cwnd_bytes":0},{"time":6620,"init_cwnd_mss":0,"init_cwnd_bytes":32750},{"time":4968,"init_cwnd_mss":0,"init_cwnd_bytes":32750},{"time":6202,"init_cwnd_mss":0,"init_cwnd_bytes":32750},{"time":7438,"init_cwnd_mss":0,"init_cwnd_bytes":32750},{"time":7785,"init_cwnd_mss":0,"init_cwnd_bytes":32750},{"time":6054,"init_cwnd_mss":0,"init_cwnd_bytes":32750},{"time":6141,"init_cwnd_mss":0,"init_cwnd_bytes":32750},{"time":5152,"init_cwnd_mss":0,"init_cwnd_bytes":32750},{"time":5040,"init_cwnd_mss":0,"init_cwnd_bytes":32750},{"time":4755,"init_cwnd_mss":0,"init_cwnd_bytes":32750},{"time":5009,"init_cwnd_mss":0,"init_cwnd_bytes":0},{"time":4790,"init_cwnd_mss":0,"init_cwnd_bytes":32750},{"time":4775,"init_cwnd_mss":0,"init_cwnd_bytes":16375}]