[{"time":738,"init_cwnd_mss":0,"init_cwnd_bytes":31961},{"time":744,"init_cwnd_mss":0,"init_cwnd_bytes":61469},{"time":727,"init_cwnd_mss":0,"init_cwnd_bytes":15912},{"time":1316,"init_cwnd_mss":0,"init_cwnd_bytes":48329},{"time":764,"init_cwnd_mss":0,"init_cwnd_bytes":48329},{"time":746,"init_cwnd_mss":0,"init_cwnd_bytes":48329},{"time":687,"init_cwnd_mss":0,"init_cwnd_bytes":48328},{"time":752,"init_cwnd_mss":0,"init_cwnd_bytes":21401},{"time":776,"init_cwnd_mss":0,"init_cwnd_bytes":48329},{"time":759,"init_cwnd_mss":0,"init_cwnd_bytes":48329},{"time":756,"init_cwnd_mss":0,"init_cwnd_bytes":3575},{"time":858,"init_cwnd_mss":0,"init_cwnd_bytes":64731},{"time":-18204422,"init_cwnd_mss":0,"init_cwnd_bytes":31963},{"time":717,"init_cwnd_mss":0,"init_cwnd_bytes":64731},{"time":715,"init_cwnd_mss":0,"init_cwnd_bytes":48310},{"time":730,"init_cwnd_mss":0,"init_cwnd_bytes":18481},{"time":722,"init_cwnd_mss":0,"init_cwnd_bytes":37461},{"time":868,"init_cwnd_mss":0,"init_cwnd_bytes":3575},{"time":740,"init_cwnd_mss":0,"init_cwnd_bytes":48310},{"time":753,"init_cwnd_mss":0,"init_cwnd_bytes":48329},{"time":919,"init_cwnd_mss":0,"init_cwnd_bytes":48329},{"time":749,"init_cwnd_mss":0,"init_cwnd_bytes":33423},{"time":769,"init_cwnd_mss":0,"init_cwnd_bytes":56511},{"time":757,"init_cwnd_mss":0,"init_cwnd_bytes":26672},{"time":796,"init_cwnd_mss":0,"init_cwnd_bytes":48329},{"time":727,"init_cwnd_mss":0,"init_cwnd_bytes":34882},{"time":802,"init_cwnd_mss":0,"init_cwnd_bytes":36343},{"time":799,"init_cwnd_mss":0,"init_cwnd_bytes":48329},{"time":756,"init_cwnd_mss":0,"init_cwnd_bytes":31963},{"time":788,"init_cwnd_mss":0,"init_cwnd_bytes":2115},{"time":742,"init_cwnd_mss":0,"init_cwnd_bytes":47375},{"time":989,"init_cwnd_mss":0,"init_cwnd_bytes":18462},{"time":793,"init_cwnd_mss":0,"init_cwnd_bytes":64730},{"time":808,"init_cwnd_mss":0,"init_cwnd_bytes":18462},{"time":731,"init_cwnd_mss":0,"init_cwnd_bytes":31602},{"time":757,"init_cwnd_mss":0,"init_cwnd_bytes":31963},{"time":726,"init_cwnd_mss":0,"init_cwnd_bytes":31963},{"time":731,"init_cwnd_mss":0,"init_cwnd_bytes":61975},{"time":830,"init_cwnd_mss":0,"init_cwnd_bytes":48328},{"time":834,"init_cwnd_mss":0,"init_cwnd_bytes":48329}]