[{"time":595,"init_cwnd_mss":15,"init_cwnd_bytes":21090},{"time":577,"init_cwnd_mss":17,"init_cwnd_bytes":23908},{"time":600,"init_cwnd_mss":16,"init_cwnd_bytes":22494},{"time":655,"init_cwnd_mss":16,"init_cwnd_bytes":22496},{"time":562,"init_cwnd_mss":19,"init_cwnd_bytes":26714},{"time":531,"init_cwnd_mss":18,"init_cwnd_bytes":23904},{"time":618,"init_cwnd_mss":16,"init_cwnd_bytes":22496},{"time":632,"init_cwnd_mss":15,"init_cwnd_bytes":21090},{"time":614,"init_cwnd_mss":16,"init_cwnd_bytes":22496},{"time":592,"init_cwnd_mss":16,"init_cwnd_bytes":22455},{"time":741,"init_cwnd_mss":61,"init_cwnd_bytes":81516},{"time":591,"init_cwnd_mss":17,"init_cwnd_bytes":23902},{"time":540,"init_cwnd_mss":17,"init_cwnd_bytes":23706},{"time":616,"init_cwnd_mss":16,"init_cwnd_bytes":22500},{"time":579,"init_cwnd_mss":20,"init_cwnd_bytes":27924},{"time":561,"init_cwnd_mss":18,"init_cwnd_bytes":24184},{"time":622,"init_cwnd_mss":19,"init_cwnd_bytes":25534},{"time":534,"init_cwnd_mss":17,"init_cwnd_bytes":23902},{"time":556,"init_cwnd_mss":17,"init_cwnd_bytes":23902},{"time":582,"init_cwnd_mss":17,"init_cwnd_bytes":23705},{"time":531,"init_cwnd_mss":17,"init_cwnd_bytes":23861},{"time":533,"init_cwnd_mss":18,"init_cwnd_bytes":23904},{"time":598,"init_cwnd_mss":17,"init_cwnd_bytes":22510},{"time":591,"init_cwnd_mss":18,"init_cwnd_bytes":23904},{"time":608,"init_cwnd_mss":17,"init_cwnd_bytes":22725},{"time":617,"init_cwnd_mss":16,"init_cwnd_bytes":22300},{"time":618,"init_cwnd_mss":16,"init_cwnd_bytes":22502},{"time":680,"init_cwnd_mss":22,"init_cwnd_bytes":30932},{"time":563,"init_cwnd_mss":16,"init_cwnd_bytes":22496},{"time":572,"init_cwnd_mss":17,"init_cwnd_bytes":23902},{"time":564,"init_cwnd_mss":18,"init_cwnd_bytes":25308},{"time":753,"init_cwnd_mss":29,"init_cwnd_bytes":39348},{"time":579,"init_cwnd_mss":16,"init_cwnd_bytes":22494},{"time":612,"init_cwnd_mss":13,"init_cwnd_bytes":18278},{"time":556,"init_cwnd_mss":21,"init_cwnd_bytes":29329},{"time":606,"init_cwnd_mss":15,"init_cwnd_bytes":21090},{"time":608,"init_cwnd_mss":17,"init_cwnd_bytes":23902},{"time":636,"init_cwnd_mss":17,"init_cwnd_bytes":23737},{"time":713,"init_cwnd_mss":17,"init_cwnd_bytes":23902},{"time":610,"init_cwnd_mss":15,"init_cwnd_bytes":21090}]