[{"time":5401,"init_cwnd_mss":0,"init_cwnd_bytes":32750},{"time":5121,"init_cwnd_mss":0,"init_cwnd_bytes":32750},{"time":5353,"init_cwnd_mss":0,"init_cwnd_bytes":32750},{"time":5311,"init_cwnd_mss":0,"init_cwnd_bytes":32750},{"time":5360,"init_cwnd_mss":0,"init_cwnd_bytes":32750},{"time":5416,"init_cwnd_mss":0,"init_cwnd_bytes":32750},{"time":5464,"init_cwnd_mss":0,"init_cwnd_bytes":32750},{"time":5078,"init_cwnd_mss":0,"init_cwnd_bytes":32750},{"time":5132,"init_cwnd_mss":0,"init_cwnd_bytes":32750},{"time":5229,"init_cwnd_mss":0,"init_cwnd_bytes":32750},{"time":7461,"init_cwnd_mss":0,"init_cwnd_bytes":16375},{"time":7479,"init_cwnd_mss":0,"init_cwnd_bytes":16375},{"time":7455,"init_cwnd_mss":0,"init_cwnd_bytes":16375},{"time":7499,"init_cwnd_mss":0,"init_cwnd_bytes":16375},{"time":4865,"init_cwnd_mss":0,"init_cwnd_bytes":32750},{"time":4875,"init_cwnd_mss":0,"init_cwnd_bytes":32750},{"time":5054,"init_cwnd_mss":0,"init_cwnd_bytes":32750},{"time":9953,"init_cwnd_mss":0,"init_cwnd_bytes":0},{"time":5367,"init_cwnd_mss":0,"init_cwnd_bytes":32750},{"time":4789,"init_cwnd_mss":0,"init_cwnd_bytes":32750},{"time":4876,"init_cwnd_mss":0,"init_cwnd_bytes":32750},{"time":4802,"init_cwnd_mss":0,"init_cwnd_bytes":32750},{"time":5053,"init_cwnd_mss":0,"init_cwnd_bytes":32750},{"time":5155,"init_cwnd_mss":0,"init_cwnd_bytes":32750},{"time":5163,"init_cwnd_mss":0,"init_cwnd_bytes":32750},{"time":4909,"init_cwnd_mss":0,"init_cwnd_bytes":32750},{"time":4889,"init_cwnd_mss":0,"init_cwnd_bytes":32750},{"time":5304,"init_cwnd_mss":0,"init_cwnd_bytes":32750},{"time":4806,"init_cwnd_mss":0,"init_cwnd_bytes":32750},{"time":5088,"init_cwnd_mss":0,"init_cwnd_bytes":32750},{"time":5067,"init_cwnd_mss":0,"init_cwnd_bytes":32750},{"time":4890,"init_cwnd_mss":0,"init_cwnd_bytes":32750},{"time":4860,"init_cwnd_mss":0,"init_cwnd_bytes":32750},{"time":5059,"init_cwnd_mss":0,"init_cwnd_bytes":32750},{"time":5441,"init_cwnd_mss":0,"init_cwnd_bytes":32750},{"time":5264,"init_cwnd_mss":0,"init_cwnd_bytes":32750},{"time":5066,"init_cwnd_mss":0,"init_cwnd_bytes":32750},{"time":4839,"init_cwnd_mss":0,"init_cwnd_bytes":32750},{"time":4935,"init_cwnd_mss":0,"init_cwnd_bytes":32750},{"time":-16210777,"init_cwnd_mss":0,"init_cwnd_bytes":32750}]