[{"time":3238,"init_cwnd_mss":69,"init_cwnd_bytes":84776},{"time":2744,"init_cwnd_mss":39,"init_cwnd_bytes":47909},{"time":3173,"init_cwnd_mss":74,"init_cwnd_bytes":90843},{"time":3331,"init_cwnd_mss":69,"init_cwnd_bytes":84719},{"time":3139,"init_cwnd_mss":74,"init_cwnd_bytes":90845},{"time":2773,"init_cwnd_mss":41,"init_cwnd_bytes":50358},{"time":3085,"init_cwnd_mss":75,"init_cwnd_bytes":92024},{"time":2773,"init_cwnd_mss":38,"init_cwnd_bytes":46649},{"time":3260,"init_cwnd_mss":70,"init_cwnd_bytes":85946},{"time":3230,"init_cwnd_mss":74,"init_cwnd_bytes":90843},{"time":3392,"init_cwnd_mss":70,"init_cwnd_bytes":85948},{"time":3224,"init_cwnd_mss":76,"init_cwnd_bytes":93300},{"time":3268,"init_cwnd_mss":74,"init_cwnd_bytes":90854},{"time":2984,"init_cwnd_mss":43,"init_cwnd_bytes":52743},{"time":3222,"init_cwnd_mss":70,"init_cwnd_bytes":85899},{"time":3261,"init_cwnd_mss":70,"init_cwnd_bytes":85935},{"time":3195,"init_cwnd_mss":74,"init_cwnd_bytes":90806},{"time":3152,"init_cwnd_mss":74,"init_cwnd_bytes":90845},{"time":3127,"init_cwnd_mss":73,"init_cwnd_bytes":89618},{"time":3284,"init_cwnd_mss":69,"init_cwnd_bytes":84719},{"time":3140,"init_cwnd_mss":74,"init_cwnd_bytes":90843},{"time":3252,"init_cwnd_mss":70,"init_cwnd_bytes":85898},{"time":3253,"init_cwnd_mss":73,"init_cwnd_bytes":89616},{"time":3282,"init_cwnd_mss":74,"init_cwnd_bytes":90900},{"time":2889,"init_cwnd_mss":40,"init_cwnd_bytes":49099},{"time":3116,"init_cwnd_mss":73,"init_cwnd_bytes":89616},{"time":3253,"init_cwnd_mss":74,"init_cwnd_bytes":90843},{"time":3148,"init_cwnd_mss":74,"init_cwnd_bytes":90807},{"time":3117,"init_cwnd_mss":72,"init_cwnd_bytes":88391},{"time":3558,"init_cwnd_mss":73,"init_cwnd_bytes":89616},{"time":3206,"init_cwnd_mss":77,"init_cwnd_bytes":95302},{"time":3148,"init_cwnd_mss":73,"init_cwnd_bytes":89618},{"time":3102,"init_cwnd_mss":74,"init_cwnd_bytes":90797},{"time":3267,"init_cwnd_mss":71,"init_cwnd_bytes":87126},{"time":3254,"init_cwnd_mss":73,"init_cwnd_bytes":89618},{"time":3429,"init_cwnd_mss":74,"init_cwnd_bytes":90832},{"time":2973,"init_cwnd_mss":43,"init_cwnd_bytes":52739},{"time":3233,"init_cwnd_mss":74,"init_cwnd_bytes":90807},{"time":3238,"init_cwnd_mss":73,"init_cwnd_bytes":89805},{"time":3280,"init_cwnd_mss":74,"init_cwnd_bytes":90854}]