[{"time":2212,"init_cwnd_mss":0,"init_cwnd_bytes":113856},{"time":2059,"init_cwnd_mss":0,"init_cwnd_bytes":130254},{"time":2272,"init_cwnd_mss":0,"init_cwnd_bytes":130254},{"time":2204,"init_cwnd_mss":0,"init_cwnd_bytes":89844},{"time":2053,"init_cwnd_mss":0,"init_cwnd_bytes":85464},{"time":2201,"init_cwnd_mss":0,"init_cwnd_bytes":130254},{"time":2213,"init_cwnd_mss":0,"init_cwnd_bytes":88704},{"time":2096,"init_cwnd_mss":0,"init_cwnd_bytes":84003},{"time":2219,"init_cwnd_mss":0,"init_cwnd_bytes":130254},{"time":2226,"init_cwnd_mss":0,"init_cwnd_bytes":130254},{"time":2060,"init_cwnd_mss":0,"init_cwnd_bytes":111602},{"time":2273,"init_cwnd_mss":0,"init_cwnd_bytes":97486},{"time":2062,"init_cwnd_mss":0,"init_cwnd_bytes":130254},{"time":2210,"init_cwnd_mss":0,"init_cwnd_bytes":130254},{"time":2067,"init_cwnd_mss":0,"init_cwnd_bytes":130254},{"time":2216,"init_cwnd_mss":0,"init_cwnd_bytes":84004},{"time":2197,"init_cwnd_mss":0,"init_cwnd_bytes":69098},{"time":2525,"init_cwnd_mss":0,"init_cwnd_bytes":85461},{"time":2210,"init_cwnd_mss":0,"init_cwnd_bytes":84004},{"time":2055,"init_cwnd_mss":0,"init_cwnd_bytes":72017},{"time":2212,"init_cwnd_mss":0,"init_cwnd_bytes":130254},{"time":2217,"init_cwnd_mss":0,"init_cwnd_bytes":84004},{"time":2069,"init_cwnd_mss":0,"init_cwnd_bytes":130254},{"time":2213,"init_cwnd_mss":0,"init_cwnd_bytes":123569},{"time":2196,"init_cwnd_mss":0,"init_cwnd_bytes":130235},{"time":2072,"init_cwnd_mss":0,"init_cwnd_bytes":113852},{"time":2272,"init_cwnd_mss":0,"init_cwnd_bytes":37771},{"time":2214,"init_cwnd_mss":0,"init_cwnd_bytes":130254},{"time":2059,"init_cwnd_mss":0,"init_cwnd_bytes":97486},{"time":2220,"init_cwnd_mss":0,"init_cwnd_bytes":69098},{"time":2207,"init_cwnd_mss":0,"init_cwnd_bytes":85464},{"time":2061,"init_cwnd_mss":0,"init_cwnd_bytes":113833},{"time":2201,"init_cwnd_mss":0,"init_cwnd_bytes":85445},{"time":2566,"init_cwnd_mss":0,"init_cwnd_bytes":130254},{"time":2052,"init_cwnd_mss":0,"init_cwnd_bytes":77290},{"time":2211,"init_cwnd_mss":0,"init_cwnd_bytes":113852},{"time":2209,"init_cwnd_mss":0,"init_cwnd_bytes":130254},{"time":2051,"init_cwnd_mss":0,"init_cwnd_bytes":97486},{"time":2213,"init_cwnd_mss":0,"init_cwnd_bytes":84004},{"time":2199,"init_cwnd_mss":0,"init_cwnd_bytes":91304}]