[{"time":1389,"init_cwnd_mss":17,"init_cwnd_bytes":23902},{"time":1356,"init_cwnd_mss":18,"init_cwnd_bytes":24120},{"time":1362,"init_cwnd_mss":17,"init_cwnd_bytes":22501},{"time":1381,"init_cwnd_mss":17,"init_cwnd_bytes":23699},{"time":1360,"init_cwnd_mss":17,"init_cwnd_bytes":23902},{"time":2080,"init_cwnd_mss":17,"init_cwnd_bytes":22502},{"time":1446,"init_cwnd_mss":17,"init_cwnd_bytes":23902},{"time":1811,"init_cwnd_mss":15,"init_cwnd_bytes":21090},{"time":1364,"init_cwnd_mss":17,"init_cwnd_bytes":23748},{"time":1354,"init_cwnd_mss":17,"init_cwnd_bytes":23699},{"time":1874,"init_cwnd_mss":16,"init_cwnd_bytes":22496},{"time":1767,"init_cwnd_mss":15,"init_cwnd_bytes":21090},{"time":1499,"init_cwnd_mss":17,"init_cwnd_bytes":23749},{"time":1464,"init_cwnd_mss":16,"init_cwnd_bytes":22496},{"time":1386,"init_cwnd_mss":16,"init_cwnd_bytes":22496},{"time":1354,"init_cwnd_mss":17,"init_cwnd_bytes":23696},{"time":1371,"init_cwnd_mss":17,"init_cwnd_bytes":23696},{"time":1646,"init_cwnd_mss":45,"init_cwnd_bytes":60221},{"time":1360,"init_cwnd_mss":17,"init_cwnd_bytes":23902},{"time":1404,"init_cwnd_mss":17,"init_cwnd_bytes":23677},{"time":1492,"init_cwnd_mss":18,"init_cwnd_bytes":23756},{"time":1362,"init_cwnd_mss":17,"init_cwnd_bytes":23902},{"time":1372,"init_cwnd_mss":17,"init_cwnd_bytes":23902},{"time":1459,"init_cwnd_mss":20,"init_cwnd_bytes":28019},{"time":1397,"init_cwnd_mss":17,"init_cwnd_bytes":23801},{"time":1390,"init_cwnd_mss":17,"init_cwnd_bytes":23697},{"time":1440,"init_cwnd_mss":17,"init_cwnd_bytes":23800},{"time":1535,"init_cwnd_mss":17,"init_cwnd_bytes":23902},{"time":1392,"init_cwnd_mss":17,"init_cwnd_bytes":23902},{"time":1404,"init_cwnd_mss":17,"init_cwnd_bytes":23800},{"time":1441,"init_cwnd_mss":17,"init_cwnd_bytes":23902},{"time":1353,"init_cwnd_mss":17,"init_cwnd_bytes":23749},{"time":2031,"init_cwnd_mss":19,"init_cwnd_bytes":26714},{"time":1439,"init_cwnd_mss":17,"init_cwnd_bytes":23697},{"time":1368,"init_cwnd_mss":17,"init_cwnd_bytes":23697},{"time":1408,"init_cwnd_mss":17,"init_cwnd_bytes":23902},{"time":1378,"init_cwnd_mss":17,"init_cwnd_bytes":23696},{"time":1481,"init_cwnd_mss":17,"init_cwnd_bytes":23902},{"time":1381,"init_cwnd_mss":17,"init_cwnd_bytes":23902},{"time":1415,"init_cwnd_mss":17,"init_cwnd_bytes":23749}]