[{"time":3435,"init_cwnd_mss":17,"init_cwnd_bytes":23902},{"time":3245,"init_cwnd_mss":17,"init_cwnd_bytes":23697},{"time":3304,"init_cwnd_mss":20,"init_cwnd_bytes":28120},{"time":3317,"init_cwnd_mss":18,"init_cwnd_bytes":25308},{"time":3276,"init_cwnd_mss":19,"init_cwnd_bytes":26714},{"time":3278,"init_cwnd_mss":15,"init_cwnd_bytes":21090},{"time":3374,"init_cwnd_mss":24,"init_cwnd_bytes":32328},{"time":3277,"init_cwnd_mss":21,"init_cwnd_bytes":29430},{"time":3401,"init_cwnd_mss":25,"init_cwnd_bytes":33732},{"time":3267,"init_cwnd_mss":34,"init_cwnd_bytes":44931},{"time":3852,"init_cwnd_mss":26,"init_cwnd_bytes":35136},{"time":3043,"init_cwnd_mss":19,"init_cwnd_bytes":26714},{"time":3307,"init_cwnd_mss":19,"init_cwnd_bytes":26714},{"time":5086,"init_cwnd_mss":26,"init_cwnd_bytes":35136},{"time":1664,"init_cwnd_mss":21,"init_cwnd_bytes":29526},{"time":3200,"init_cwnd_mss":22,"init_cwnd_bytes":30932},{"time":3179,"init_cwnd_mss":27,"init_cwnd_bytes":36540},{"time":3304,"init_cwnd_mss":28,"init_cwnd_bytes":37944},{"time":4309,"init_cwnd_mss":15,"init_cwnd_bytes":21090},{"time":2471,"init_cwnd_mss":44,"init_cwnd_bytes":60426},{"time":3210,"init_cwnd_mss":17,"init_cwnd_bytes":23902},{"time":3354,"init_cwnd_mss":17,"init_cwnd_bytes":23750},{"time":3145,"init_cwnd_mss":21,"init_cwnd_bytes":28335},{"time":3427,"init_cwnd_mss":40,"init_cwnd_bytes":25847},{"time":3205,"init_cwnd_mss":22,"init_cwnd_bytes":30729},{"time":3323,"init_cwnd_mss":21,"init_cwnd_bytes":29526},{"time":3323,"init_cwnd_mss":17,"init_cwnd_bytes":23802},{"time":3385,"init_cwnd_mss":21,"init_cwnd_bytes":29526},{"time":3320,"init_cwnd_mss":39,"init_cwnd_bytes":53396},{"time":3333,"init_cwnd_mss":17,"init_cwnd_bytes":22503},{"time":3230,"init_cwnd_mss":18,"init_cwnd_bytes":25308},{"time":3371,"init_cwnd_mss":17,"init_cwnd_bytes":23912},{"time":430,"init_cwnd_mss":27,"init_cwnd_bytes":36556},{"time":2125,"init_cwnd_mss":25,"init_cwnd_bytes":33532},{"time":3289,"init_cwnd_mss":16,"init_cwnd_bytes":22496},{"time":629,"init_cwnd_mss":20,"init_cwnd_bytes":28120},{"time":2223,"init_cwnd_mss":21,"init_cwnd_bytes":29377},{"time":432,"init_cwnd_mss":19,"init_cwnd_bytes":26714},{"time":2154,"init_cwnd_mss":18,"init_cwnd_bytes":25308},{"time":3246,"init_cwnd_mss":15,"init_cwnd_bytes":20889}]