[{"time":1392,"init_cwnd_mss":0,"init_cwnd_bytes":3566},{"time":1740,"init_cwnd_mss":0,"init_cwnd_bytes":81043},{"time":1387,"init_cwnd_mss":0,"init_cwnd_bytes":34870},{"time":1742,"init_cwnd_mss":0,"init_cwnd_bytes":36330},{"time":3006,"init_cwnd_mss":0,"init_cwnd_bytes":48316},{"time":3416,"init_cwnd_mss":0,"init_cwnd_bytes":64718},{"time":3371,"init_cwnd_mss":0,"init_cwnd_bytes":64718},{"time":3586,"init_cwnd_mss":0,"init_cwnd_bytes":90998},{"time":3430,"init_cwnd_mss":0,"init_cwnd_bytes":64718},{"time":3523,"init_cwnd_mss":0,"init_cwnd_bytes":81084},{"time":3532,"init_cwnd_mss":0,"init_cwnd_bytes":48316},{"time":3546,"init_cwnd_mss":0,"init_cwnd_bytes":31950},{"time":3439,"init_cwnd_mss":0,"init_cwnd_bytes":3562},{"time":3561,"init_cwnd_mss":0,"init_cwnd_bytes":48316},{"time":3540,"init_cwnd_mss":0,"init_cwnd_bytes":48316},{"time":3400,"init_cwnd_mss":0,"init_cwnd_bytes":2102},{"time":3603,"init_cwnd_mss":0,"init_cwnd_bytes":19622},{"time":3686,"init_cwnd_mss":0,"init_cwnd_bytes":19928},{"time":3448,"init_cwnd_mss":0,"init_cwnd_bytes":31950},{"time":3449,"init_cwnd_mss":0,"init_cwnd_bytes":48316},{"time":3654,"init_cwnd_mss":0,"init_cwnd_bytes":18468},{"time":3343,"init_cwnd_mss":0,"init_cwnd_bytes":39250},{"time":3492,"init_cwnd_mss":0,"init_cwnd_bytes":64718},{"time":3507,"init_cwnd_mss":0,"init_cwnd_bytes":64718},{"time":3575,"init_cwnd_mss":0,"init_cwnd_bytes":15908},{"time":3471,"init_cwnd_mss":0,"init_cwnd_bytes":22848},{"time":3535,"init_cwnd_mss":0,"init_cwnd_bytes":48316},{"time":3564,"init_cwnd_mss":0,"init_cwnd_bytes":2102},{"time":3400,"init_cwnd_mss":0,"init_cwnd_bytes":623},{"time":3590,"init_cwnd_mss":0,"init_cwnd_bytes":5022},{"time":3446,"init_cwnd_mss":0,"init_cwnd_bytes":34869},{"time":3558,"init_cwnd_mss":0,"init_cwnd_bytes":10862},{"time":3522,"init_cwnd_mss":0,"init_cwnd_bytes":6482},{"time":3522,"init_cwnd_mss":0,"init_cwnd_bytes":31949},{"time":3579,"init_cwnd_mss":0,"init_cwnd_bytes":490414},{"time":3481,"init_cwnd_mss":0,"init_cwnd_bytes":81084},{"time":3569,"init_cwnd_mss":0,"init_cwnd_bytes":81084},{"time":3645,"init_cwnd_mss":0,"init_cwnd_bytes":81084},{"time":3502,"init_cwnd_mss":0,"init_cwnd_bytes":642},{"time":3578,"init_cwnd_mss":0,"init_cwnd_bytes":48316}]