[{"time":882,"init_cwnd_mss":0,"init_cwnd_bytes":64722},{"time":1138,"init_cwnd_mss":0,"init_cwnd_bytes":31950},{"time":918,"init_cwnd_mss":0,"init_cwnd_bytes":31950},{"time":845,"init_cwnd_mss":0,"init_cwnd_bytes":81084},{"time":734,"init_cwnd_mss":0,"init_cwnd_bytes":64718},{"time":753,"init_cwnd_mss":0,"init_cwnd_bytes":64717},{"time":807,"init_cwnd_mss":0,"init_cwnd_bytes":81084},{"time":763,"init_cwnd_mss":0,"init_cwnd_bytes":48297},{"time":754,"init_cwnd_mss":0,"init_cwnd_bytes":34870},{"time":799,"init_cwnd_mss":0,"init_cwnd_bytes":8825},{"time":776,"init_cwnd_mss":0,"init_cwnd_bytes":34870},{"time":720,"init_cwnd_mss":0,"init_cwnd_bytes":36330},{"time":708,"init_cwnd_mss":0,"init_cwnd_bytes":43213},{"time":774,"init_cwnd_mss":0,"init_cwnd_bytes":64718},{"time":810,"init_cwnd_mss":0,"init_cwnd_bytes":81084},{"time":811,"init_cwnd_mss":0,"init_cwnd_bytes":76561},{"time":796,"init_cwnd_mss":0,"init_cwnd_bytes":2102},{"time":807,"init_cwnd_mss":0,"init_cwnd_bytes":64717},{"time":843,"init_cwnd_mss":0,"init_cwnd_bytes":36330},{"time":798,"init_cwnd_mss":0,"init_cwnd_bytes":64718},{"time":825,"init_cwnd_mss":0,"init_cwnd_bytes":48297},{"time":768,"init_cwnd_mss":0,"init_cwnd_bytes":31302},{"time":821,"init_cwnd_mss":0,"init_cwnd_bytes":64718},{"time":859,"init_cwnd_mss":0,"init_cwnd_bytes":48315},{"time":760,"init_cwnd_mss":0,"init_cwnd_bytes":34870},{"time":804,"init_cwnd_mss":0,"init_cwnd_bytes":81084},{"time":737,"init_cwnd_mss":0,"init_cwnd_bytes":27228},{"time":918,"init_cwnd_mss":0,"init_cwnd_bytes":64718},{"time":736,"init_cwnd_mss":0,"init_cwnd_bytes":31950},{"time":878,"init_cwnd_mss":0,"init_cwnd_bytes":48316},{"time":720,"init_cwnd_mss":0,"init_cwnd_bytes":64718},{"time":750,"init_cwnd_mss":0,"init_cwnd_bytes":48316},{"time":706,"init_cwnd_mss":0,"init_cwnd_bytes":2102},{"time":754,"init_cwnd_mss":0,"init_cwnd_bytes":64716},{"time":784,"init_cwnd_mss":0,"init_cwnd_bytes":72899},{"time":996,"init_cwnd_mss":0,"init_cwnd_bytes":48316},{"time":828,"init_cwnd_mss":0,"init_cwnd_bytes":39250},{"time":710,"init_cwnd_mss":0,"init_cwnd_bytes":65230},{"time":1031,"init_cwnd_mss":0,"init_cwnd_bytes":34870},{"time":796,"init_cwnd_mss":0,"init_cwnd_bytes":31950}]