[{"time":4764,"init_cwnd_mss":13,"init_cwnd_bytes":18278},{"time":740,"init_cwnd_mss":16,"init_cwnd_bytes":22496},{"time":668,"init_cwnd_mss":17,"init_cwnd_bytes":23902},{"time":605,"init_cwnd_mss":17,"init_cwnd_bytes":23902},{"time":601,"init_cwnd_mss":19,"init_cwnd_bytes":26714},{"time":619,"init_cwnd_mss":16,"init_cwnd_bytes":22496},{"time":816,"init_cwnd_mss":14,"init_cwnd_bytes":19694},{"time":617,"init_cwnd_mss":17,"init_cwnd_bytes":22500},{"time":853,"init_cwnd_mss":29,"init_cwnd_bytes":39348},{"time":572,"init_cwnd_mss":18,"init_cwnd_bytes":24120},{"time":609,"init_cwnd_mss":19,"init_cwnd_bytes":26613},{"time":577,"init_cwnd_mss":17,"init_cwnd_bytes":23696},{"time":617,"init_cwnd_mss":20,"init_cwnd_bytes":28120},{"time":744,"init_cwnd_mss":15,"init_cwnd_bytes":21090},{"time":623,"init_cwnd_mss":18,"init_cwnd_bytes":25308},{"time":557,"init_cwnd_mss":17,"init_cwnd_bytes":23747},{"time":551,"init_cwnd_mss":17,"init_cwnd_bytes":23902},{"time":852,"init_cwnd_mss":15,"init_cwnd_bytes":19692},{"time":596,"init_cwnd_mss":16,"init_cwnd_bytes":22496},{"time":590,"init_cwnd_mss":16,"init_cwnd_bytes":22494},{"time":579,"init_cwnd_mss":19,"init_cwnd_bytes":26714},{"time":566,"init_cwnd_mss":16,"init_cwnd_bytes":22496},{"time":582,"init_cwnd_mss":19,"init_cwnd_bytes":26714},{"time":569,"init_cwnd_mss":20,"init_cwnd_bytes":26712},{"time":784,"init_cwnd_mss":107,"init_cwnd_bytes":144688},{"time":559,"init_cwnd_mss":16,"init_cwnd_bytes":22291},{"time":730,"init_cwnd_mss":14,"init_cwnd_bytes":19684},{"time":605,"init_cwnd_mss":17,"init_cwnd_bytes":23697},{"time":567,"init_cwnd_mss":17,"init_cwnd_bytes":23902},{"time":593,"init_cwnd_mss":17,"init_cwnd_bytes":23902},{"time":608,"init_cwnd_mss":14,"init_cwnd_bytes":19684},{"time":937,"init_cwnd_mss":24,"init_cwnd_bytes":32126},{"time":683,"init_cwnd_mss":15,"init_cwnd_bytes":21090},{"time":637,"init_cwnd_mss":16,"init_cwnd_bytes":22496},{"time":526,"init_cwnd_mss":17,"init_cwnd_bytes":23902},{"time":630,"init_cwnd_mss":21,"init_cwnd_bytes":29526},{"time":550,"init_cwnd_mss":21,"init_cwnd_bytes":29526},{"time":1928,"init_cwnd_mss":19,"init_cwnd_bytes":26714},{"time":577,"init_cwnd_mss":17,"init_cwnd_bytes":23902},{"time":923,"init_cwnd_mss":16,"init_cwnd_bytes":22496}]