[{"time":7280,"init_cwnd_mss":0,"init_cwnd_bytes":16375},{"time":7356,"init_cwnd_mss":0,"init_cwnd_bytes":0},{"time":5093,"init_cwnd_mss":0,"init_cwnd_bytes":32750},{"time":4996,"init_cwnd_mss":0,"init_cwnd_bytes":0},{"time":4507,"init_cwnd_mss":0,"init_cwnd_bytes":0},{"time":5390,"init_cwnd_mss":0,"init_cwnd_bytes":32750},{"time":4926,"init_cwnd_mss":0,"init_cwnd_bytes":0},{"time":5126,"init_cwnd_mss":0,"init_cwnd_bytes":32750},{"time":5601,"init_cwnd_mss":0,"init_cwnd_bytes":32750},{"time":5578,"init_cwnd_mss":0,"init_cwnd_bytes":32750},{"time":5666,"init_cwnd_mss":0,"init_cwnd_bytes":0},{"time":5460,"init_cwnd_mss":0,"init_cwnd_bytes":32750},{"time":4543,"init_cwnd_mss":0,"init_cwnd_bytes":32750},{"time":5059,"init_cwnd_mss":0,"init_cwnd_bytes":32750},{"time":4664,"init_cwnd_mss":0,"init_cwnd_bytes":16375},{"time":8490,"init_cwnd_mss":0,"init_cwnd_bytes":0},{"time":5085,"init_cwnd_mss":0,"init_cwnd_bytes":0},{"time":5575,"init_cwnd_mss":0,"init_cwnd_bytes":0},{"time":6685,"init_cwnd_mss":0,"init_cwnd_bytes":0},{"time":6050,"init_cwnd_mss":0,"init_cwnd_bytes":32750},{"time":6980,"init_cwnd_mss":0,"init_cwnd_bytes":0},{"time":7319,"init_cwnd_mss":0,"init_cwnd_bytes":32750},{"time":5685,"init_cwnd_mss":0,"init_cwnd_bytes":32750},{"time":6554,"init_cwnd_mss":0,"init_cwnd_bytes":0},{"time":6919,"init_cwnd_mss":0,"init_cwnd_bytes":32750},{"time":8049,"init_cwnd_mss":0,"init_cwnd_bytes":32750},{"time":6780,"init_cwnd_mss":0,"init_cwnd_bytes":0},{"time":5833,"init_cwnd_mss":0,"init_cwnd_bytes":0},{"time":10156,"init_cwnd_mss":0,"init_cwnd_bytes":0},{"time":8188,"init_cwnd_mss":0,"init_cwnd_bytes":0},{"time":9059,"init_cwnd_mss":0,"init_cwnd_bytes":0},{"time":6604,"init_cwnd_mss":0,"init_cwnd_bytes":0},{"time":6833,"init_cwnd_mss":0,"init_cwnd_bytes":32750},{"time":6676,"init_cwnd_mss":0,"init_cwnd_bytes":32750},{"time":8523,"init_cwnd_mss":0,"init_cwnd_bytes":0},{"time":6165,"init_cwnd_mss":0,"init_cwnd_bytes":32750},{"time":8600,"init_cwnd_mss":0,"init_cwnd_bytes":0},{"time":7798,"init_cwnd_mss":0,"init_cwnd_bytes":32750},{"time":7273,"init_cwnd_mss":0,"init_cwnd_bytes":16375},{"time":7922,"init_cwnd_mss":0,"init_cwnd_bytes":32750}]