[{"time":2838,"init_cwnd_mss":39,"init_cwnd_bytes":47888},{"time":2794,"init_cwnd_mss":43,"init_cwnd_bytes":52783},{"time":2640,"init_cwnd_mss":39,"init_cwnd_bytes":47886},{"time":2961,"init_cwnd_mss":73,"init_cwnd_bytes":89616},{"time":2909,"init_cwnd_mss":71,"init_cwnd_bytes":87164},{"time":3120,"init_cwnd_mss":43,"init_cwnd_bytes":52809},{"time":3692,"init_cwnd_mss":75,"init_cwnd_bytes":92074},{"time":3085,"init_cwnd_mss":72,"init_cwnd_bytes":88380},{"time":2732,"init_cwnd_mss":36,"init_cwnd_bytes":44200},{"time":2443,"init_cwnd_mss":40,"init_cwnd_bytes":49112},{"time":2916,"init_cwnd_mss":76,"init_cwnd_bytes":93678},{"time":2417,"init_cwnd_mss":39,"init_cwnd_bytes":47885},{"time":2668,"init_cwnd_mss":39,"init_cwnd_bytes":47885},{"time":3239,"init_cwnd_mss":36,"init_cwnd_bytes":44199},{"time":2739,"init_cwnd_mss":40,"init_cwnd_bytes":49112},{"time":3806,"init_cwnd_mss":67,"init_cwnd_bytes":82266},{"time":2411,"init_cwnd_mss":41,"init_cwnd_bytes":50341},{"time":3446,"init_cwnd_mss":68,"init_cwnd_bytes":83496},{"time":2786,"init_cwnd_mss":36,"init_cwnd_bytes":44201},{"time":3396,"init_cwnd_mss":70,"init_cwnd_bytes":85901},{"time":3859,"init_cwnd_mss":69,"init_cwnd_bytes":84712},{"time":2824,"init_cwnd_mss":71,"init_cwnd_bytes":87153},{"time":2894,"init_cwnd_mss":69,"init_cwnd_bytes":84712},{"time":3468,"init_cwnd_mss":74,"init_cwnd_bytes":90845},{"time":2893,"init_cwnd_mss":38,"init_cwnd_bytes":46657},{"time":2617,"init_cwnd_mss":36,"init_cwnd_bytes":44234},{"time":2687,"init_cwnd_mss":42,"init_cwnd_bytes":51569},{"time":2484,"init_cwnd_mss":36,"init_cwnd_bytes":44200},{"time":2993,"init_cwnd_mss":68,"init_cwnd_bytes":83482},{"time":2590,"init_cwnd_mss":42,"init_cwnd_bytes":51554},{"time":2641,"init_cwnd_mss":43,"init_cwnd_bytes":52796},{"time":3123,"init_cwnd_mss":41,"init_cwnd_bytes":50542},{"time":2687,"init_cwnd_mss":43,"init_cwnd_bytes":52958},{"time":2780,"init_cwnd_mss":68,"init_cwnd_bytes":83482},{"time":2737,"init_cwnd_mss":36,"init_cwnd_bytes":44201},{"time":3005,"init_cwnd_mss":71,"init_cwnd_bytes":87164},{"time":3094,"init_cwnd_mss":73,"init_cwnd_bytes":89627},{"time":2410,"init_cwnd_mss":40,"init_cwnd_bytes":49112},{"time":2642,"init_cwnd_mss":35,"init_cwnd_bytes":42971},{"time":3065,"init_cwnd_mss":36,"init_cwnd_bytes":44199}]