[{"time":471,"init_cwnd_mss":0,"init_cwnd_bytes":14678},{"time":338,"init_cwnd_mss":0,"init_cwnd_bytes":122236},{"time":360,"init_cwnd_mss":0,"init_cwnd_bytes":19956},{"time":413,"init_cwnd_mss":0,"init_cwnd_bytes":2112},{"time":325,"init_cwnd_mss":0,"init_cwnd_bytes":264256},{"time":437,"init_cwnd_mss":0,"init_cwnd_bytes":26661},{"time":639,"init_cwnd_mss":0,"init_cwnd_bytes":19938},{"time":350,"init_cwnd_mss":0,"init_cwnd_bytes":18478},{"time":543,"init_cwnd_mss":0,"init_cwnd_bytes":24012},{"time":422,"init_cwnd_mss":0,"init_cwnd_bytes":21208},{"time":457,"init_cwnd_mss":0,"init_cwnd_bytes":39260},{"time":421,"init_cwnd_mss":0,"init_cwnd_bytes":48326},{"time":426,"init_cwnd_mss":0,"init_cwnd_bytes":34861},{"time":420,"init_cwnd_mss":0,"init_cwnd_bytes":31960},{"time":541,"init_cwnd_mss":0,"init_cwnd_bytes":31960},{"time":454,"init_cwnd_mss":0,"init_cwnd_bytes":31960},{"time":530,"init_cwnd_mss":0,"init_cwnd_bytes":17018},{"time":526,"init_cwnd_mss":0,"init_cwnd_bytes":5032},{"time":528,"init_cwnd_mss":0,"init_cwnd_bytes":31960},{"time":415,"init_cwnd_mss":0,"init_cwnd_bytes":2112},{"time":516,"init_cwnd_mss":0,"init_cwnd_bytes":2112},{"time":559,"init_cwnd_mss":0,"init_cwnd_bytes":34880},{"time":448,"init_cwnd_mss":0,"init_cwnd_bytes":31960},{"time":455,"init_cwnd_mss":0,"init_cwnd_bytes":5032},{"time":252,"init_cwnd_mss":0,"init_cwnd_bytes":19938},{"time":461,"init_cwnd_mss":0,"init_cwnd_bytes":21398},{"time":227,"init_cwnd_mss":0,"init_cwnd_bytes":18478},{"time":453,"init_cwnd_mss":0,"init_cwnd_bytes":19919},{"time":280,"init_cwnd_mss":0,"init_cwnd_bytes":37800},{"time":232,"init_cwnd_mss":0,"init_cwnd_bytes":21379},{"time":431,"init_cwnd_mss":0,"init_cwnd_bytes":48326},{"time":441,"init_cwnd_mss":0,"init_cwnd_bytes":3553},{"time":-16369967,"init_cwnd_mss":0,"init_cwnd_bytes":34538},{"time":338,"init_cwnd_mss":0,"init_cwnd_bytes":18478},{"time":409,"init_cwnd_mss":0,"init_cwnd_bytes":19938},{"time":351,"init_cwnd_mss":0,"init_cwnd_bytes":48326},{"time":340,"init_cwnd_mss":0,"init_cwnd_bytes":3553},{"time":413,"init_cwnd_mss":0,"init_cwnd_bytes":19938},{"time":433,"init_cwnd_mss":0,"init_cwnd_bytes":19938},{"time":568,"init_cwnd_mss":0,"init_cwnd_bytes":165952}]