[{"time":127,"init_cwnd_mss":12,"init_cwnd_bytes":16652},{"time":128,"init_cwnd_mss":24,"init_cwnd_bytes":32328},{"time":167,"init_cwnd_mss":21,"init_cwnd_bytes":29526},{"time":126,"init_cwnd_mss":29,"init_cwnd_bytes":37940},{"time":129,"init_cwnd_mss":20,"init_cwnd_bytes":28021},{"time":124,"init_cwnd_mss":27,"init_cwnd_bytes":36342},{"time":123,"init_cwnd_mss":23,"init_cwnd_bytes":32135},{"time":124,"init_cwnd_mss":26,"init_cwnd_bytes":35136},{"time":124,"init_cwnd_mss":18,"init_cwnd_bytes":25314},{"time":133,"init_cwnd_mss":24,"init_cwnd_bytes":32328},{"time":116,"init_cwnd_mss":27,"init_cwnd_bytes":36540},{"time":123,"init_cwnd_mss":20,"init_cwnd_bytes":28118},{"time":121,"init_cwnd_mss":134,"init_cwnd_bytes":92176},{"time":128,"init_cwnd_mss":43,"init_cwnd_bytes":59020},{"time":121,"init_cwnd_mss":22,"init_cwnd_bytes":30932},{"time":123,"init_cwnd_mss":28,"init_cwnd_bytes":38071},{"time":120,"init_cwnd_mss":36,"init_cwnd_bytes":49178},{"time":124,"init_cwnd_mss":19,"init_cwnd_bytes":26714},{"time":154,"init_cwnd_mss":17,"init_cwnd_bytes":23855},{"time":153,"init_cwnd_mss":19,"init_cwnd_bytes":26710},{"time":160,"init_cwnd_mss":20,"init_cwnd_bytes":26513},{"time":166,"init_cwnd_mss":22,"init_cwnd_bytes":30932},{"time":133,"init_cwnd_mss":21,"init_cwnd_bytes":29526},{"time":126,"init_cwnd_mss":13,"init_cwnd_bytes":18278},{"time":137,"init_cwnd_mss":15,"init_cwnd_bytes":20940},{"time":129,"init_cwnd_mss":30,"init_cwnd_bytes":40752},{"time":184,"init_cwnd_mss":19,"init_cwnd_bytes":26712},{"time":169,"init_cwnd_mss":17,"init_cwnd_bytes":23902},{"time":125,"init_cwnd_mss":26,"init_cwnd_bytes":35136},{"time":132,"init_cwnd_mss":22,"init_cwnd_bytes":30710},{"time":147,"init_cwnd_mss":11,"init_cwnd_bytes":15323},{"time":123,"init_cwnd_mss":36,"init_cwnd_bytes":49178},{"time":133,"init_cwnd_mss":17,"init_cwnd_bytes":23700},{"time":448,"init_cwnd_mss":858,"init_cwnd_bytes":1017122},{"time":129,"init_cwnd_mss":28,"init_cwnd_bytes":37944},{"time":122,"init_cwnd_mss":24,"init_cwnd_bytes":33593},{"time":125,"init_cwnd_mss":18,"init_cwnd_bytes":25306},{"time":151,"init_cwnd_mss":21,"init_cwnd_bytes":29526},{"time":153,"init_cwnd_mss":67,"init_cwnd_bytes":91174},{"time":130,"init_cwnd_mss":21,"init_cwnd_bytes":29526}]