[{"time":4,"init_cwnd_mss":0,"init_cwnd_bytes":0},{"time":3,"init_cwnd_mss":0,"init_cwnd_bytes":615},{"time":2,"init_cwnd_mss":0,"init_cwnd_bytes":615},{"time":3,"init_cwnd_mss":0,"init_cwnd_bytes":615},{"time":2,"init_cwnd_mss":0,"init_cwnd_bytes":615},{"time":3,"init_cwnd_mss":0,"init_cwnd_bytes":615},{"time":3,"init_cwnd_mss":0,"init_cwnd_bytes":615},{"time":2,"init_cwnd_mss":0,"init_cwnd_bytes":0},{"time":2,"init_cwnd_mss":0,"init_cwnd_bytes":615},{"time":3,"init_cwnd_mss":0,"init_cwnd_bytes":0},{"time":2,"init_cwnd_mss":0,"init_cwnd_bytes":615},{"time":2,"init_cwnd_mss":0,"init_cwnd_bytes":615},{"time":3,"init_cwnd_mss":0,"init_cwnd_bytes":0},{"time":2,"init_cwnd_mss":0,"init_cwnd_bytes":615},{"time":2,"init_cwnd_mss":0,"init_cwnd_bytes":615},{"time":2,"init_cwnd_mss":0,"init_cwnd_bytes":615},{"time":2,"init_cwnd_mss":0,"init_cwnd_bytes":615},{"time":2,"init_cwnd_mss":0,"init_cwnd_bytes":0},{"time":2,"init_cwnd_mss":0,"init_cwnd_bytes":0},{"time":2,"init_cwnd_mss":0,"init_cwnd_bytes":615},{"time":3,"init_cwnd_mss":0,"init_cwnd_bytes":615},{"time":3,"init_cwnd_mss":0,"init_cwnd_bytes":0},{"time":3,"init_cwnd_mss":0,"init_cwnd_bytes":0},{"time":2,"init_cwnd_mss":0,"init_cwnd_bytes":615},{"time":2,"init_cwnd_mss":0,"init_cwnd_bytes":615},{"time":2,"init_cwnd_mss":0,"init_cwnd_bytes":615},{"time":2,"init_cwnd_mss":0,"init_cwnd_bytes":615},{"time":3,"init_cwnd_mss":0,"init_cwnd_bytes":0},{"time":2,"init_cwnd_mss":0,"init_cwnd_bytes":615},{"time":2,"init_cwnd_mss":0,"init_cwnd_bytes":615},{"time":2,"init_cwnd_mss":0,"init_cwnd_bytes":615},{"time":2,"init_cwnd_mss":0,"init_cwnd_bytes":615},{"time":2,"init_cwnd_mss":0,"init_cwnd_bytes":615},{"time":2,"init_cwnd_mss":0,"init_cwnd_bytes":615},{"time":2,"init_cwnd_mss":0,"init_cwnd_bytes":615},{"time":3,"init_cwnd_mss":0,"init_cwnd_bytes":0},{"time":2,"init_cwnd_mss":0,"init_cwnd_bytes":615},{"time":3,"init_cwnd_mss":0,"init_cwnd_bytes":0},{"time":2,"init_cwnd_mss":0,"init_cwnd_bytes":615},{"time":3,"init_cwnd_mss":0,"init_cwnd_bytes":615}]