[{"time":328,"init_cwnd_mss":17,"init_cwnd_bytes":22718},{"time":336,"init_cwnd_mss":15,"init_cwnd_bytes":21090},{"time":339,"init_cwnd_mss":18,"init_cwnd_bytes":25104},{"time":326,"init_cwnd_mss":17,"init_cwnd_bytes":23902},{"time":348,"init_cwnd_mss":17,"init_cwnd_bytes":23902},{"time":347,"init_cwnd_mss":17,"init_cwnd_bytes":23698},{"time":417,"init_cwnd_mss":17,"init_cwnd_bytes":23804},{"time":311,"init_cwnd_mss":17,"init_cwnd_bytes":23902},{"time":313,"init_cwnd_mss":17,"init_cwnd_bytes":23902},{"time":332,"init_cwnd_mss":17,"init_cwnd_bytes":23900},{"time":326,"init_cwnd_mss":17,"init_cwnd_bytes":23902},{"time":329,"init_cwnd_mss":20,"init_cwnd_bytes":28120},{"time":310,"init_cwnd_mss":17,"init_cwnd_bytes":23679},{"time":317,"init_cwnd_mss":17,"init_cwnd_bytes":23802},{"time":305,"init_cwnd_mss":17,"init_cwnd_bytes":23698},{"time":327,"init_cwnd_mss":17,"init_cwnd_bytes":22500},{"time":323,"init_cwnd_mss":17,"init_cwnd_bytes":23698},{"time":312,"init_cwnd_mss":19,"init_cwnd_bytes":26510},{"time":307,"init_cwnd_mss":18,"init_cwnd_bytes":24175},{"time":323,"init_cwnd_mss":18,"init_cwnd_bytes":25156},{"time":378,"init_cwnd_mss":17,"init_cwnd_bytes":23698},{"time":309,"init_cwnd_mss":17,"init_cwnd_bytes":23902},{"time":324,"init_cwnd_mss":17,"init_cwnd_bytes":23749},{"time":413,"init_cwnd_mss":16,"init_cwnd_bytes":22496},{"time":349,"init_cwnd_mss":17,"init_cwnd_bytes":23900},{"time":333,"init_cwnd_mss":17,"init_cwnd_bytes":23698},{"time":312,"init_cwnd_mss":18,"init_cwnd_bytes":23904},{"time":310,"init_cwnd_mss":17,"init_cwnd_bytes":23697},{"time":318,"init_cwnd_mss":17,"init_cwnd_bytes":23902},{"time":343,"init_cwnd_mss":17,"init_cwnd_bytes":23902},{"time":342,"init_cwnd_mss":17,"init_cwnd_bytes":23750},{"time":326,"init_cwnd_mss":17,"init_cwnd_bytes":23699},{"time":325,"init_cwnd_mss":16,"init_cwnd_bytes":22300},{"time":346,"init_cwnd_mss":17,"init_cwnd_bytes":23902},{"time":313,"init_cwnd_mss":17,"init_cwnd_bytes":23902},{"time":326,"init_cwnd_mss":17,"init_cwnd_bytes":23699},{"time":344,"init_cwnd_mss":17,"init_cwnd_bytes":23699},{"time":305,"init_cwnd_mss":17,"init_cwnd_bytes":23902},{"time":367,"init_cwnd_mss":38,"init_cwnd_bytes":51948},{"time":340,"init_cwnd_mss":17,"init_cwnd_bytes":23699}]