[{"time":2256,"init_cwnd_mss":39,"init_cwnd_bytes":47885},{"time":2236,"init_cwnd_mss":39,"init_cwnd_bytes":47918},{"time":2237,"init_cwnd_mss":40,"init_cwnd_bytes":49113},{"time":2118,"init_cwnd_mss":39,"init_cwnd_bytes":47884},{"time":2135,"init_cwnd_mss":38,"init_cwnd_bytes":46656},{"time":2537,"init_cwnd_mss":71,"init_cwnd_bytes":87221},{"time":2502,"init_cwnd_mss":71,"init_cwnd_bytes":87166},{"time":2238,"init_cwnd_mss":41,"init_cwnd_bytes":50327},{"time":2975,"init_cwnd_mss":34,"init_cwnd_bytes":41687},{"time":2167,"init_cwnd_mss":37,"init_cwnd_bytes":45428},{"time":2169,"init_cwnd_mss":40,"init_cwnd_bytes":49113},{"time":2147,"init_cwnd_mss":42,"init_cwnd_bytes":51568},{"time":2384,"init_cwnd_mss":41,"init_cwnd_bytes":50341},{"time":2349,"init_cwnd_mss":36,"init_cwnd_bytes":44200},{"time":2310,"init_cwnd_mss":39,"init_cwnd_bytes":47884},{"time":2138,"init_cwnd_mss":39,"init_cwnd_bytes":47885},{"time":2166,"init_cwnd_mss":38,"init_cwnd_bytes":46656},{"time":2242,"init_cwnd_mss":41,"init_cwnd_bytes":50327},{"time":2851,"init_cwnd_mss":75,"init_cwnd_bytes":92074},{"time":3235,"init_cwnd_mss":76,"init_cwnd_bytes":93486},{"time":2533,"init_cwnd_mss":36,"init_cwnd_bytes":44201},{"time":3130,"init_cwnd_mss":39,"init_cwnd_bytes":47867},{"time":2621,"init_cwnd_mss":74,"init_cwnd_bytes":90793},{"time":2549,"init_cwnd_mss":75,"init_cwnd_bytes":92118},{"time":2709,"init_cwnd_mss":74,"init_cwnd_bytes":90845},{"time":2152,"init_cwnd_mss":41,"init_cwnd_bytes":50340},{"time":2251,"init_cwnd_mss":36,"init_cwnd_bytes":44200},{"time":2449,"init_cwnd_mss":36,"init_cwnd_bytes":44200},{"time":2159,"init_cwnd_mss":40,"init_cwnd_bytes":49113},{"time":2575,"init_cwnd_mss":76,"init_cwnd_bytes":93484},{"time":2160,"init_cwnd_mss":39,"init_cwnd_bytes":47885},{"time":2128,"init_cwnd_mss":36,"init_cwnd_bytes":44200},{"time":2492,"init_cwnd_mss":72,"init_cwnd_bytes":88437},{"time":2747,"init_cwnd_mss":69,"init_cwnd_bytes":84721},{"time":2847,"init_cwnd_mss":33,"init_cwnd_bytes":40520},{"time":2657,"init_cwnd_mss":74,"init_cwnd_bytes":91231},{"time":2851,"init_cwnd_mss":69,"init_cwnd_bytes":84708},{"time":2222,"init_cwnd_mss":39,"init_cwnd_bytes":47884},{"time":2274,"init_cwnd_mss":42,"init_cwnd_bytes":51569},{"time":2300,"init_cwnd_mss":36,"init_cwnd_bytes":44234}]