[{"time":6259,"init_cwnd_mss":0,"init_cwnd_bytes":32750},{"time":5176,"init_cwnd_mss":0,"init_cwnd_bytes":0},{"time":7902,"init_cwnd_mss":0,"init_cwnd_bytes":49125},{"time":5893,"init_cwnd_mss":0,"init_cwnd_bytes":0},{"time":6627,"init_cwnd_mss":0,"init_cwnd_bytes":16375},{"time":5088,"init_cwnd_mss":0,"init_cwnd_bytes":32750},{"time":5219,"init_cwnd_mss":0,"init_cwnd_bytes":0},{"time":5136,"init_cwnd_mss":0,"init_cwnd_bytes":32750},{"time":5562,"init_cwnd_mss":0,"init_cwnd_bytes":32750},{"time":5900,"init_cwnd_mss":0,"init_cwnd_bytes":32750},{"time":5831,"init_cwnd_mss":0,"init_cwnd_bytes":0},{"time":5488,"init_cwnd_mss":0,"init_cwnd_bytes":0},{"time":9844,"init_cwnd_mss":0,"init_cwnd_bytes":0},{"time":4842,"init_cwnd_mss":0,"init_cwnd_bytes":0},{"time":5820,"init_cwnd_mss":0,"init_cwnd_bytes":0},{"time":5809,"init_cwnd_mss":0,"init_cwnd_bytes":16375},{"time":5542,"init_cwnd_mss":0,"init_cwnd_bytes":32750},{"time":5229,"init_cwnd_mss":0,"init_cwnd_bytes":32750},{"time":5204,"init_cwnd_mss":0,"init_cwnd_bytes":32750},{"time":6403,"init_cwnd_mss":0,"init_cwnd_bytes":32750},{"time":5520,"init_cwnd_mss":0,"init_cwnd_bytes":0},{"time":5796,"init_cwnd_mss":0,"init_cwnd_bytes":0},{"time":5930,"init_cwnd_mss":0,"init_cwnd_bytes":0},{"time":5285,"init_cwnd_mss":0,"init_cwnd_bytes":32750},{"time":5384,"init_cwnd_mss":0,"init_cwnd_bytes":32750},{"time":5601,"init_cwnd_mss":0,"init_cwnd_bytes":0},{"time":5412,"init_cwnd_mss":0,"init_cwnd_bytes":32750},{"time":6327,"init_cwnd_mss":0,"init_cwnd_bytes":0},{"time":5630,"init_cwnd_mss":0,"init_cwnd_bytes":0},{"time":5631,"init_cwnd_mss":0,"init_cwnd_bytes":16375},{"time":5585,"init_cwnd_mss":0,"init_cwnd_bytes":32750},{"time":5705,"init_cwnd_mss":0,"init_cwnd_bytes":0},{"time":5667,"init_cwnd_mss":0,"init_cwnd_bytes":0},{"time":5288,"init_cwnd_mss":0,"init_cwnd_bytes":32750},{"time":5481,"init_cwnd_mss":0,"init_cwnd_bytes":32750},{"time":6944,"init_cwnd_mss":0,"init_cwnd_bytes":32750},{"time":5287,"init_cwnd_mss":0,"init_cwnd_bytes":32750},{"time":5718,"init_cwnd_mss":0,"init_cwnd_bytes":0},{"time":7450,"init_cwnd_mss":0,"init_cwnd_bytes":0},{"time":6268,"init_cwnd_mss":0,"init_cwnd_bytes":0}]