[{"time":312,"init_cwnd_mss":0,"init_cwnd_bytes":113004},{"time":384,"init_cwnd_mss":0,"init_cwnd_bytes":113004},{"time":322,"init_cwnd_mss":0,"init_cwnd_bytes":113004},{"time":345,"init_cwnd_mss":0,"init_cwnd_bytes":113004},{"time":362,"init_cwnd_mss":0,"init_cwnd_bytes":113004},{"time":333,"init_cwnd_mss":0,"init_cwnd_bytes":113004},{"time":390,"init_cwnd_mss":0,"init_cwnd_bytes":97495},{"time":356,"init_cwnd_mss":0,"init_cwnd_bytes":113004},{"time":605,"init_cwnd_mss":0,"init_cwnd_bytes":113004},{"time":357,"init_cwnd_mss":0,"init_cwnd_bytes":113004},{"time":352,"init_cwnd_mss":0,"init_cwnd_bytes":86934},{"time":316,"init_cwnd_mss":0,"init_cwnd_bytes":113004},{"time":349,"init_cwnd_mss":0,"init_cwnd_bytes":113004},{"time":366,"init_cwnd_mss":0,"init_cwnd_bytes":94092},{"time":334,"init_cwnd_mss":0,"init_cwnd_bytes":100416},{"time":337,"init_cwnd_mss":0,"init_cwnd_bytes":85474},{"time":375,"init_cwnd_mss":0,"init_cwnd_bytes":113004},{"time":371,"init_cwnd_mss":0,"init_cwnd_bytes":113004},{"time":336,"init_cwnd_mss":0,"init_cwnd_bytes":100416},{"time":353,"init_cwnd_mss":0,"init_cwnd_bytes":86934},{"time":392,"init_cwnd_mss":0,"init_cwnd_bytes":113004},{"time":304,"init_cwnd_mss":0,"init_cwnd_bytes":113004},{"time":356,"init_cwnd_mss":0,"init_cwnd_bytes":100533},{"time":374,"init_cwnd_mss":0,"init_cwnd_bytes":113004},{"time":367,"init_cwnd_mss":0,"init_cwnd_bytes":113004},{"time":359,"init_cwnd_mss":0,"init_cwnd_bytes":81091},{"time":391,"init_cwnd_mss":0,"init_cwnd_bytes":113004},{"time":401,"init_cwnd_mss":0,"init_cwnd_bytes":113004},{"time":415,"init_cwnd_mss":0,"init_cwnd_bytes":113004},{"time":362,"init_cwnd_mss":0,"init_cwnd_bytes":113004},{"time":359,"init_cwnd_mss":0,"init_cwnd_bytes":66352},{"time":333,"init_cwnd_mss":0,"init_cwnd_bytes":113004},{"time":335,"init_cwnd_mss":0,"init_cwnd_bytes":100416},{"time":340,"init_cwnd_mss":0,"init_cwnd_bytes":85474},{"time":297,"init_cwnd_mss":0,"init_cwnd_bytes":100416},{"time":305,"init_cwnd_mss":0,"init_cwnd_bytes":82248},{"time":317,"init_cwnd_mss":0,"init_cwnd_bytes":101876},{"time":349,"init_cwnd_mss":0,"init_cwnd_bytes":113004},{"time":340,"init_cwnd_mss":0,"init_cwnd_bytes":101857},{"time":355,"init_cwnd_mss":0,"init_cwnd_bytes":113004}]