[{"time":354,"init_cwnd_mss":18,"init_cwnd_bytes":25308},{"time":461,"init_cwnd_mss":25,"init_cwnd_bytes":33732},{"time":382,"init_cwnd_mss":17,"init_cwnd_bytes":23902},{"time":419,"init_cwnd_mss":16,"init_cwnd_bytes":21315},{"time":416,"init_cwnd_mss":18,"init_cwnd_bytes":25308},{"time":1129,"init_cwnd_mss":81,"init_cwnd_bytes":109594},{"time":346,"init_cwnd_mss":18,"init_cwnd_bytes":25308},{"time":361,"init_cwnd_mss":17,"init_cwnd_bytes":23803},{"time":406,"init_cwnd_mss":21,"init_cwnd_bytes":29526},{"time":626,"init_cwnd_mss":19,"init_cwnd_bytes":26714},{"time":408,"init_cwnd_mss":17,"init_cwnd_bytes":23900},{"time":445,"init_cwnd_mss":15,"init_cwnd_bytes":21090},{"time":411,"init_cwnd_mss":17,"init_cwnd_bytes":23902},{"time":417,"init_cwnd_mss":18,"init_cwnd_bytes":25308},{"time":384,"init_cwnd_mss":19,"init_cwnd_bytes":26714},{"time":372,"init_cwnd_mss":17,"init_cwnd_bytes":23902},{"time":415,"init_cwnd_mss":17,"init_cwnd_bytes":23902},{"time":522,"init_cwnd_mss":15,"init_cwnd_bytes":21090},{"time":406,"init_cwnd_mss":16,"init_cwnd_bytes":22496},{"time":411,"init_cwnd_mss":16,"init_cwnd_bytes":22496},{"time":384,"init_cwnd_mss":18,"init_cwnd_bytes":24123},{"time":460,"init_cwnd_mss":16,"init_cwnd_bytes":22496},{"time":380,"init_cwnd_mss":15,"init_cwnd_bytes":21090},{"time":392,"init_cwnd_mss":17,"init_cwnd_bytes":23902},{"time":369,"init_cwnd_mss":18,"init_cwnd_bytes":25308},{"time":384,"init_cwnd_mss":17,"init_cwnd_bytes":23902},{"time":380,"init_cwnd_mss":17,"init_cwnd_bytes":23902},{"time":386,"init_cwnd_mss":18,"init_cwnd_bytes":25308},{"time":363,"init_cwnd_mss":17,"init_cwnd_bytes":23902},{"time":915,"init_cwnd_mss":11,"init_cwnd_bytes":15466},{"time":399,"init_cwnd_mss":17,"init_cwnd_bytes":23318},{"time":580,"init_cwnd_mss":14,"init_cwnd_bytes":19684},{"time":502,"init_cwnd_mss":16,"init_cwnd_bytes":21458},{"time":427,"init_cwnd_mss":17,"init_cwnd_bytes":23902},{"time":387,"init_cwnd_mss":17,"init_cwnd_bytes":23817},{"time":371,"init_cwnd_mss":18,"init_cwnd_bytes":25308},{"time":419,"init_cwnd_mss":16,"init_cwnd_bytes":22496},{"time":396,"init_cwnd_mss":17,"init_cwnd_bytes":23902},{"time":337,"init_cwnd_mss":17,"init_cwnd_bytes":23912},{"time":401,"init_cwnd_mss":17,"init_cwnd_bytes":23701}]