[{"time":1054,"init_cwnd_mss":0,"init_cwnd_bytes":97498},{"time":1059,"init_cwnd_mss":0,"init_cwnd_bytes":121837},{"time":1388,"init_cwnd_mss":0,"init_cwnd_bytes":80957},{"time":1068,"init_cwnd_mss":0,"init_cwnd_bytes":85477},{"time":1044,"init_cwnd_mss":0,"init_cwnd_bytes":97495},{"time":1188,"init_cwnd_mss":0,"init_cwnd_bytes":130263},{"time":1191,"init_cwnd_mss":0,"init_cwnd_bytes":31959},{"time":1343,"init_cwnd_mss":0,"init_cwnd_bytes":113862},{"time":1294,"init_cwnd_mss":0,"init_cwnd_bytes":113858},{"time":1354,"init_cwnd_mss":0,"init_cwnd_bytes":116898},{"time":1220,"init_cwnd_mss":0,"init_cwnd_bytes":48322},{"time":1225,"init_cwnd_mss":0,"init_cwnd_bytes":64723},{"time":1245,"init_cwnd_mss":0,"init_cwnd_bytes":120434},{"time":1380,"init_cwnd_mss":0,"init_cwnd_bytes":130260},{"time":1146,"init_cwnd_mss":0,"init_cwnd_bytes":79924},{"time":1197,"init_cwnd_mss":0,"init_cwnd_bytes":117941},{"time":1275,"init_cwnd_mss":0,"init_cwnd_bytes":31964},{"time":1247,"init_cwnd_mss":0,"init_cwnd_bytes":130269},{"time":1180,"init_cwnd_mss":0,"init_cwnd_bytes":98961},{"time":1085,"init_cwnd_mss":0,"init_cwnd_bytes":113858},{"time":1100,"init_cwnd_mss":0,"init_cwnd_bytes":62356},{"time":1356,"init_cwnd_mss":0,"init_cwnd_bytes":107108},{"time":1231,"init_cwnd_mss":0,"init_cwnd_bytes":48322},{"time":1032,"init_cwnd_mss":0,"init_cwnd_bytes":69112},{"time":1184,"init_cwnd_mss":0,"init_cwnd_bytes":97501},{"time":1070,"init_cwnd_mss":0,"init_cwnd_bytes":97501},{"time":1180,"init_cwnd_mss":0,"init_cwnd_bytes":113867},{"time":1119,"init_cwnd_mss":0,"init_cwnd_bytes":130260},{"time":1298,"init_cwnd_mss":0,"init_cwnd_bytes":15910},{"time":1073,"init_cwnd_mss":0,"init_cwnd_bytes":97491},{"time":1197,"init_cwnd_mss":0,"init_cwnd_bytes":130260},{"time":1038,"init_cwnd_mss":0,"init_cwnd_bytes":69113},{"time":1323,"init_cwnd_mss":0,"init_cwnd_bytes":64733},{"time":1171,"init_cwnd_mss":0,"init_cwnd_bytes":97501},{"time":1076,"init_cwnd_mss":0,"init_cwnd_bytes":81099},{"time":1215,"init_cwnd_mss":0,"init_cwnd_bytes":100415},{"time":1188,"init_cwnd_mss":0,"init_cwnd_bytes":2111},{"time":1216,"init_cwnd_mss":0,"init_cwnd_bytes":84013},{"time":1272,"init_cwnd_mss":0,"init_cwnd_bytes":48325},{"time":1089,"init_cwnd_mss":0,"init_cwnd_bytes":97501}]