[{"time":806,"init_cwnd_mss":16,"init_cwnd_bytes":22295},{"time":874,"init_cwnd_mss":18,"init_cwnd_bytes":25109},{"time":715,"init_cwnd_mss":20,"init_cwnd_bytes":28120},{"time":774,"init_cwnd_mss":21,"init_cwnd_bytes":29325},{"time":665,"init_cwnd_mss":17,"init_cwnd_bytes":23900},{"time":682,"init_cwnd_mss":14,"init_cwnd_bytes":13536},{"time":740,"init_cwnd_mss":18,"init_cwnd_bytes":23904},{"time":680,"init_cwnd_mss":17,"init_cwnd_bytes":23902},{"time":705,"init_cwnd_mss":17,"init_cwnd_bytes":23683},{"time":671,"init_cwnd_mss":18,"init_cwnd_bytes":25108},{"time":730,"init_cwnd_mss":16,"init_cwnd_bytes":22496},{"time":681,"init_cwnd_mss":17,"init_cwnd_bytes":23702},{"time":637,"init_cwnd_mss":17,"init_cwnd_bytes":23902},{"time":619,"init_cwnd_mss":17,"init_cwnd_bytes":23702},{"time":838,"init_cwnd_mss":17,"init_cwnd_bytes":23754},{"time":630,"init_cwnd_mss":17,"init_cwnd_bytes":23902},{"time":689,"init_cwnd_mss":17,"init_cwnd_bytes":23902},{"time":662,"init_cwnd_mss":18,"init_cwnd_bytes":25308},{"time":835,"init_cwnd_mss":18,"init_cwnd_bytes":25308},{"time":629,"init_cwnd_mss":17,"init_cwnd_bytes":23902},{"time":798,"init_cwnd_mss":15,"init_cwnd_bytes":21090},{"time":1026,"init_cwnd_mss":15,"init_cwnd_bytes":21090},{"time":762,"init_cwnd_mss":17,"init_cwnd_bytes":22559},{"time":611,"init_cwnd_mss":19,"init_cwnd_bytes":26714},{"time":608,"init_cwnd_mss":16,"init_cwnd_bytes":22496},{"time":699,"init_cwnd_mss":18,"init_cwnd_bytes":25308},{"time":665,"init_cwnd_mss":21,"init_cwnd_bytes":29307},{"time":699,"init_cwnd_mss":15,"init_cwnd_bytes":21090},{"time":1022,"init_cwnd_mss":16,"init_cwnd_bytes":22496},{"time":706,"init_cwnd_mss":16,"init_cwnd_bytes":22496},{"time":679,"init_cwnd_mss":18,"init_cwnd_bytes":24724},{"time":822,"init_cwnd_mss":17,"init_cwnd_bytes":23902},{"time":807,"init_cwnd_mss":19,"init_cwnd_bytes":25562},{"time":635,"init_cwnd_mss":16,"init_cwnd_bytes":22496},{"time":1168,"init_cwnd_mss":17,"init_cwnd_bytes":22720},{"time":565,"init_cwnd_mss":19,"init_cwnd_bytes":25476},{"time":646,"init_cwnd_mss":21,"init_cwnd_bytes":29526},{"time":614,"init_cwnd_mss":17,"init_cwnd_bytes":23906},{"time":716,"init_cwnd_mss":17,"init_cwnd_bytes":23902},{"time":640,"init_cwnd_mss":17,"init_cwnd_bytes":23902}]