[{"time":7015,"init_cwnd_mss":0,"init_cwnd_bytes":0},{"time":7256,"init_cwnd_mss":0,"init_cwnd_bytes":32750},{"time":8215,"init_cwnd_mss":0,"init_cwnd_bytes":0},{"time":6634,"init_cwnd_mss":0,"init_cwnd_bytes":32750},{"time":7145,"init_cwnd_mss":0,"init_cwnd_bytes":32750},{"time":5764,"init_cwnd_mss":0,"init_cwnd_bytes":32750},{"time":6636,"init_cwnd_mss":0,"init_cwnd_bytes":32750},{"time":9140,"init_cwnd_mss":0,"init_cwnd_bytes":0},{"time":7103,"init_cwnd_mss":0,"init_cwnd_bytes":0},{"time":6966,"init_cwnd_mss":0,"init_cwnd_bytes":32750},{"time":7894,"init_cwnd_mss":0,"init_cwnd_bytes":32750},{"time":8149,"init_cwnd_mss":0,"init_cwnd_bytes":32750},{"time":8295,"init_cwnd_mss":0,"init_cwnd_bytes":32750},{"time":8655,"init_cwnd_mss":0,"init_cwnd_bytes":0},{"time":7864,"init_cwnd_mss":0,"init_cwnd_bytes":0},{"time":7489,"init_cwnd_mss":0,"init_cwnd_bytes":0},{"time":7892,"init_cwnd_mss":0,"init_cwnd_bytes":0},{"time":7138,"init_cwnd_mss":0,"init_cwnd_bytes":32750},{"time":7017,"init_cwnd_mss":0,"init_cwnd_bytes":32750},{"time":8034,"init_cwnd_mss":0,"init_cwnd_bytes":0},{"time":7910,"init_cwnd_mss":0,"init_cwnd_bytes":0},{"time":7880,"init_cwnd_mss":0,"init_cwnd_bytes":32750},{"time":8806,"init_cwnd_mss":0,"init_cwnd_bytes":0},{"time":9106,"init_cwnd_mss":0,"init_cwnd_bytes":0},{"time":5693,"init_cwnd_mss":0,"init_cwnd_bytes":32750},{"time":6709,"init_cwnd_mss":0,"init_cwnd_bytes":32750},{"time":6476,"init_cwnd_mss":0,"init_cwnd_bytes":8183},{"time":6724,"init_cwnd_mss":0,"init_cwnd_bytes":0},{"time":7080,"init_cwnd_mss":0,"init_cwnd_bytes":0},{"time":6090,"init_cwnd_mss":0,"init_cwnd_bytes":0},{"time":7095,"init_cwnd_mss":0,"init_cwnd_bytes":0},{"time":5465,"init_cwnd_mss":0,"init_cwnd_bytes":32750},{"time":8248,"init_cwnd_mss":0,"init_cwnd_bytes":32750},{"time":5475,"init_cwnd_mss":0,"init_cwnd_bytes":0},{"time":7627,"init_cwnd_mss":0,"init_cwnd_bytes":0},{"time":6218,"init_cwnd_mss":0,"init_cwnd_bytes":0},{"time":5387,"init_cwnd_mss":0,"init_cwnd_bytes":0},{"time":5115,"init_cwnd_mss":0,"init_cwnd_bytes":16375},{"time":6233,"init_cwnd_mss":0,"init_cwnd_bytes":32750},{"time":5963,"init_cwnd_mss":0,"init_cwnd_bytes":0}]