[{"time":2107,"init_cwnd_mss":40,"init_cwnd_bytes":49113},{"time":2170,"init_cwnd_mss":39,"init_cwnd_bytes":47884},{"time":2139,"init_cwnd_mss":37,"init_cwnd_bytes":45428},{"time":2162,"init_cwnd_mss":36,"init_cwnd_bytes":44200},{"time":2502,"init_cwnd_mss":71,"init_cwnd_bytes":87141},{"time":2520,"init_cwnd_mss":76,"init_cwnd_bytes":93251},{"time":2201,"init_cwnd_mss":40,"init_cwnd_bytes":49112},{"time":2496,"init_cwnd_mss":73,"init_cwnd_bytes":89620},{"time":2521,"init_cwnd_mss":76,"init_cwnd_bytes":93486},{"time":2253,"init_cwnd_mss":36,"init_cwnd_bytes":44234},{"time":2477,"init_cwnd_mss":74,"init_cwnd_bytes":90847},{"time":2200,"init_cwnd_mss":41,"init_cwnd_bytes":50340},{"time":2140,"init_cwnd_mss":36,"init_cwnd_bytes":44200},{"time":2161,"init_cwnd_mss":42,"init_cwnd_bytes":51568},{"time":2166,"init_cwnd_mss":36,"init_cwnd_bytes":44201},{"time":2428,"init_cwnd_mss":80,"init_cwnd_bytes":99184},{"time":2513,"init_cwnd_mss":72,"init_cwnd_bytes":88380},{"time":2281,"init_cwnd_mss":36,"init_cwnd_bytes":44201},{"time":2541,"init_cwnd_mss":71,"init_cwnd_bytes":87153},{"time":2496,"init_cwnd_mss":74,"init_cwnd_bytes":90845},{"time":2120,"init_cwnd_mss":37,"init_cwnd_bytes":45429},{"time":2504,"init_cwnd_mss":73,"init_cwnd_bytes":89620},{"time":2317,"init_cwnd_mss":39,"init_cwnd_bytes":47884},{"time":2128,"init_cwnd_mss":36,"init_cwnd_bytes":44201},{"time":2159,"init_cwnd_mss":39,"init_cwnd_bytes":47885},{"time":2223,"init_cwnd_mss":36,"init_cwnd_bytes":44200},{"time":2190,"init_cwnd_mss":36,"init_cwnd_bytes":44201},{"time":2275,"init_cwnd_mss":36,"init_cwnd_bytes":44201},{"time":2243,"init_cwnd_mss":43,"init_cwnd_bytes":52972},{"time":2260,"init_cwnd_mss":40,"init_cwnd_bytes":49116},{"time":2220,"init_cwnd_mss":39,"init_cwnd_bytes":47870},{"time":2220,"init_cwnd_mss":37,"init_cwnd_bytes":45429},{"time":2202,"init_cwnd_mss":40,"init_cwnd_bytes":49113},{"time":2216,"init_cwnd_mss":40,"init_cwnd_bytes":49146},{"time":2204,"init_cwnd_mss":39,"init_cwnd_bytes":47885},{"time":2523,"init_cwnd_mss":70,"init_cwnd_bytes":85925},{"time":2169,"init_cwnd_mss":37,"init_cwnd_bytes":45428},{"time":2169,"init_cwnd_mss":38,"init_cwnd_bytes":46657},{"time":2232,"init_cwnd_mss":36,"init_cwnd_bytes":44200},{"time":2127,"init_cwnd_mss":41,"init_cwnd_bytes":50341}]