[{"time":-12416076,"init_cwnd_mss":0,"init_cwnd_bytes":32750},{"time":9053,"init_cwnd_mss":0,"init_cwnd_bytes":16375},{"time":7991,"init_cwnd_mss":0,"init_cwnd_bytes":32750},{"time":7833,"init_cwnd_mss":0,"init_cwnd_bytes":32750},{"time":6622,"init_cwnd_mss":0,"init_cwnd_bytes":32750},{"time":7549,"init_cwnd_mss":0,"init_cwnd_bytes":32750},{"time":9402,"init_cwnd_mss":0,"init_cwnd_bytes":32750},{"time":9008,"init_cwnd_mss":0,"init_cwnd_bytes":32750},{"time":10310,"init_cwnd_mss":0,"init_cwnd_bytes":32750},{"time":8947,"init_cwnd_mss":0,"init_cwnd_bytes":32750},{"time":6375,"init_cwnd_mss":0,"init_cwnd_bytes":0},{"time":5876,"init_cwnd_mss":0,"init_cwnd_bytes":32750},{"time":7144,"init_cwnd_mss":0,"init_cwnd_bytes":32750},{"time":7372,"init_cwnd_mss":0,"init_cwnd_bytes":32750},{"time":5195,"init_cwnd_mss":0,"init_cwnd_bytes":32750},{"time":5427,"init_cwnd_mss":0,"init_cwnd_bytes":32750},{"time":6236,"init_cwnd_mss":0,"init_cwnd_bytes":32750},{"time":6159,"init_cwnd_mss":0,"init_cwnd_bytes":32750},{"time":6280,"init_cwnd_mss":0,"init_cwnd_bytes":32750},{"time":6020,"init_cwnd_mss":0,"init_cwnd_bytes":32750},{"time":6053,"init_cwnd_mss":0,"init_cwnd_bytes":32750},{"time":6153,"init_cwnd_mss":0,"init_cwnd_bytes":32750},{"time":6532,"init_cwnd_mss":0,"init_cwnd_bytes":32750},{"time":7844,"init_cwnd_mss":0,"init_cwnd_bytes":32750},{"time":7062,"init_cwnd_mss":0,"init_cwnd_bytes":32750},{"time":5843,"init_cwnd_mss":0,"init_cwnd_bytes":32750},{"time":6129,"init_cwnd_mss":0,"init_cwnd_bytes":32750},{"time":5482,"init_cwnd_mss":0,"init_cwnd_bytes":32750},{"time":5489,"init_cwnd_mss":0,"init_cwnd_bytes":32750},{"time":5310,"init_cwnd_mss":0,"init_cwnd_bytes":32750},{"time":6538,"init_cwnd_mss":0,"init_cwnd_bytes":32750},{"time":6526,"init_cwnd_mss":0,"init_cwnd_bytes":32750},{"time":8046,"init_cwnd_mss":0,"init_cwnd_bytes":32750},{"time":7273,"init_cwnd_mss":0,"init_cwnd_bytes":32750},{"time":6381,"init_cwnd_mss":0,"init_cwnd_bytes":32750},{"time":8338,"init_cwnd_mss":0,"init_cwnd_bytes":32750},{"time":8109,"init_cwnd_mss":0,"init_cwnd_bytes":32750},{"time":8189,"init_cwnd_mss":0,"init_cwnd_bytes":32750},{"time":6379,"init_cwnd_mss":0,"init_cwnd_bytes":32750},{"time":6355,"init_cwnd_mss":0,"init_cwnd_bytes":32750}]