[{"time":2810,"init_cwnd_mss":74,"init_cwnd_bytes":90843},{"time":2799,"init_cwnd_mss":70,"init_cwnd_bytes":85937},{"time":2747,"init_cwnd_mss":76,"init_cwnd_bytes":93241},{"time":2887,"init_cwnd_mss":78,"init_cwnd_bytes":95694},{"time":2928,"init_cwnd_mss":74,"init_cwnd_bytes":90843},{"time":2919,"init_cwnd_mss":71,"init_cwnd_bytes":87117},{"time":3156,"init_cwnd_mss":71,"init_cwnd_bytes":87166},{"time":2914,"init_cwnd_mss":74,"init_cwnd_bytes":90854},{"time":2556,"init_cwnd_mss":36,"init_cwnd_bytes":44193},{"time":2900,"init_cwnd_mss":75,"init_cwnd_bytes":92257},{"time":2963,"init_cwnd_mss":74,"init_cwnd_bytes":90798},{"time":2942,"init_cwnd_mss":75,"init_cwnd_bytes":92259},{"time":2834,"init_cwnd_mss":74,"init_cwnd_bytes":90845},{"time":2441,"init_cwnd_mss":40,"init_cwnd_bytes":49098},{"time":2742,"init_cwnd_mss":76,"init_cwnd_bytes":93683},{"time":2841,"init_cwnd_mss":69,"init_cwnd_bytes":84711},{"time":2890,"init_cwnd_mss":74,"init_cwnd_bytes":90845},{"time":2743,"init_cwnd_mss":74,"init_cwnd_bytes":90834},{"time":2759,"init_cwnd_mss":72,"init_cwnd_bytes":88391},{"time":2565,"init_cwnd_mss":42,"init_cwnd_bytes":51555},{"time":2853,"init_cwnd_mss":74,"init_cwnd_bytes":90844},{"time":2934,"init_cwnd_mss":70,"init_cwnd_bytes":85934},{"time":2838,"init_cwnd_mss":75,"init_cwnd_bytes":92083},{"time":3081,"init_cwnd_mss":74,"init_cwnd_bytes":90911},{"time":2911,"init_cwnd_mss":74,"init_cwnd_bytes":90843},{"time":2885,"init_cwnd_mss":69,"init_cwnd_bytes":84766},{"time":2986,"init_cwnd_mss":69,"init_cwnd_bytes":84709},{"time":2537,"init_cwnd_mss":39,"init_cwnd_bytes":47877},{"time":2966,"init_cwnd_mss":70,"init_cwnd_bytes":85934},{"time":2802,"init_cwnd_mss":74,"init_cwnd_bytes":90807},{"time":2964,"init_cwnd_mss":78,"init_cwnd_bytes":96726},{"time":3047,"init_cwnd_mss":70,"init_cwnd_bytes":86003},{"time":3199,"init_cwnd_mss":78,"init_cwnd_bytes":95693},{"time":2924,"init_cwnd_mss":70,"init_cwnd_bytes":85934},{"time":2876,"init_cwnd_mss":72,"init_cwnd_bytes":88391},{"time":2886,"init_cwnd_mss":70,"init_cwnd_bytes":85934},{"time":2826,"init_cwnd_mss":69,"init_cwnd_bytes":84709},{"time":3046,"init_cwnd_mss":77,"init_cwnd_bytes":94476},{"time":2954,"init_cwnd_mss":76,"init_cwnd_bytes":93692},{"time":3048,"init_cwnd_mss":74,"init_cwnd_bytes":90854}]