[{"time":352,"init_cwnd_mss":17,"init_cwnd_bytes":23752},{"time":373,"init_cwnd_mss":16,"init_cwnd_bytes":22496},{"time":352,"init_cwnd_mss":17,"init_cwnd_bytes":23751},{"time":297,"init_cwnd_mss":19,"init_cwnd_bytes":26565},{"time":336,"init_cwnd_mss":19,"init_cwnd_bytes":26545},{"time":316,"init_cwnd_mss":18,"init_cwnd_bytes":25308},{"time":661,"init_cwnd_mss":10,"init_cwnd_bytes":14060},{"time":296,"init_cwnd_mss":18,"init_cwnd_bytes":25308},{"time":382,"init_cwnd_mss":41,"init_cwnd_bytes":56006},{"time":329,"init_cwnd_mss":17,"init_cwnd_bytes":23856},{"time":295,"init_cwnd_mss":16,"init_cwnd_bytes":22496},{"time":329,"init_cwnd_mss":19,"init_cwnd_bytes":26714},{"time":336,"init_cwnd_mss":16,"init_cwnd_bytes":22450},{"time":303,"init_cwnd_mss":17,"init_cwnd_bytes":23902},{"time":279,"init_cwnd_mss":17,"init_cwnd_bytes":23902},{"time":286,"init_cwnd_mss":18,"init_cwnd_bytes":25308},{"time":288,"init_cwnd_mss":17,"init_cwnd_bytes":23900},{"time":299,"init_cwnd_mss":17,"init_cwnd_bytes":23709},{"time":280,"init_cwnd_mss":19,"init_cwnd_bytes":26714},{"time":296,"init_cwnd_mss":19,"init_cwnd_bytes":26714},{"time":284,"init_cwnd_mss":17,"init_cwnd_bytes":23902},{"time":325,"init_cwnd_mss":17,"init_cwnd_bytes":23902},{"time":292,"init_cwnd_mss":17,"init_cwnd_bytes":23701},{"time":298,"init_cwnd_mss":16,"init_cwnd_bytes":22347},{"time":294,"init_cwnd_mss":17,"init_cwnd_bytes":23902},{"time":544,"init_cwnd_mss":15,"init_cwnd_bytes":21090},{"time":416,"init_cwnd_mss":16,"init_cwnd_bytes":22496},{"time":396,"init_cwnd_mss":17,"init_cwnd_bytes":23902},{"time":409,"init_cwnd_mss":16,"init_cwnd_bytes":21096},{"time":383,"init_cwnd_mss":17,"init_cwnd_bytes":23902},{"time":429,"init_cwnd_mss":19,"init_cwnd_bytes":26565},{"time":412,"init_cwnd_mss":19,"init_cwnd_bytes":26714},{"time":430,"init_cwnd_mss":20,"init_cwnd_bytes":28120},{"time":441,"init_cwnd_mss":17,"init_cwnd_bytes":23804},{"time":416,"init_cwnd_mss":17,"init_cwnd_bytes":23681},{"time":474,"init_cwnd_mss":10,"init_cwnd_bytes":13843},{"time":428,"init_cwnd_mss":18,"init_cwnd_bytes":25308},{"time":447,"init_cwnd_mss":17,"init_cwnd_bytes":23902},{"time":412,"init_cwnd_mss":18,"init_cwnd_bytes":25308},{"time":398,"init_cwnd_mss":16,"init_cwnd_bytes":22326}]