[{"time":321,"init_cwnd_mss":0,"init_cwnd_bytes":113004},{"time":367,"init_cwnd_mss":0,"init_cwnd_bytes":113004},{"time":365,"init_cwnd_mss":0,"init_cwnd_bytes":67646},{"time":343,"init_cwnd_mss":0,"init_cwnd_bytes":113004},{"time":374,"init_cwnd_mss":0,"init_cwnd_bytes":113004},{"time":1456,"init_cwnd_mss":0,"init_cwnd_bytes":113004},{"time":303,"init_cwnd_mss":0,"init_cwnd_bytes":113004},{"time":356,"init_cwnd_mss":0,"init_cwnd_bytes":96504},{"time":279,"init_cwnd_mss":0,"init_cwnd_bytes":67651},{"time":248,"init_cwnd_mss":0,"init_cwnd_bytes":67647},{"time":276,"init_cwnd_mss":0,"init_cwnd_bytes":67647},{"time":266,"init_cwnd_mss":0,"init_cwnd_bytes":98955},{"time":266,"init_cwnd_mss":0,"init_cwnd_bytes":92125},{"time":262,"init_cwnd_mss":0,"init_cwnd_bytes":113004},{"time":243,"init_cwnd_mss":0,"init_cwnd_bytes":97495},{"time":242,"init_cwnd_mss":0,"init_cwnd_bytes":83365},{"time":268,"init_cwnd_mss":0,"init_cwnd_bytes":67647},{"time":249,"init_cwnd_mss":0,"init_cwnd_bytes":69107},{"time":242,"init_cwnd_mss":0,"init_cwnd_bytes":113004},{"time":256,"init_cwnd_mss":0,"init_cwnd_bytes":84013},{"time":249,"init_cwnd_mss":0,"init_cwnd_bytes":113004},{"time":260,"init_cwnd_mss":0,"init_cwnd_bytes":100416},{"time":254,"init_cwnd_mss":0,"init_cwnd_bytes":113004},{"time":258,"init_cwnd_mss":0,"init_cwnd_bytes":113004},{"time":469,"init_cwnd_mss":0,"init_cwnd_bytes":97499},{"time":279,"init_cwnd_mss":0,"init_cwnd_bytes":113004},{"time":250,"init_cwnd_mss":0,"init_cwnd_bytes":67651},{"time":248,"init_cwnd_mss":0,"init_cwnd_bytes":88717},{"time":260,"init_cwnd_mss":0,"init_cwnd_bytes":97499},{"time":245,"init_cwnd_mss":0,"init_cwnd_bytes":113004},{"time":250,"init_cwnd_mss":0,"init_cwnd_bytes":81097},{"time":250,"init_cwnd_mss":0,"init_cwnd_bytes":85477},{"time":269,"init_cwnd_mss":0,"init_cwnd_bytes":113004},{"time":325,"init_cwnd_mss":0,"init_cwnd_bytes":100419},{"time":343,"init_cwnd_mss":0,"init_cwnd_bytes":113004},{"time":340,"init_cwnd_mss":0,"init_cwnd_bytes":97495},{"time":323,"init_cwnd_mss":0,"init_cwnd_bytes":113004},{"time":492,"init_cwnd_mss":0,"init_cwnd_bytes":113004},{"time":331,"init_cwnd_mss":0,"init_cwnd_bytes":113004},{"time":390,"init_cwnd_mss":0,"init_cwnd_bytes":97495}]