[{"time":2799,"init_cwnd_mss":39,"init_cwnd_bytes":47868},{"time":2958,"init_cwnd_mss":38,"init_cwnd_bytes":46657},{"time":2836,"init_cwnd_mss":42,"init_cwnd_bytes":51569},{"time":2962,"init_cwnd_mss":73,"init_cwnd_bytes":89805},{"time":2457,"init_cwnd_mss":41,"init_cwnd_bytes":50341},{"time":2654,"init_cwnd_mss":37,"init_cwnd_bytes":45428},{"time":2478,"init_cwnd_mss":42,"init_cwnd_bytes":51568},{"time":2538,"init_cwnd_mss":39,"init_cwnd_bytes":47886},{"time":2761,"init_cwnd_mss":39,"init_cwnd_bytes":47885},{"time":2507,"init_cwnd_mss":40,"init_cwnd_bytes":49113},{"time":2506,"init_cwnd_mss":37,"init_cwnd_bytes":45428},{"time":2303,"init_cwnd_mss":39,"init_cwnd_bytes":47885},{"time":2903,"init_cwnd_mss":72,"init_cwnd_bytes":88391},{"time":3455,"init_cwnd_mss":35,"init_cwnd_bytes":42972},{"time":2520,"init_cwnd_mss":71,"init_cwnd_bytes":87166},{"time":2975,"init_cwnd_mss":68,"init_cwnd_bytes":83536},{"time":3137,"init_cwnd_mss":75,"init_cwnd_bytes":92072},{"time":3040,"init_cwnd_mss":71,"init_cwnd_bytes":87153},{"time":4754,"init_cwnd_mss":69,"init_cwnd_bytes":84711},{"time":2579,"init_cwnd_mss":39,"init_cwnd_bytes":47885},{"time":2533,"init_cwnd_mss":39,"init_cwnd_bytes":47885},{"time":2539,"init_cwnd_mss":38,"init_cwnd_bytes":46656},{"time":2431,"init_cwnd_mss":37,"init_cwnd_bytes":45428},{"time":2399,"init_cwnd_mss":40,"init_cwnd_bytes":49114},{"time":2461,"init_cwnd_mss":39,"init_cwnd_bytes":47884},{"time":2537,"init_cwnd_mss":41,"init_cwnd_bytes":50341},{"time":2557,"init_cwnd_mss":42,"init_cwnd_bytes":51568},{"time":2995,"init_cwnd_mss":37,"init_cwnd_bytes":45428},{"time":3202,"init_cwnd_mss":73,"init_cwnd_bytes":89805},{"time":3278,"init_cwnd_mss":72,"init_cwnd_bytes":88341},{"time":3099,"init_cwnd_mss":73,"init_cwnd_bytes":89611},{"time":2871,"init_cwnd_mss":71,"init_cwnd_bytes":87164},{"time":3462,"init_cwnd_mss":36,"init_cwnd_bytes":44168},{"time":2905,"init_cwnd_mss":71,"init_cwnd_bytes":87315},{"time":2695,"init_cwnd_mss":42,"init_cwnd_bytes":51555},{"time":2641,"init_cwnd_mss":35,"init_cwnd_bytes":42974},{"time":2341,"init_cwnd_mss":40,"init_cwnd_bytes":49146},{"time":2582,"init_cwnd_mss":38,"init_cwnd_bytes":46657},{"time":2782,"init_cwnd_mss":39,"init_cwnd_bytes":47884},{"time":2571,"init_cwnd_mss":39,"init_cwnd_bytes":47885}]