[{"time":4444,"init_cwnd_mss":0,"init_cwnd_bytes":16375},{"time":4503,"init_cwnd_mss":0,"init_cwnd_bytes":0},{"time":6196,"init_cwnd_mss":0,"init_cwnd_bytes":16375},{"time":4688,"init_cwnd_mss":0,"init_cwnd_bytes":0},{"time":4655,"init_cwnd_mss":0,"init_cwnd_bytes":0},{"time":4825,"init_cwnd_mss":0,"init_cwnd_bytes":0},{"time":5208,"init_cwnd_mss":0,"init_cwnd_bytes":16375},{"time":4229,"init_cwnd_mss":0,"init_cwnd_bytes":32750},{"time":4182,"init_cwnd_mss":0,"init_cwnd_bytes":32750},{"time":4459,"init_cwnd_mss":0,"init_cwnd_bytes":32750},{"time":4398,"init_cwnd_mss":0,"init_cwnd_bytes":0},{"time":4084,"init_cwnd_mss":0,"init_cwnd_bytes":32750},{"time":4185,"init_cwnd_mss":0,"init_cwnd_bytes":16375},{"time":4310,"init_cwnd_mss":0,"init_cwnd_bytes":32750},{"time":4195,"init_cwnd_mss":0,"init_cwnd_bytes":32750},{"time":4383,"init_cwnd_mss":0,"init_cwnd_bytes":0},{"time":4319,"init_cwnd_mss":0,"init_cwnd_bytes":0},{"time":4348,"init_cwnd_mss":0,"init_cwnd_bytes":0},{"time":5060,"init_cwnd_mss":0,"init_cwnd_bytes":0},{"time":4880,"init_cwnd_mss":0,"init_cwnd_bytes":147456},{"time":4762,"init_cwnd_mss":0,"init_cwnd_bytes":32750},{"time":4672,"init_cwnd_mss":0,"init_cwnd_bytes":32750},{"time":4751,"init_cwnd_mss":0,"init_cwnd_bytes":32750},{"time":4894,"init_cwnd_mss":0,"init_cwnd_bytes":0},{"time":4635,"init_cwnd_mss":0,"init_cwnd_bytes":32750},{"time":4400,"init_cwnd_mss":0,"init_cwnd_bytes":32750},{"time":4431,"init_cwnd_mss":0,"init_cwnd_bytes":32750},{"time":4639,"init_cwnd_mss":0,"init_cwnd_bytes":0},{"time":4716,"init_cwnd_mss":0,"init_cwnd_bytes":0},{"time":4718,"init_cwnd_mss":0,"init_cwnd_bytes":0},{"time":4589,"init_cwnd_mss":0,"init_cwnd_bytes":32750},{"time":4538,"init_cwnd_mss":0,"init_cwnd_bytes":32750},{"time":5035,"init_cwnd_mss":0,"init_cwnd_bytes":32750},{"time":4988,"init_cwnd_mss":0,"init_cwnd_bytes":32750},{"time":4085,"init_cwnd_mss":0,"init_cwnd_bytes":32750},{"time":4497,"init_cwnd_mss":0,"init_cwnd_bytes":0},{"time":4402,"init_cwnd_mss":0,"init_cwnd_bytes":32750},{"time":4374,"init_cwnd_mss":0,"init_cwnd_bytes":0},{"time":4384,"init_cwnd_mss":0,"init_cwnd_bytes":0},{"time":4291,"init_cwnd_mss":0,"init_cwnd_bytes":16375}]