[{"time":40,"init_cwnd_mss":22,"init_cwnd_bytes":30727},{"time":40,"init_cwnd_mss":22,"init_cwnd_bytes":30830},{"time":41,"init_cwnd_mss":22,"init_cwnd_bytes":30726},{"time":39,"init_cwnd_mss":18,"init_cwnd_bytes":25156},{"time":50,"init_cwnd_mss":38,"init_cwnd_bytes":51990},{"time":39,"init_cwnd_mss":32,"init_cwnd_bytes":43560},{"time":44,"init_cwnd_mss":22,"init_cwnd_bytes":30778},{"time":43,"init_cwnd_mss":21,"init_cwnd_bytes":29524},{"time":43,"init_cwnd_mss":19,"init_cwnd_bytes":25308},{"time":43,"init_cwnd_mss":19,"init_cwnd_bytes":26508},{"time":51,"init_cwnd_mss":30,"init_cwnd_bytes":40752},{"time":47,"init_cwnd_mss":25,"init_cwnd_bytes":33732},{"time":45,"init_cwnd_mss":33,"init_cwnd_bytes":44924},{"time":46,"init_cwnd_mss":20,"init_cwnd_bytes":28120},{"time":38,"init_cwnd_mss":20,"init_cwnd_bytes":26717},{"time":44,"init_cwnd_mss":25,"init_cwnd_bytes":33849},{"time":43,"init_cwnd_mss":28,"init_cwnd_bytes":37942},{"time":54,"init_cwnd_mss":37,"init_cwnd_bytes":50584},{"time":42,"init_cwnd_mss":16,"init_cwnd_bytes":22342},{"time":39,"init_cwnd_mss":19,"init_cwnd_bytes":26508},{"time":41,"init_cwnd_mss":19,"init_cwnd_bytes":26593},{"time":39,"init_cwnd_mss":19,"init_cwnd_bytes":26488},{"time":39,"init_cwnd_mss":28,"init_cwnd_bytes":37944},{"time":47,"init_cwnd_mss":24,"init_cwnd_bytes":32125},{"time":39,"init_cwnd_mss":22,"init_cwnd_bytes":30932},{"time":47,"init_cwnd_mss":21,"init_cwnd_bytes":29320},{"time":43,"init_cwnd_mss":21,"init_cwnd_bytes":29427},{"time":41,"init_cwnd_mss":22,"init_cwnd_bytes":30932},{"time":46,"init_cwnd_mss":16,"init_cwnd_bytes":22496},{"time":40,"init_cwnd_mss":22,"init_cwnd_bytes":30724},{"time":83,"init_cwnd_mss":21,"init_cwnd_bytes":28121},{"time":87,"init_cwnd_mss":24,"init_cwnd_bytes":33588},{"time":41,"init_cwnd_mss":24,"init_cwnd_bytes":33538},{"time":47,"init_cwnd_mss":18,"init_cwnd_bytes":25102},{"time":39,"init_cwnd_mss":22,"init_cwnd_bytes":30726},{"time":43,"init_cwnd_mss":16,"init_cwnd_bytes":21096},{"time":40,"init_cwnd_mss":27,"init_cwnd_bytes":36540},{"time":42,"init_cwnd_mss":21,"init_cwnd_bytes":29405},{"time":41,"init_cwnd_mss":23,"init_cwnd_bytes":32287},{"time":45,"init_cwnd_mss":16,"init_cwnd_bytes":22494}]