[{"time":169,"init_cwnd_mss":0,"init_cwnd_bytes":19914},{"time":170,"init_cwnd_mss":0,"init_cwnd_bytes":81316},{"time":198,"init_cwnd_mss":0,"init_cwnd_bytes":15911},{"time":61,"init_cwnd_mss":0,"init_cwnd_bytes":19929},{"time":61,"init_cwnd_mss":0,"init_cwnd_bytes":24309},{"time":159,"init_cwnd_mss":0,"init_cwnd_bytes":47669},{"time":61,"init_cwnd_mss":0,"init_cwnd_bytes":13783},{"time":52,"init_cwnd_mss":0,"init_cwnd_bytes":34835},{"time":50,"init_cwnd_mss":0,"init_cwnd_bytes":21389},{"time":51,"init_cwnd_mss":0,"init_cwnd_bytes":48317},{"time":50,"init_cwnd_mss":0,"init_cwnd_bytes":48317},{"time":184,"init_cwnd_mss":0,"init_cwnd_bytes":18469},{"time":164,"init_cwnd_mss":0,"init_cwnd_bytes":31932},{"time":58,"init_cwnd_mss":0,"init_cwnd_bytes":31951},{"time":165,"init_cwnd_mss":0,"init_cwnd_bytes":5023},{"time":170,"init_cwnd_mss":0,"init_cwnd_bytes":22849},{"time":158,"init_cwnd_mss":0,"init_cwnd_bytes":48317},{"time":49,"init_cwnd_mss":0,"init_cwnd_bytes":5023},{"time":56,"init_cwnd_mss":0,"init_cwnd_bytes":33411},{"time":54,"init_cwnd_mss":0,"init_cwnd_bytes":2103},{"time":363,"init_cwnd_mss":0,"init_cwnd_bytes":113004},{"time":54,"init_cwnd_mss":0,"init_cwnd_bytes":48317},{"time":52,"init_cwnd_mss":0,"init_cwnd_bytes":17009},{"time":158,"init_cwnd_mss":0,"init_cwnd_bytes":2103},{"time":156,"init_cwnd_mss":0,"init_cwnd_bytes":18469},{"time":167,"init_cwnd_mss":0,"init_cwnd_bytes":21389},{"time":151,"init_cwnd_mss":0,"init_cwnd_bytes":18469},{"time":162,"init_cwnd_mss":0,"init_cwnd_bytes":18468},{"time":-16334855,"init_cwnd_mss":0,"init_cwnd_bytes":31951},{"time":51,"init_cwnd_mss":0,"init_cwnd_bytes":48317},{"time":160,"init_cwnd_mss":0,"init_cwnd_bytes":48317},{"time":157,"init_cwnd_mss":0,"init_cwnd_bytes":3563},{"time":163,"init_cwnd_mss":0,"init_cwnd_bytes":81066},{"time":152,"init_cwnd_mss":0,"init_cwnd_bytes":3563},{"time":162,"init_cwnd_mss":0,"init_cwnd_bytes":5023},{"time":168,"init_cwnd_mss":0,"init_cwnd_bytes":48317},{"time":153,"init_cwnd_mss":0,"init_cwnd_bytes":2103},{"time":167,"init_cwnd_mss":0,"init_cwnd_bytes":17009},{"time":54,"init_cwnd_mss":0,"init_cwnd_bytes":47669},{"time":157,"init_cwnd_mss":0,"init_cwnd_bytes":18469}]