[{"time":658,"init_cwnd_mss":20,"init_cwnd_bytes":28120},{"time":646,"init_cwnd_mss":14,"init_cwnd_bytes":19690},{"time":1108,"init_cwnd_mss":83,"init_cwnd_bytes":110701},{"time":744,"init_cwnd_mss":17,"init_cwnd_bytes":23860},{"time":879,"init_cwnd_mss":18,"init_cwnd_bytes":25308},{"time":712,"init_cwnd_mss":17,"init_cwnd_bytes":23750},{"time":1053,"init_cwnd_mss":83,"init_cwnd_bytes":110705},{"time":827,"init_cwnd_mss":16,"init_cwnd_bytes":21098},{"time":678,"init_cwnd_mss":17,"init_cwnd_bytes":23902},{"time":697,"init_cwnd_mss":13,"init_cwnd_bytes":18278},{"time":644,"init_cwnd_mss":16,"init_cwnd_bytes":22496},{"time":628,"init_cwnd_mss":16,"init_cwnd_bytes":22344},{"time":681,"init_cwnd_mss":17,"init_cwnd_bytes":23902},{"time":1341,"init_cwnd_mss":16,"init_cwnd_bytes":22496},{"time":657,"init_cwnd_mss":17,"init_cwnd_bytes":23751},{"time":707,"init_cwnd_mss":16,"init_cwnd_bytes":22345},{"time":823,"init_cwnd_mss":16,"init_cwnd_bytes":22496},{"time":773,"init_cwnd_mss":42,"init_cwnd_bytes":57614},{"time":1069,"init_cwnd_mss":19,"init_cwnd_bytes":26714},{"time":628,"init_cwnd_mss":17,"init_cwnd_bytes":23699},{"time":655,"init_cwnd_mss":18,"init_cwnd_bytes":25308},{"time":578,"init_cwnd_mss":17,"init_cwnd_bytes":23699},{"time":740,"init_cwnd_mss":13,"init_cwnd_bytes":18278},{"time":691,"init_cwnd_mss":37,"init_cwnd_bytes":50584},{"time":608,"init_cwnd_mss":17,"init_cwnd_bytes":23699},{"time":946,"init_cwnd_mss":18,"init_cwnd_bytes":24123},{"time":977,"init_cwnd_mss":84,"init_cwnd_bytes":112107},{"time":677,"init_cwnd_mss":17,"init_cwnd_bytes":22523},{"time":654,"init_cwnd_mss":16,"init_cwnd_bytes":21095},{"time":709,"init_cwnd_mss":17,"init_cwnd_bytes":23804},{"time":824,"init_cwnd_mss":17,"init_cwnd_bytes":23750},{"time":609,"init_cwnd_mss":18,"init_cwnd_bytes":25105},{"time":655,"init_cwnd_mss":29,"init_cwnd_bytes":39146},{"time":796,"init_cwnd_mss":3,"init_cwnd_bytes":2497},{"time":679,"init_cwnd_mss":18,"init_cwnd_bytes":25308},{"time":716,"init_cwnd_mss":19,"init_cwnd_bytes":23704},{"time":701,"init_cwnd_mss":15,"init_cwnd_bytes":20887},{"time":633,"init_cwnd_mss":19,"init_cwnd_bytes":26511},{"time":796,"init_cwnd_mss":16,"init_cwnd_bytes":22292},{"time":840,"init_cwnd_mss":17,"init_cwnd_bytes":23902}]