[{"time":921,"init_cwnd_mss":0,"init_cwnd_bytes":81089},{"time":1146,"init_cwnd_mss":0,"init_cwnd_bytes":48317},{"time":1138,"init_cwnd_mss":0,"init_cwnd_bytes":81085},{"time":826,"init_cwnd_mss":0,"init_cwnd_bytes":81085},{"time":1004,"init_cwnd_mss":0,"init_cwnd_bytes":34871},{"time":660,"init_cwnd_mss":0,"init_cwnd_bytes":113004},{"time":1100,"init_cwnd_mss":0,"init_cwnd_bytes":31951},{"time":971,"init_cwnd_mss":0,"init_cwnd_bytes":113004},{"time":1955,"init_cwnd_mss":0,"init_cwnd_bytes":34871},{"time":852,"init_cwnd_mss":0,"init_cwnd_bytes":113004},{"time":776,"init_cwnd_mss":0,"init_cwnd_bytes":37791},{"time":916,"init_cwnd_mss":0,"init_cwnd_bytes":97487},{"time":1104,"init_cwnd_mss":0,"init_cwnd_bytes":34871},{"time":840,"init_cwnd_mss":0,"init_cwnd_bytes":81085},{"time":810,"init_cwnd_mss":0,"init_cwnd_bytes":28383},{"time":835,"init_cwnd_mss":0,"init_cwnd_bytes":81085},{"time":674,"init_cwnd_mss":0,"init_cwnd_bytes":81084},{"time":688,"init_cwnd_mss":0,"init_cwnd_bytes":97487},{"time":818,"init_cwnd_mss":0,"init_cwnd_bytes":113004},{"time":752,"init_cwnd_mss":0,"init_cwnd_bytes":81085},{"time":841,"init_cwnd_mss":0,"init_cwnd_bytes":31951},{"time":766,"init_cwnd_mss":0,"init_cwnd_bytes":81085},{"time":724,"init_cwnd_mss":0,"init_cwnd_bytes":97487},{"time":828,"init_cwnd_mss":0,"init_cwnd_bytes":113004},{"time":938,"init_cwnd_mss":0,"init_cwnd_bytes":31951},{"time":935,"init_cwnd_mss":0,"init_cwnd_bytes":64700},{"time":719,"init_cwnd_mss":0,"init_cwnd_bytes":34871},{"time":953,"init_cwnd_mss":0,"init_cwnd_bytes":48317},{"time":1017,"init_cwnd_mss":0,"init_cwnd_bytes":24309},{"time":681,"init_cwnd_mss":0,"init_cwnd_bytes":37791},{"time":808,"init_cwnd_mss":0,"init_cwnd_bytes":48317},{"time":891,"init_cwnd_mss":0,"init_cwnd_bytes":15907},{"time":845,"init_cwnd_mss":0,"init_cwnd_bytes":34870},{"time":892,"init_cwnd_mss":0,"init_cwnd_bytes":48317},{"time":956,"init_cwnd_mss":0,"init_cwnd_bytes":81085},{"time":873,"init_cwnd_mss":0,"init_cwnd_bytes":81085},{"time":716,"init_cwnd_mss":0,"init_cwnd_bytes":36331},{"time":706,"init_cwnd_mss":0,"init_cwnd_bytes":101845},{"time":795,"init_cwnd_mss":0,"init_cwnd_bytes":64719},{"time":781,"init_cwnd_mss":0,"init_cwnd_bytes":34852}]