[{"time":1878,"init_cwnd_mss":0,"init_cwnd_bytes":31954},{"time":1281,"init_cwnd_mss":0,"init_cwnd_bytes":64718},{"time":1458,"init_cwnd_mss":0,"init_cwnd_bytes":48297},{"time":1798,"init_cwnd_mss":0,"init_cwnd_bytes":31950},{"time":2759,"init_cwnd_mss":0,"init_cwnd_bytes":48316},{"time":3385,"init_cwnd_mss":0,"init_cwnd_bytes":31950},{"time":3464,"init_cwnd_mss":0,"init_cwnd_bytes":48316},{"time":3240,"init_cwnd_mss":0,"init_cwnd_bytes":81065},{"time":3360,"init_cwnd_mss":0,"init_cwnd_bytes":48297},{"time":3494,"init_cwnd_mss":0,"init_cwnd_bytes":34870},{"time":3301,"init_cwnd_mss":0,"init_cwnd_bytes":31950},{"time":3299,"init_cwnd_mss":0,"init_cwnd_bytes":48296},{"time":3449,"init_cwnd_mss":0,"init_cwnd_bytes":64718},{"time":3284,"init_cwnd_mss":0,"init_cwnd_bytes":31950},{"time":3296,"init_cwnd_mss":0,"init_cwnd_bytes":48316},{"time":3338,"init_cwnd_mss":0,"init_cwnd_bytes":31950},{"time":3325,"init_cwnd_mss":0,"init_cwnd_bytes":26651},{"time":4668,"init_cwnd_mss":0,"init_cwnd_bytes":48316},{"time":2205,"init_cwnd_mss":0,"init_cwnd_bytes":48297},{"time":3290,"init_cwnd_mss":0,"init_cwnd_bytes":6482},{"time":3367,"init_cwnd_mss":0,"init_cwnd_bytes":48297},{"time":3371,"init_cwnd_mss":0,"init_cwnd_bytes":19928},{"time":3292,"init_cwnd_mss":0,"init_cwnd_bytes":48315},{"time":3351,"init_cwnd_mss":0,"init_cwnd_bytes":48316},{"time":3319,"init_cwnd_mss":0,"init_cwnd_bytes":64682},{"time":3401,"init_cwnd_mss":0,"init_cwnd_bytes":48316},{"time":3420,"init_cwnd_mss":0,"init_cwnd_bytes":48297},{"time":3417,"init_cwnd_mss":0,"init_cwnd_bytes":18468},{"time":3334,"init_cwnd_mss":0,"init_cwnd_bytes":31950},{"time":3284,"init_cwnd_mss":0,"init_cwnd_bytes":2102},{"time":3361,"init_cwnd_mss":0,"init_cwnd_bytes":36330},{"time":3382,"init_cwnd_mss":0,"init_cwnd_bytes":64717},{"time":3467,"init_cwnd_mss":0,"init_cwnd_bytes":47686},{"time":3320,"init_cwnd_mss":0,"init_cwnd_bytes":2102},{"time":3299,"init_cwnd_mss":0,"init_cwnd_bytes":48315},{"time":3256,"init_cwnd_mss":0,"init_cwnd_bytes":31950},{"time":4665,"init_cwnd_mss":0,"init_cwnd_bytes":48315},{"time":2038,"init_cwnd_mss":0,"init_cwnd_bytes":64718},{"time":3358,"init_cwnd_mss":0,"init_cwnd_bytes":7942},{"time":3348,"init_cwnd_mss":0,"init_cwnd_bytes":64699}]