[{"time":3469,"init_cwnd_mss":17,"init_cwnd_bytes":23679},{"time":3254,"init_cwnd_mss":17,"init_cwnd_bytes":23678},{"time":3291,"init_cwnd_mss":17,"init_cwnd_bytes":23902},{"time":3398,"init_cwnd_mss":15,"init_cwnd_bytes":21090},{"time":3505,"init_cwnd_mss":16,"init_cwnd_bytes":22496},{"time":3464,"init_cwnd_mss":18,"init_cwnd_bytes":25188},{"time":3348,"init_cwnd_mss":16,"init_cwnd_bytes":22496},{"time":1187,"init_cwnd_mss":17,"init_cwnd_bytes":23800},{"time":1344,"init_cwnd_mss":17,"init_cwnd_bytes":23854},{"time":3257,"init_cwnd_mss":17,"init_cwnd_bytes":23902},{"time":3515,"init_cwnd_mss":40,"init_cwnd_bytes":54802},{"time":3433,"init_cwnd_mss":17,"init_cwnd_bytes":23697},{"time":3282,"init_cwnd_mss":17,"init_cwnd_bytes":23801},{"time":3462,"init_cwnd_mss":15,"init_cwnd_bytes":21090},{"time":3285,"init_cwnd_mss":17,"init_cwnd_bytes":23902},{"time":3493,"init_cwnd_mss":18,"init_cwnd_bytes":25308},{"time":3262,"init_cwnd_mss":15,"init_cwnd_bytes":21090},{"time":3209,"init_cwnd_mss":18,"init_cwnd_bytes":25308},{"time":3478,"init_cwnd_mss":18,"init_cwnd_bytes":25308},{"time":3323,"init_cwnd_mss":17,"init_cwnd_bytes":23902},{"time":3302,"init_cwnd_mss":17,"init_cwnd_bytes":23902},{"time":3357,"init_cwnd_mss":11,"init_cwnd_bytes":15466},{"time":3205,"init_cwnd_mss":17,"init_cwnd_bytes":23902},{"time":3398,"init_cwnd_mss":18,"init_cwnd_bytes":23904},{"time":3213,"init_cwnd_mss":25,"init_cwnd_bytes":33732},{"time":3271,"init_cwnd_mss":19,"init_cwnd_bytes":26714},{"time":3451,"init_cwnd_mss":16,"init_cwnd_bytes":22291},{"time":904,"init_cwnd_mss":16,"init_cwnd_bytes":22342},{"time":1609,"init_cwnd_mss":17,"init_cwnd_bytes":23749},{"time":3287,"init_cwnd_mss":17,"init_cwnd_bytes":23696},{"time":3550,"init_cwnd_mss":49,"init_cwnd_bytes":66038},{"time":3340,"init_cwnd_mss":20,"init_cwnd_bytes":27920},{"time":3357,"init_cwnd_mss":16,"init_cwnd_bytes":22496},{"time":3303,"init_cwnd_mss":16,"init_cwnd_bytes":22496},{"time":3259,"init_cwnd_mss":32,"init_cwnd_bytes":43560},{"time":854,"init_cwnd_mss":17,"init_cwnd_bytes":23902},{"time":1675,"init_cwnd_mss":17,"init_cwnd_bytes":23902},{"time":3407,"init_cwnd_mss":18,"init_cwnd_bytes":25308},{"time":3493,"init_cwnd_mss":16,"init_cwnd_bytes":22496},{"time":3319,"init_cwnd_mss":15,"init_cwnd_bytes":21090}]