[{"time":1371,"init_cwnd_mss":36,"init_cwnd_bytes":44200},{"time":1699,"init_cwnd_mss":70,"init_cwnd_bytes":85925},{"time":1726,"init_cwnd_mss":34,"init_cwnd_bytes":41748},{"time":1693,"init_cwnd_mss":81,"init_cwnd_bytes":100805},{"time":1628,"init_cwnd_mss":71,"init_cwnd_bytes":87155},{"time":1632,"init_cwnd_mss":74,"init_cwnd_bytes":90834},{"time":1696,"init_cwnd_mss":72,"init_cwnd_bytes":88393},{"time":1648,"init_cwnd_mss":74,"init_cwnd_bytes":90825},{"time":1715,"init_cwnd_mss":72,"init_cwnd_bytes":88391},{"time":1347,"init_cwnd_mss":39,"init_cwnd_bytes":47884},{"time":1358,"init_cwnd_mss":36,"init_cwnd_bytes":44200},{"time":1401,"init_cwnd_mss":36,"init_cwnd_bytes":44201},{"time":1625,"init_cwnd_mss":79,"init_cwnd_bytes":97954},{"time":1858,"init_cwnd_mss":38,"init_cwnd_bytes":46657},{"time":1615,"init_cwnd_mss":76,"init_cwnd_bytes":93290},{"time":1349,"init_cwnd_mss":41,"init_cwnd_bytes":50341},{"time":1752,"init_cwnd_mss":74,"init_cwnd_bytes":90845},{"time":1621,"init_cwnd_mss":74,"init_cwnd_bytes":90845},{"time":1668,"init_cwnd_mss":79,"init_cwnd_bytes":97756},{"time":1606,"init_cwnd_mss":37,"init_cwnd_bytes":45460},{"time":1646,"init_cwnd_mss":75,"init_cwnd_bytes":92063},{"time":1646,"init_cwnd_mss":74,"init_cwnd_bytes":90845},{"time":1415,"init_cwnd_mss":37,"init_cwnd_bytes":45413},{"time":1671,"init_cwnd_mss":35,"init_cwnd_bytes":42974},{"time":1643,"init_cwnd_mss":74,"init_cwnd_bytes":91417},{"time":1540,"init_cwnd_mss":40,"init_cwnd_bytes":49113},{"time":1362,"init_cwnd_mss":41,"init_cwnd_bytes":50340},{"time":1352,"init_cwnd_mss":42,"init_cwnd_bytes":51602},{"time":1319,"init_cwnd_mss":39,"init_cwnd_bytes":47885},{"time":1329,"init_cwnd_mss":37,"init_cwnd_bytes":45429},{"time":1666,"init_cwnd_mss":77,"init_cwnd_bytes":94908},{"time":1353,"init_cwnd_mss":41,"init_cwnd_bytes":50340},{"time":1677,"init_cwnd_mss":70,"init_cwnd_bytes":85937},{"time":1671,"init_cwnd_mss":70,"init_cwnd_bytes":85937},{"time":1621,"init_cwnd_mss":35,"init_cwnd_bytes":42974},{"time":1685,"init_cwnd_mss":73,"init_cwnd_bytes":89618},{"time":1643,"init_cwnd_mss":76,"init_cwnd_bytes":93356},{"time":1643,"init_cwnd_mss":74,"init_cwnd_bytes":90843},{"time":1627,"init_cwnd_mss":71,"init_cwnd_bytes":87164},{"time":1632,"init_cwnd_mss":52,"init_cwnd_bytes":63858}]