[{"time":2479,"init_cwnd_mss":0,"init_cwnd_bytes":0},{"time":2288,"init_cwnd_mss":0,"init_cwnd_bytes":0},{"time":2763,"init_cwnd_mss":0,"init_cwnd_bytes":16375},{"time":2385,"init_cwnd_mss":0,"init_cwnd_bytes":32750},{"time":2441,"init_cwnd_mss":0,"init_cwnd_bytes":0},{"time":2267,"init_cwnd_mss":0,"init_cwnd_bytes":0},{"time":2131,"init_cwnd_mss":0,"init_cwnd_bytes":16375},{"time":2156,"init_cwnd_mss":0,"init_cwnd_bytes":16375},{"time":2358,"init_cwnd_mss":0,"init_cwnd_bytes":32750},{"time":2156,"init_cwnd_mss":0,"init_cwnd_bytes":32750},{"time":2493,"init_cwnd_mss":0,"init_cwnd_bytes":32750},{"time":2210,"init_cwnd_mss":0,"init_cwnd_bytes":32750},{"time":2948,"init_cwnd_mss":0,"init_cwnd_bytes":0},{"time":3113,"init_cwnd_mss":0,"init_cwnd_bytes":0},{"time":2994,"init_cwnd_mss":0,"init_cwnd_bytes":16375},{"time":3104,"init_cwnd_mss":0,"init_cwnd_bytes":16375},{"time":3011,"init_cwnd_mss":0,"init_cwnd_bytes":16375},{"time":2991,"init_cwnd_mss":0,"init_cwnd_bytes":16375},{"time":3122,"init_cwnd_mss":0,"init_cwnd_bytes":0},{"time":3143,"init_cwnd_mss":0,"init_cwnd_bytes":16375},{"time":3157,"init_cwnd_mss":0,"init_cwnd_bytes":0},{"time":3056,"init_cwnd_mss":0,"init_cwnd_bytes":0},{"time":3175,"init_cwnd_mss":0,"init_cwnd_bytes":16375},{"time":3106,"init_cwnd_mss":0,"init_cwnd_bytes":0},{"time":3169,"init_cwnd_mss":0,"init_cwnd_bytes":16375},{"time":3133,"init_cwnd_mss":0,"init_cwnd_bytes":16375},{"time":2971,"init_cwnd_mss":0,"init_cwnd_bytes":16375},{"time":2933,"init_cwnd_mss":0,"init_cwnd_bytes":16375},{"time":2989,"init_cwnd_mss":0,"init_cwnd_bytes":16375},{"time":3149,"init_cwnd_mss":0,"init_cwnd_bytes":16375},{"time":3407,"init_cwnd_mss":0,"init_cwnd_bytes":0},{"time":3083,"init_cwnd_mss":0,"init_cwnd_bytes":0},{"time":3123,"init_cwnd_mss":0,"init_cwnd_bytes":0},{"time":2977,"init_cwnd_mss":0,"init_cwnd_bytes":0},{"time":3020,"init_cwnd_mss":0,"init_cwnd_bytes":16375},{"time":2990,"init_cwnd_mss":0,"init_cwnd_bytes":16375},{"time":3083,"init_cwnd_mss":0,"init_cwnd_bytes":16375},{"time":3324,"init_cwnd_mss":0,"init_cwnd_bytes":0},{"time":3158,"init_cwnd_mss":0,"init_cwnd_bytes":0},{"time":-13823957,"init_cwnd_mss":0,"init_cwnd_bytes":0}]