[{"time":2712,"init_cwnd_mss":0,"init_cwnd_bytes":13140},{"time":1464,"init_cwnd_mss":0,"init_cwnd_bytes":31931},{"time":1660,"init_cwnd_mss":0,"init_cwnd_bytes":48316},{"time":1068,"init_cwnd_mss":0,"init_cwnd_bytes":36330},{"time":1375,"init_cwnd_mss":0,"init_cwnd_bytes":48316},{"time":1392,"init_cwnd_mss":0,"init_cwnd_bytes":2102},{"time":1327,"init_cwnd_mss":0,"init_cwnd_bytes":18468},{"time":1327,"init_cwnd_mss":0,"init_cwnd_bytes":2083},{"time":1157,"init_cwnd_mss":0,"init_cwnd_bytes":89538},{"time":1226,"init_cwnd_mss":0,"init_cwnd_bytes":64718},{"time":1771,"init_cwnd_mss":0,"init_cwnd_bytes":81084},{"time":1285,"init_cwnd_mss":0,"init_cwnd_bytes":48316},{"time":1434,"init_cwnd_mss":0,"init_cwnd_bytes":19928},{"time":1555,"init_cwnd_mss":0,"init_cwnd_bytes":48316},{"time":1268,"init_cwnd_mss":0,"init_cwnd_bytes":36330},{"time":1275,"init_cwnd_mss":0,"init_cwnd_bytes":24308},{"time":1393,"init_cwnd_mss":0,"init_cwnd_bytes":31950},{"time":1712,"init_cwnd_mss":0,"init_cwnd_bytes":64718},{"time":1470,"init_cwnd_mss":0,"init_cwnd_bytes":40133},{"time":1418,"init_cwnd_mss":0,"init_cwnd_bytes":31950},{"time":1551,"init_cwnd_mss":0,"init_cwnd_bytes":27228},{"time":1297,"init_cwnd_mss":0,"init_cwnd_bytes":18449},{"time":1808,"init_cwnd_mss":0,"init_cwnd_bytes":2102},{"time":1225,"init_cwnd_mss":0,"init_cwnd_bytes":21388},{"time":1487,"init_cwnd_mss":0,"init_cwnd_bytes":81084},{"time":1366,"init_cwnd_mss":0,"init_cwnd_bytes":22848},{"time":1399,"init_cwnd_mss":0,"init_cwnd_bytes":48316},{"time":1341,"init_cwnd_mss":0,"init_cwnd_bytes":25768},{"time":1302,"init_cwnd_mss":0,"init_cwnd_bytes":19928},{"time":2022,"init_cwnd_mss":0,"init_cwnd_bytes":25768},{"time":1690,"init_cwnd_mss":0,"init_cwnd_bytes":31950},{"time":1283,"init_cwnd_mss":0,"init_cwnd_bytes":37142},{"time":1745,"init_cwnd_mss":0,"init_cwnd_bytes":36330},{"time":1325,"init_cwnd_mss":0,"init_cwnd_bytes":81065},{"time":2266,"init_cwnd_mss":0,"init_cwnd_bytes":31950},{"time":1350,"init_cwnd_mss":0,"init_cwnd_bytes":22848},{"time":1305,"init_cwnd_mss":0,"init_cwnd_bytes":24308},{"time":1589,"init_cwnd_mss":0,"init_cwnd_bytes":19928},{"time":1318,"init_cwnd_mss":0,"init_cwnd_bytes":36330},{"time":1341,"init_cwnd_mss":0,"init_cwnd_bytes":21369}]