[{"time":895,"init_cwnd_mss":16,"init_cwnd_bytes":22393},{"time":933,"init_cwnd_mss":17,"init_cwnd_bytes":23696},{"time":868,"init_cwnd_mss":18,"init_cwnd_bytes":25101},{"time":941,"init_cwnd_mss":15,"init_cwnd_bytes":20865},{"time":897,"init_cwnd_mss":17,"init_cwnd_bytes":23902},{"time":969,"init_cwnd_mss":19,"init_cwnd_bytes":26714},{"time":881,"init_cwnd_mss":19,"init_cwnd_bytes":25308},{"time":925,"init_cwnd_mss":17,"init_cwnd_bytes":23902},{"time":977,"init_cwnd_mss":17,"init_cwnd_bytes":23902},{"time":900,"init_cwnd_mss":20,"init_cwnd_bytes":28018},{"time":922,"init_cwnd_mss":21,"init_cwnd_bytes":28386},{"time":969,"init_cwnd_mss":17,"init_cwnd_bytes":23696},{"time":903,"init_cwnd_mss":17,"init_cwnd_bytes":23748},{"time":897,"init_cwnd_mss":17,"init_cwnd_bytes":23902},{"time":886,"init_cwnd_mss":16,"init_cwnd_bytes":22481},{"time":884,"init_cwnd_mss":16,"init_cwnd_bytes":22289},{"time":868,"init_cwnd_mss":17,"init_cwnd_bytes":23902},{"time":927,"init_cwnd_mss":20,"init_cwnd_bytes":28120},{"time":904,"init_cwnd_mss":19,"init_cwnd_bytes":26508},{"time":1016,"init_cwnd_mss":17,"init_cwnd_bytes":23902},{"time":937,"init_cwnd_mss":22,"init_cwnd_bytes":30932},{"time":1013,"init_cwnd_mss":17,"init_cwnd_bytes":23902},{"time":985,"init_cwnd_mss":15,"init_cwnd_bytes":19908},{"time":882,"init_cwnd_mss":17,"init_cwnd_bytes":23902},{"time":1006,"init_cwnd_mss":17,"init_cwnd_bytes":22500},{"time":892,"init_cwnd_mss":17,"init_cwnd_bytes":23902},{"time":919,"init_cwnd_mss":19,"init_cwnd_bytes":25308},{"time":962,"init_cwnd_mss":17,"init_cwnd_bytes":23696},{"time":894,"init_cwnd_mss":18,"init_cwnd_bytes":25308},{"time":887,"init_cwnd_mss":18,"init_cwnd_bytes":25102},{"time":891,"init_cwnd_mss":17,"init_cwnd_bytes":23695},{"time":873,"init_cwnd_mss":18,"init_cwnd_bytes":24012},{"time":890,"init_cwnd_mss":17,"init_cwnd_bytes":23900},{"time":899,"init_cwnd_mss":17,"init_cwnd_bytes":23902},{"time":865,"init_cwnd_mss":17,"init_cwnd_bytes":23902},{"time":1093,"init_cwnd_mss":20,"init_cwnd_bytes":27914},{"time":929,"init_cwnd_mss":17,"init_cwnd_bytes":23902},{"time":973,"init_cwnd_mss":17,"init_cwnd_bytes":23902},{"time":930,"init_cwnd_mss":17,"init_cwnd_bytes":23696},{"time":916,"init_cwnd_mss":17,"init_cwnd_bytes":23902}]