[{"time":7219,"init_cwnd_mss":0,"init_cwnd_bytes":32750},{"time":6186,"init_cwnd_mss":0,"init_cwnd_bytes":32750},{"time":7047,"init_cwnd_mss":0,"init_cwnd_bytes":32750},{"time":5816,"init_cwnd_mss":0,"init_cwnd_bytes":32750},{"time":6163,"init_cwnd_mss":0,"init_cwnd_bytes":32750},{"time":6566,"init_cwnd_mss":0,"init_cwnd_bytes":32750},{"time":6767,"init_cwnd_mss":0,"init_cwnd_bytes":32750},{"time":7095,"init_cwnd_mss":0,"init_cwnd_bytes":32750},{"time":6181,"init_cwnd_mss":0,"init_cwnd_bytes":32750},{"time":8797,"init_cwnd_mss":0,"init_cwnd_bytes":32750},{"time":8387,"init_cwnd_mss":0,"init_cwnd_bytes":16375},{"time":6244,"init_cwnd_mss":0,"init_cwnd_bytes":32750},{"time":6510,"init_cwnd_mss":0,"init_cwnd_bytes":32750},{"time":5190,"init_cwnd_mss":0,"init_cwnd_bytes":32750},{"time":7445,"init_cwnd_mss":0,"init_cwnd_bytes":32750},{"time":4865,"init_cwnd_mss":0,"init_cwnd_bytes":212956},{"time":4649,"init_cwnd_mss":0,"init_cwnd_bytes":32750},{"time":4974,"init_cwnd_mss":0,"init_cwnd_bytes":32750},{"time":4922,"init_cwnd_mss":0,"init_cwnd_bytes":32750},{"time":4765,"init_cwnd_mss":0,"init_cwnd_bytes":32750},{"time":4635,"init_cwnd_mss":0,"init_cwnd_bytes":32750},{"time":4355,"init_cwnd_mss":0,"init_cwnd_bytes":32750},{"time":4434,"init_cwnd_mss":0,"init_cwnd_bytes":32750},{"time":4343,"init_cwnd_mss":0,"init_cwnd_bytes":32750},{"time":4890,"init_cwnd_mss":0,"init_cwnd_bytes":32750},{"time":5108,"init_cwnd_mss":0,"init_cwnd_bytes":32750},{"time":5282,"init_cwnd_mss":0,"init_cwnd_bytes":32750},{"time":6288,"init_cwnd_mss":0,"init_cwnd_bytes":32750},{"time":5870,"init_cwnd_mss":0,"init_cwnd_bytes":32750},{"time":4595,"init_cwnd_mss":0,"init_cwnd_bytes":32750},{"time":4252,"init_cwnd_mss":0,"init_cwnd_bytes":32750},{"time":4929,"init_cwnd_mss":0,"init_cwnd_bytes":32750},{"time":4534,"init_cwnd_mss":0,"init_cwnd_bytes":32750},{"time":5050,"init_cwnd_mss":0,"init_cwnd_bytes":32750},{"time":4325,"init_cwnd_mss":0,"init_cwnd_bytes":32750},{"time":4351,"init_cwnd_mss":0,"init_cwnd_bytes":32750},{"time":5215,"init_cwnd_mss":0,"init_cwnd_bytes":32750},{"time":7222,"init_cwnd_mss":0,"init_cwnd_bytes":16375},{"time":7081,"init_cwnd_mss":0,"init_cwnd_bytes":0},{"time":4687,"init_cwnd_mss":0,"init_cwnd_bytes":32750}]