[{"time":3492,"init_cwnd_mss":73,"init_cwnd_bytes":89604},{"time":3328,"init_cwnd_mss":39,"init_cwnd_bytes":47918},{"time":3116,"init_cwnd_mss":72,"init_cwnd_bytes":88447},{"time":3120,"init_cwnd_mss":73,"init_cwnd_bytes":89607},{"time":3716,"init_cwnd_mss":73,"init_cwnd_bytes":89672},{"time":3244,"init_cwnd_mss":40,"init_cwnd_bytes":49130},{"time":3161,"init_cwnd_mss":40,"init_cwnd_bytes":49137},{"time":3219,"init_cwnd_mss":74,"init_cwnd_bytes":90807},{"time":3159,"init_cwnd_mss":69,"init_cwnd_bytes":84698},{"time":3482,"init_cwnd_mss":74,"init_cwnd_bytes":90902},{"time":3124,"init_cwnd_mss":39,"init_cwnd_bytes":47884},{"time":3568,"init_cwnd_mss":75,"init_cwnd_bytes":92081},{"time":2956,"init_cwnd_mss":74,"init_cwnd_bytes":90899},{"time":3168,"init_cwnd_mss":71,"init_cwnd_bytes":87160},{"time":3086,"init_cwnd_mss":73,"init_cwnd_bytes":89618},{"time":3039,"init_cwnd_mss":74,"init_cwnd_bytes":90834},{"time":3449,"init_cwnd_mss":74,"init_cwnd_bytes":90836},{"time":3388,"init_cwnd_mss":53,"init_cwnd_bytes":65067},{"time":3236,"init_cwnd_mss":74,"init_cwnd_bytes":90845},{"time":3199,"init_cwnd_mss":74,"init_cwnd_bytes":90845},{"time":3185,"init_cwnd_mss":74,"init_cwnd_bytes":90834},{"time":3182,"init_cwnd_mss":71,"init_cwnd_bytes":87110},{"time":3271,"init_cwnd_mss":74,"init_cwnd_bytes":90834},{"time":3449,"init_cwnd_mss":75,"init_cwnd_bytes":92059},{"time":3438,"init_cwnd_mss":75,"init_cwnd_bytes":92024},{"time":4261,"init_cwnd_mss":72,"init_cwnd_bytes":88352},{"time":3581,"init_cwnd_mss":74,"init_cwnd_bytes":90843},{"time":3582,"init_cwnd_mss":39,"init_cwnd_bytes":47877},{"time":3279,"init_cwnd_mss":41,"init_cwnd_bytes":50314},{"time":3577,"init_cwnd_mss":74,"init_cwnd_bytes":90807},{"time":3048,"init_cwnd_mss":74,"init_cwnd_bytes":90786},{"time":3288,"init_cwnd_mss":73,"init_cwnd_bytes":89566},{"time":3429,"init_cwnd_mss":39,"init_cwnd_bytes":47871},{"time":3096,"init_cwnd_mss":73,"init_cwnd_bytes":89605},{"time":3162,"init_cwnd_mss":72,"init_cwnd_bytes":88338},{"time":3194,"init_cwnd_mss":75,"init_cwnd_bytes":92024},{"time":2821,"init_cwnd_mss":40,"init_cwnd_bytes":49130},{"time":3298,"init_cwnd_mss":75,"init_cwnd_bytes":92059},{"time":3791,"init_cwnd_mss":40,"init_cwnd_bytes":49107},{"time":3173,"init_cwnd_mss":70,"init_cwnd_bytes":85994}]