[{"time":1774,"init_cwnd_mss":39,"init_cwnd_bytes":47875},{"time":1529,"init_cwnd_mss":39,"init_cwnd_bytes":47886},{"time":1692,"init_cwnd_mss":76,"init_cwnd_bytes":93488},{"time":1920,"init_cwnd_mss":35,"init_cwnd_bytes":42974},{"time":1565,"init_cwnd_mss":38,"init_cwnd_bytes":46657},{"time":1514,"init_cwnd_mss":41,"init_cwnd_bytes":50341},{"time":1498,"init_cwnd_mss":37,"init_cwnd_bytes":45429},{"time":1882,"init_cwnd_mss":72,"init_cwnd_bytes":88393},{"time":1756,"init_cwnd_mss":38,"init_cwnd_bytes":46657},{"time":1688,"init_cwnd_mss":79,"init_cwnd_bytes":97755},{"time":1808,"init_cwnd_mss":69,"init_cwnd_bytes":84698},{"time":1683,"init_cwnd_mss":69,"init_cwnd_bytes":84711},{"time":1928,"init_cwnd_mss":71,"init_cwnd_bytes":87117},{"time":1855,"init_cwnd_mss":36,"init_cwnd_bytes":44202},{"time":1337,"init_cwnd_mss":40,"init_cwnd_bytes":49113},{"time":1579,"init_cwnd_mss":35,"init_cwnd_bytes":42972},{"time":1340,"init_cwnd_mss":36,"init_cwnd_bytes":44201},{"time":1850,"init_cwnd_mss":71,"init_cwnd_bytes":87154},{"time":1648,"init_cwnd_mss":73,"init_cwnd_bytes":89618},{"time":1670,"init_cwnd_mss":38,"init_cwnd_bytes":46641},{"time":1639,"init_cwnd_mss":34,"init_cwnd_bytes":41747},{"time":1628,"init_cwnd_mss":34,"init_cwnd_bytes":41734},{"time":1831,"init_cwnd_mss":38,"init_cwnd_bytes":46656},{"time":1605,"init_cwnd_mss":72,"init_cwnd_bytes":88391},{"time":1833,"init_cwnd_mss":76,"init_cwnd_bytes":93484},{"time":1321,"init_cwnd_mss":43,"init_cwnd_bytes":52796},{"time":1348,"init_cwnd_mss":39,"init_cwnd_bytes":47885},{"time":1547,"init_cwnd_mss":41,"init_cwnd_bytes":50341},{"time":1330,"init_cwnd_mss":40,"init_cwnd_bytes":49112},{"time":1461,"init_cwnd_mss":39,"init_cwnd_bytes":47885},{"time":1537,"init_cwnd_mss":38,"init_cwnd_bytes":46690},{"time":1607,"init_cwnd_mss":40,"init_cwnd_bytes":49113},{"time":1847,"init_cwnd_mss":37,"init_cwnd_bytes":45420},{"time":1853,"init_cwnd_mss":71,"init_cwnd_bytes":87158},{"time":1386,"init_cwnd_mss":40,"init_cwnd_bytes":49112},{"time":1640,"init_cwnd_mss":72,"init_cwnd_bytes":88389},{"time":1379,"init_cwnd_mss":38,"init_cwnd_bytes":46643},{"time":1384,"init_cwnd_mss":39,"init_cwnd_bytes":47885},{"time":1925,"init_cwnd_mss":60,"init_cwnd_bytes":77174},{"time":1920,"init_cwnd_mss":73,"init_cwnd_bytes":89615}]