[{"time":2137,"init_cwnd_mss":0,"init_cwnd_bytes":32750},{"time":2519,"init_cwnd_mss":0,"init_cwnd_bytes":0},{"time":2288,"init_cwnd_mss":0,"init_cwnd_bytes":32750},{"time":2491,"init_cwnd_mss":0,"init_cwnd_bytes":0},{"time":2115,"init_cwnd_mss":0,"init_cwnd_bytes":32750},{"time":2607,"init_cwnd_mss":0,"init_cwnd_bytes":0},{"time":2271,"init_cwnd_mss":0,"init_cwnd_bytes":0},{"time":2535,"init_cwnd_mss":0,"init_cwnd_bytes":0},{"time":3307,"init_cwnd_mss":0,"init_cwnd_bytes":32750},{"time":3502,"init_cwnd_mss":0,"init_cwnd_bytes":16375},{"time":3462,"init_cwnd_mss":0,"init_cwnd_bytes":16375},{"time":3281,"init_cwnd_mss":0,"init_cwnd_bytes":0},{"time":3489,"init_cwnd_mss":0,"init_cwnd_bytes":16375},{"time":3939,"init_cwnd_mss":0,"init_cwnd_bytes":16375},{"time":4041,"init_cwnd_mss":0,"init_cwnd_bytes":0},{"time":3633,"init_cwnd_mss":0,"init_cwnd_bytes":16375},{"time":3498,"init_cwnd_mss":0,"init_cwnd_bytes":16375},{"time":4796,"init_cwnd_mss":0,"init_cwnd_bytes":0},{"time":3318,"init_cwnd_mss":0,"init_cwnd_bytes":0},{"time":3532,"init_cwnd_mss":0,"init_cwnd_bytes":0},{"time":3327,"init_cwnd_mss":0,"init_cwnd_bytes":16375},{"time":3488,"init_cwnd_mss":0,"init_cwnd_bytes":16375},{"time":3576,"init_cwnd_mss":0,"init_cwnd_bytes":16375},{"time":3929,"init_cwnd_mss":0,"init_cwnd_bytes":0},{"time":3496,"init_cwnd_mss":0,"init_cwnd_bytes":0},{"time":3491,"init_cwnd_mss":0,"init_cwnd_bytes":0},{"time":3343,"init_cwnd_mss":0,"init_cwnd_bytes":16375},{"time":3375,"init_cwnd_mss":0,"init_cwnd_bytes":16375},{"time":3375,"init_cwnd_mss":0,"init_cwnd_bytes":16375},{"time":3501,"init_cwnd_mss":0,"init_cwnd_bytes":16375},{"time":3694,"init_cwnd_mss":0,"init_cwnd_bytes":16375},{"time":3751,"init_cwnd_mss":0,"init_cwnd_bytes":0},{"time":3384,"init_cwnd_mss":0,"init_cwnd_bytes":0},{"time":3415,"init_cwnd_mss":0,"init_cwnd_bytes":16375},{"time":3465,"init_cwnd_mss":0,"init_cwnd_bytes":16375},{"time":3622,"init_cwnd_mss":0,"init_cwnd_bytes":0},{"time":3363,"init_cwnd_mss":0,"init_cwnd_bytes":0},{"time":3650,"init_cwnd_mss":0,"init_cwnd_bytes":49125},{"time":3309,"init_cwnd_mss":0,"init_cwnd_bytes":0},{"time":3406,"init_cwnd_mss":0,"init_cwnd_bytes":16375}]