[{"time":2486,"init_cwnd_mss":38,"init_cwnd_bytes":46656},{"time":2500,"init_cwnd_mss":72,"init_cwnd_bytes":88344},{"time":2656,"init_cwnd_mss":76,"init_cwnd_bytes":93484},{"time":2290,"init_cwnd_mss":41,"init_cwnd_bytes":50308},{"time":2677,"init_cwnd_mss":69,"init_cwnd_bytes":84683},{"time":2562,"init_cwnd_mss":75,"init_cwnd_bytes":92074},{"time":2140,"init_cwnd_mss":36,"init_cwnd_bytes":44200},{"time":2140,"init_cwnd_mss":57,"init_cwnd_bytes":69988},{"time":2245,"init_cwnd_mss":37,"init_cwnd_bytes":45428},{"time":2197,"init_cwnd_mss":36,"init_cwnd_bytes":44200},{"time":2187,"init_cwnd_mss":40,"init_cwnd_bytes":49112},{"time":2471,"init_cwnd_mss":46,"init_cwnd_bytes":57456},{"time":2511,"init_cwnd_mss":78,"init_cwnd_bytes":95743},{"time":2361,"init_cwnd_mss":40,"init_cwnd_bytes":49112},{"time":2709,"init_cwnd_mss":74,"init_cwnd_bytes":90798},{"time":2231,"init_cwnd_mss":40,"init_cwnd_bytes":49113},{"time":2318,"init_cwnd_mss":40,"init_cwnd_bytes":49113},{"time":2785,"init_cwnd_mss":77,"init_cwnd_bytes":94910},{"time":2770,"init_cwnd_mss":40,"init_cwnd_bytes":49117},{"time":2755,"init_cwnd_mss":70,"init_cwnd_bytes":85939},{"time":2453,"init_cwnd_mss":43,"init_cwnd_bytes":52965},{"time":2212,"init_cwnd_mss":39,"init_cwnd_bytes":47885},{"time":2530,"init_cwnd_mss":41,"init_cwnd_bytes":50340},{"time":2108,"init_cwnd_mss":40,"init_cwnd_bytes":49113},{"time":2167,"init_cwnd_mss":36,"init_cwnd_bytes":44201},{"time":2468,"init_cwnd_mss":73,"init_cwnd_bytes":89620},{"time":2601,"init_cwnd_mss":72,"init_cwnd_bytes":88378},{"time":2683,"init_cwnd_mss":69,"init_cwnd_bytes":84709},{"time":2787,"init_cwnd_mss":75,"init_cwnd_bytes":92072},{"time":2488,"init_cwnd_mss":72,"init_cwnd_bytes":88391},{"time":2275,"init_cwnd_mss":36,"init_cwnd_bytes":44234},{"time":2107,"init_cwnd_mss":40,"init_cwnd_bytes":49113},{"time":2138,"init_cwnd_mss":39,"init_cwnd_bytes":47885},{"time":2115,"init_cwnd_mss":39,"init_cwnd_bytes":47884},{"time":2282,"init_cwnd_mss":42,"init_cwnd_bytes":51602},{"time":2155,"init_cwnd_mss":41,"init_cwnd_bytes":50340},{"time":2168,"init_cwnd_mss":42,"init_cwnd_bytes":51568},{"time":2178,"init_cwnd_mss":36,"init_cwnd_bytes":44200},{"time":2534,"init_cwnd_mss":73,"init_cwnd_bytes":89629},{"time":2834,"init_cwnd_mss":51,"init_cwnd_bytes":62624}]