[{"time":5978,"init_cwnd_mss":0,"init_cwnd_bytes":0},{"time":5542,"init_cwnd_mss":0,"init_cwnd_bytes":32750},{"time":8028,"init_cwnd_mss":0,"init_cwnd_bytes":32750},{"time":5358,"init_cwnd_mss":0,"init_cwnd_bytes":32750},{"time":5542,"init_cwnd_mss":0,"init_cwnd_bytes":32750},{"time":5772,"init_cwnd_mss":0,"init_cwnd_bytes":32750},{"time":7564,"init_cwnd_mss":0,"init_cwnd_bytes":0},{"time":11124,"init_cwnd_mss":0,"init_cwnd_bytes":0},{"time":6986,"init_cwnd_mss":0,"init_cwnd_bytes":0},{"time":8189,"init_cwnd_mss":0,"init_cwnd_bytes":32750},{"time":7986,"init_cwnd_mss":0,"init_cwnd_bytes":32750},{"time":8048,"init_cwnd_mss":0,"init_cwnd_bytes":0},{"time":7856,"init_cwnd_mss":0,"init_cwnd_bytes":32750},{"time":8221,"init_cwnd_mss":0,"init_cwnd_bytes":32750},{"time":8426,"init_cwnd_mss":0,"init_cwnd_bytes":0},{"time":8034,"init_cwnd_mss":0,"init_cwnd_bytes":0},{"time":8326,"init_cwnd_mss":0,"init_cwnd_bytes":0},{"time":8050,"init_cwnd_mss":0,"init_cwnd_bytes":0},{"time":7786,"init_cwnd_mss":0,"init_cwnd_bytes":32750},{"time":6553,"init_cwnd_mss":0,"init_cwnd_bytes":0},{"time":6243,"init_cwnd_mss":0,"init_cwnd_bytes":0},{"time":6433,"init_cwnd_mss":0,"init_cwnd_bytes":0},{"time":9128,"init_cwnd_mss":0,"init_cwnd_bytes":0},{"time":5924,"init_cwnd_mss":0,"init_cwnd_bytes":32750},{"time":9745,"init_cwnd_mss":0,"init_cwnd_bytes":32750},{"time":-14494641,"init_cwnd_mss":0,"init_cwnd_bytes":0},{"time":7077,"init_cwnd_mss":0,"init_cwnd_bytes":0},{"time":9231,"init_cwnd_mss":0,"init_cwnd_bytes":32750},{"time":6850,"init_cwnd_mss":0,"init_cwnd_bytes":0},{"time":7690,"init_cwnd_mss":0,"init_cwnd_bytes":32750},{"time":6488,"init_cwnd_mss":0,"init_cwnd_bytes":32750},{"time":6038,"init_cwnd_mss":0,"init_cwnd_bytes":32750},{"time":7786,"init_cwnd_mss":0,"init_cwnd_bytes":0},{"time":8046,"init_cwnd_mss":0,"init_cwnd_bytes":32750},{"time":7319,"init_cwnd_mss":0,"init_cwnd_bytes":32750},{"time":7544,"init_cwnd_mss":0,"init_cwnd_bytes":32750},{"time":7879,"init_cwnd_mss":0,"init_cwnd_bytes":0},{"time":7814,"init_cwnd_mss":0,"init_cwnd_bytes":32750},{"time":8143,"init_cwnd_mss":0,"init_cwnd_bytes":0},{"time":6479,"init_cwnd_mss":0,"init_cwnd_bytes":0}]