[{"time":2736,"init_cwnd_mss":72,"init_cwnd_bytes":88382},{"time":2947,"init_cwnd_mss":70,"init_cwnd_bytes":85935},{"time":3414,"init_cwnd_mss":68,"init_cwnd_bytes":83482},{"time":3315,"init_cwnd_mss":73,"init_cwnd_bytes":90003},{"time":2753,"init_cwnd_mss":72,"init_cwnd_bytes":93444},{"time":2734,"init_cwnd_mss":40,"init_cwnd_bytes":49283},{"time":3338,"init_cwnd_mss":75,"init_cwnd_bytes":92074},{"time":3016,"init_cwnd_mss":68,"init_cwnd_bytes":83447},{"time":3237,"init_cwnd_mss":69,"init_cwnd_bytes":84708},{"time":2864,"init_cwnd_mss":38,"init_cwnd_bytes":46657},{"time":2542,"init_cwnd_mss":35,"init_cwnd_bytes":42973},{"time":3105,"init_cwnd_mss":69,"init_cwnd_bytes":84712},{"time":2660,"init_cwnd_mss":38,"init_cwnd_bytes":46656},{"time":2492,"init_cwnd_mss":40,"init_cwnd_bytes":49112},{"time":2449,"init_cwnd_mss":40,"init_cwnd_bytes":49113},{"time":3182,"init_cwnd_mss":76,"init_cwnd_bytes":93486},{"time":2566,"init_cwnd_mss":40,"init_cwnd_bytes":49079},{"time":3164,"init_cwnd_mss":74,"init_cwnd_bytes":90847},{"time":2967,"init_cwnd_mss":72,"init_cwnd_bytes":88402},{"time":3032,"init_cwnd_mss":74,"init_cwnd_bytes":90845},{"time":3034,"init_cwnd_mss":36,"init_cwnd_bytes":44196},{"time":2694,"init_cwnd_mss":43,"init_cwnd_bytes":52955},{"time":3262,"init_cwnd_mss":36,"init_cwnd_bytes":44200},{"time":2864,"init_cwnd_mss":72,"init_cwnd_bytes":88390},{"time":3040,"init_cwnd_mss":74,"init_cwnd_bytes":90845},{"time":2583,"init_cwnd_mss":42,"init_cwnd_bytes":51568},{"time":3402,"init_cwnd_mss":36,"init_cwnd_bytes":44200},{"time":2512,"init_cwnd_mss":41,"init_cwnd_bytes":50341},{"time":3111,"init_cwnd_mss":39,"init_cwnd_bytes":47882},{"time":3993,"init_cwnd_mss":74,"init_cwnd_bytes":90843},{"time":3124,"init_cwnd_mss":76,"init_cwnd_bytes":93496},{"time":2946,"init_cwnd_mss":73,"init_cwnd_bytes":89660},{"time":2471,"init_cwnd_mss":36,"init_cwnd_bytes":44201},{"time":2751,"init_cwnd_mss":40,"init_cwnd_bytes":49274},{"time":3498,"init_cwnd_mss":70,"init_cwnd_bytes":90398},{"time":2618,"init_cwnd_mss":38,"init_cwnd_bytes":46657},{"time":3002,"init_cwnd_mss":70,"init_cwnd_bytes":85939},{"time":2879,"init_cwnd_mss":35,"init_cwnd_bytes":42974},{"time":2584,"init_cwnd_mss":35,"init_cwnd_bytes":42973},{"time":2412,"init_cwnd_mss":36,"init_cwnd_bytes":44200}]