[{"time":8434,"init_cwnd_mss":0,"init_cwnd_bytes":0},{"time":7464,"init_cwnd_mss":0,"init_cwnd_bytes":32750},{"time":7263,"init_cwnd_mss":0,"init_cwnd_bytes":0},{"time":6544,"init_cwnd_mss":0,"init_cwnd_bytes":0},{"time":8277,"init_cwnd_mss":0,"init_cwnd_bytes":0},{"time":8382,"init_cwnd_mss":0,"init_cwnd_bytes":0},{"time":7463,"init_cwnd_mss":0,"init_cwnd_bytes":0},{"time":9687,"init_cwnd_mss":0,"init_cwnd_bytes":0},{"time":7351,"init_cwnd_mss":0,"init_cwnd_bytes":32750},{"time":6448,"init_cwnd_mss":0,"init_cwnd_bytes":32750},{"time":5916,"init_cwnd_mss":0,"init_cwnd_bytes":0},{"time":5879,"init_cwnd_mss":0,"init_cwnd_bytes":32750},{"time":5648,"init_cwnd_mss":0,"init_cwnd_bytes":0},{"time":5483,"init_cwnd_mss":0,"init_cwnd_bytes":0},{"time":6856,"init_cwnd_mss":0,"init_cwnd_bytes":0},{"time":7952,"init_cwnd_mss":0,"init_cwnd_bytes":0},{"time":7669,"init_cwnd_mss":0,"init_cwnd_bytes":0},{"time":7615,"init_cwnd_mss":0,"init_cwnd_bytes":32750},{"time":6604,"init_cwnd_mss":0,"init_cwnd_bytes":0},{"time":6982,"init_cwnd_mss":0,"init_cwnd_bytes":32750},{"time":6928,"init_cwnd_mss":0,"init_cwnd_bytes":32750},{"time":6587,"init_cwnd_mss":0,"init_cwnd_bytes":32750},{"time":6171,"init_cwnd_mss":0,"init_cwnd_bytes":32750},{"time":7529,"init_cwnd_mss":0,"init_cwnd_bytes":32750},{"time":6418,"init_cwnd_mss":0,"init_cwnd_bytes":32750},{"time":5187,"init_cwnd_mss":0,"init_cwnd_bytes":0},{"time":5592,"init_cwnd_mss":0,"init_cwnd_bytes":0},{"time":6463,"init_cwnd_mss":0,"init_cwnd_bytes":0},{"time":6763,"init_cwnd_mss":0,"init_cwnd_bytes":32750},{"time":8943,"init_cwnd_mss":0,"init_cwnd_bytes":32750},{"time":6380,"init_cwnd_mss":0,"init_cwnd_bytes":0},{"time":7168,"init_cwnd_mss":0,"init_cwnd_bytes":32750},{"time":5972,"init_cwnd_mss":0,"init_cwnd_bytes":16384},{"time":6699,"init_cwnd_mss":0,"init_cwnd_bytes":0},{"time":9262,"init_cwnd_mss":0,"init_cwnd_bytes":0},{"time":7961,"init_cwnd_mss":0,"init_cwnd_bytes":0},{"time":7226,"init_cwnd_mss":0,"init_cwnd_bytes":32750},{"time":8378,"init_cwnd_mss":0,"init_cwnd_bytes":32750},{"time":9253,"init_cwnd_mss":0,"init_cwnd_bytes":32750},{"time":8619,"init_cwnd_mss":0,"init_cwnd_bytes":32750}]