[{"time":1630,"init_cwnd_mss":36,"init_cwnd_bytes":44202},{"time":1653,"init_cwnd_mss":72,"init_cwnd_bytes":88380},{"time":1850,"init_cwnd_mss":72,"init_cwnd_bytes":88393},{"time":1402,"init_cwnd_mss":40,"init_cwnd_bytes":49098},{"time":1526,"init_cwnd_mss":40,"init_cwnd_bytes":49113},{"time":1995,"init_cwnd_mss":39,"init_cwnd_bytes":47885},{"time":1556,"init_cwnd_mss":41,"init_cwnd_bytes":50341},{"time":1775,"init_cwnd_mss":39,"init_cwnd_bytes":47885},{"time":1596,"init_cwnd_mss":42,"init_cwnd_bytes":51568},{"time":1360,"init_cwnd_mss":37,"init_cwnd_bytes":45429},{"time":1648,"init_cwnd_mss":42,"init_cwnd_bytes":51530},{"time":1811,"init_cwnd_mss":35,"init_cwnd_bytes":42972},{"time":1547,"init_cwnd_mss":37,"init_cwnd_bytes":45406},{"time":1629,"init_cwnd_mss":70,"init_cwnd_bytes":85936},{"time":1600,"init_cwnd_mss":73,"init_cwnd_bytes":89620},{"time":2203,"init_cwnd_mss":70,"init_cwnd_bytes":85909},{"time":1617,"init_cwnd_mss":39,"init_cwnd_bytes":47886},{"time":1657,"init_cwnd_mss":69,"init_cwnd_bytes":84711},{"time":1689,"init_cwnd_mss":73,"init_cwnd_bytes":89598},{"time":1935,"init_cwnd_mss":72,"init_cwnd_bytes":88393},{"time":1610,"init_cwnd_mss":40,"init_cwnd_bytes":49112},{"time":1548,"init_cwnd_mss":38,"init_cwnd_bytes":46657},{"time":1335,"init_cwnd_mss":40,"init_cwnd_bytes":49112},{"time":1542,"init_cwnd_mss":37,"init_cwnd_bytes":45429},{"time":1579,"init_cwnd_mss":35,"init_cwnd_bytes":42961},{"time":1582,"init_cwnd_mss":44,"init_cwnd_bytes":54026},{"time":1546,"init_cwnd_mss":39,"init_cwnd_bytes":47884},{"time":1594,"init_cwnd_mss":39,"init_cwnd_bytes":47884},{"time":1604,"init_cwnd_mss":38,"init_cwnd_bytes":46656},{"time":1663,"init_cwnd_mss":39,"init_cwnd_bytes":47860},{"time":1951,"init_cwnd_mss":74,"init_cwnd_bytes":90847},{"time":1601,"init_cwnd_mss":45,"init_cwnd_bytes":55195},{"time":1609,"init_cwnd_mss":39,"init_cwnd_bytes":47916},{"time":1466,"init_cwnd_mss":36,"init_cwnd_bytes":44200},{"time":1311,"init_cwnd_mss":39,"init_cwnd_bytes":47885},{"time":1326,"init_cwnd_mss":36,"init_cwnd_bytes":44200},{"time":1640,"init_cwnd_mss":72,"init_cwnd_bytes":88382},{"time":1610,"init_cwnd_mss":69,"init_cwnd_bytes":84683},{"time":1632,"init_cwnd_mss":71,"init_cwnd_bytes":87166},{"time":1639,"init_cwnd_mss":71,"init_cwnd_bytes":87160}]