[{"time":2407,"init_cwnd_mss":0,"init_cwnd_bytes":0},{"time":2299,"init_cwnd_mss":0,"init_cwnd_bytes":0},{"time":2237,"init_cwnd_mss":0,"init_cwnd_bytes":0},{"time":2350,"init_cwnd_mss":0,"init_cwnd_bytes":0},{"time":2267,"init_cwnd_mss":0,"init_cwnd_bytes":0},{"time":2134,"init_cwnd_mss":0,"init_cwnd_bytes":0},{"time":2217,"init_cwnd_mss":0,"init_cwnd_bytes":32750},{"time":2291,"init_cwnd_mss":0,"init_cwnd_bytes":32750},{"time":2096,"init_cwnd_mss":0,"init_cwnd_bytes":32750},{"time":2746,"init_cwnd_mss":0,"init_cwnd_bytes":0},{"time":2380,"init_cwnd_mss":0,"init_cwnd_bytes":0},{"time":2176,"init_cwnd_mss":0,"init_cwnd_bytes":0},{"time":2213,"init_cwnd_mss":0,"init_cwnd_bytes":0},{"time":2184,"init_cwnd_mss":0,"init_cwnd_bytes":32750},{"time":-11355672,"init_cwnd_mss":0,"init_cwnd_bytes":32750},{"time":2250,"init_cwnd_mss":0,"init_cwnd_bytes":0},{"time":2332,"init_cwnd_mss":0,"init_cwnd_bytes":32750},{"time":2149,"init_cwnd_mss":0,"init_cwnd_bytes":32750},{"time":2192,"init_cwnd_mss":0,"init_cwnd_bytes":0},{"time":2735,"init_cwnd_mss":0,"init_cwnd_bytes":32750},{"time":2135,"init_cwnd_mss":0,"init_cwnd_bytes":32750},{"time":2230,"init_cwnd_mss":0,"init_cwnd_bytes":124746},{"time":2390,"init_cwnd_mss":0,"init_cwnd_bytes":0},{"time":3122,"init_cwnd_mss":0,"init_cwnd_bytes":0},{"time":2324,"init_cwnd_mss":0,"init_cwnd_bytes":0},{"time":2133,"init_cwnd_mss":0,"init_cwnd_bytes":32750},{"time":2120,"init_cwnd_mss":0,"init_cwnd_bytes":32750},{"time":2135,"init_cwnd_mss":0,"init_cwnd_bytes":32750},{"time":2132,"init_cwnd_mss":0,"init_cwnd_bytes":16375},{"time":2284,"init_cwnd_mss":0,"init_cwnd_bytes":32750},{"time":2609,"init_cwnd_mss":0,"init_cwnd_bytes":0},{"time":2268,"init_cwnd_mss":0,"init_cwnd_bytes":0},{"time":2156,"init_cwnd_mss":0,"init_cwnd_bytes":32750},{"time":2159,"init_cwnd_mss":0,"init_cwnd_bytes":0},{"time":2123,"init_cwnd_mss":0,"init_cwnd_bytes":16375},{"time":2097,"init_cwnd_mss":0,"init_cwnd_bytes":32750},{"time":2221,"init_cwnd_mss":0,"init_cwnd_bytes":32750},{"time":2305,"init_cwnd_mss":0,"init_cwnd_bytes":0},{"time":2326,"init_cwnd_mss":0,"init_cwnd_bytes":0},{"time":2206,"init_cwnd_mss":0,"init_cwnd_bytes":0}]