[{"time":593,"init_cwnd_mss":19,"init_cwnd_bytes":26512},{"time":586,"init_cwnd_mss":17,"init_cwnd_bytes":23700},{"time":597,"init_cwnd_mss":17,"init_cwnd_bytes":23699},{"time":600,"init_cwnd_mss":17,"init_cwnd_bytes":22504},{"time":582,"init_cwnd_mss":16,"init_cwnd_bytes":22494},{"time":747,"init_cwnd_mss":17,"init_cwnd_bytes":23701},{"time":658,"init_cwnd_mss":18,"init_cwnd_bytes":25308},{"time":688,"init_cwnd_mss":17,"init_cwnd_bytes":23902},{"time":696,"init_cwnd_mss":17,"init_cwnd_bytes":22505},{"time":521,"init_cwnd_mss":17,"init_cwnd_bytes":23902},{"time":515,"init_cwnd_mss":17,"init_cwnd_bytes":23900},{"time":479,"init_cwnd_mss":17,"init_cwnd_bytes":23701},{"time":574,"init_cwnd_mss":18,"init_cwnd_bytes":25308},{"time":573,"init_cwnd_mss":17,"init_cwnd_bytes":23902},{"time":567,"init_cwnd_mss":17,"init_cwnd_bytes":23902},{"time":633,"init_cwnd_mss":18,"init_cwnd_bytes":25218},{"time":616,"init_cwnd_mss":18,"init_cwnd_bytes":24124},{"time":638,"init_cwnd_mss":16,"init_cwnd_bytes":22496},{"time":548,"init_cwnd_mss":17,"init_cwnd_bytes":23701},{"time":638,"init_cwnd_mss":18,"init_cwnd_bytes":25308},{"time":642,"init_cwnd_mss":16,"init_cwnd_bytes":22496},{"time":580,"init_cwnd_mss":18,"init_cwnd_bytes":23904},{"time":583,"init_cwnd_mss":17,"init_cwnd_bytes":23679},{"time":586,"init_cwnd_mss":17,"init_cwnd_bytes":23699},{"time":694,"init_cwnd_mss":24,"init_cwnd_bytes":32328},{"time":569,"init_cwnd_mss":18,"init_cwnd_bytes":25308},{"time":546,"init_cwnd_mss":16,"init_cwnd_bytes":22496},{"time":553,"init_cwnd_mss":17,"init_cwnd_bytes":23902},{"time":944,"init_cwnd_mss":25,"init_cwnd_bytes":33732},{"time":543,"init_cwnd_mss":17,"init_cwnd_bytes":23751},{"time":2362,"init_cwnd_mss":9,"init_cwnd_bytes":12654},{"time":657,"init_cwnd_mss":19,"init_cwnd_bytes":26714},{"time":1018,"init_cwnd_mss":26,"init_cwnd_bytes":35136},{"time":722,"init_cwnd_mss":19,"init_cwnd_bytes":26566},{"time":992,"init_cwnd_mss":26,"init_cwnd_bytes":35136},{"time":865,"init_cwnd_mss":18,"init_cwnd_bytes":24178},{"time":498,"init_cwnd_mss":17,"init_cwnd_bytes":23902},{"time":629,"init_cwnd_mss":20,"init_cwnd_bytes":28120},{"time":486,"init_cwnd_mss":18,"init_cwnd_bytes":25106},{"time":600,"init_cwnd_mss":41,"init_cwnd_bytes":56210}]