[{"time":971,"init_cwnd_mss":0,"init_cwnd_bytes":113859},{"time":987,"init_cwnd_mss":0,"init_cwnd_bytes":113859},{"time":970,"init_cwnd_mss":0,"init_cwnd_bytes":113859},{"time":1037,"init_cwnd_mss":0,"init_cwnd_bytes":97493},{"time":1112,"init_cwnd_mss":0,"init_cwnd_bytes":91313},{"time":1100,"init_cwnd_mss":0,"init_cwnd_bytes":130259},{"time":1090,"init_cwnd_mss":0,"init_cwnd_bytes":84009},{"time":1116,"init_cwnd_mss":0,"init_cwnd_bytes":130259},{"time":1096,"init_cwnd_mss":0,"init_cwnd_bytes":130266},{"time":1034,"init_cwnd_mss":0,"init_cwnd_bytes":113052},{"time":1045,"init_cwnd_mss":0,"init_cwnd_bytes":113861},{"time":1065,"init_cwnd_mss":0,"init_cwnd_bytes":113861},{"time":1054,"init_cwnd_mss":0,"init_cwnd_bytes":113864},{"time":1055,"init_cwnd_mss":0,"init_cwnd_bytes":85472},{"time":1034,"init_cwnd_mss":0,"init_cwnd_bytes":113860},{"time":1036,"init_cwnd_mss":0,"init_cwnd_bytes":84012},{"time":962,"init_cwnd_mss":0,"init_cwnd_bytes":100417},{"time":979,"init_cwnd_mss":0,"init_cwnd_bytes":113859},{"time":975,"init_cwnd_mss":0,"init_cwnd_bytes":113859},{"time":976,"init_cwnd_mss":0,"init_cwnd_bytes":113859},{"time":1029,"init_cwnd_mss":0,"init_cwnd_bytes":86933},{"time":1019,"init_cwnd_mss":0,"init_cwnd_bytes":86929},{"time":1025,"init_cwnd_mss":0,"init_cwnd_bytes":111749},{"time":1050,"init_cwnd_mss":0,"init_cwnd_bytes":113857},{"time":1078,"init_cwnd_mss":0,"init_cwnd_bytes":97472},{"time":1086,"init_cwnd_mss":0,"init_cwnd_bytes":101871},{"time":1115,"init_cwnd_mss":0,"init_cwnd_bytes":130259},{"time":1123,"init_cwnd_mss":0,"init_cwnd_bytes":84009},{"time":978,"init_cwnd_mss":0,"init_cwnd_bytes":97497},{"time":964,"init_cwnd_mss":0,"init_cwnd_bytes":100413},{"time":1007,"init_cwnd_mss":0,"init_cwnd_bytes":85471},{"time":973,"init_cwnd_mss":0,"init_cwnd_bytes":69105},{"time":1085,"init_cwnd_mss":0,"init_cwnd_bytes":113859},{"time":981,"init_cwnd_mss":0,"init_cwnd_bytes":97493},{"time":981,"init_cwnd_mss":0,"init_cwnd_bytes":113859},{"time":961,"init_cwnd_mss":0,"init_cwnd_bytes":113859},{"time":1059,"init_cwnd_mss":0,"init_cwnd_bytes":93254},{"time":1074,"init_cwnd_mss":0,"init_cwnd_bytes":113858},{"time":1093,"init_cwnd_mss":0,"init_cwnd_bytes":113010},{"time":1102,"init_cwnd_mss":0,"init_cwnd_bytes":84130}]