[{"time":2983,"init_cwnd_mss":70,"init_cwnd_bytes":85935},{"time":2779,"init_cwnd_mss":73,"init_cwnd_bytes":89618},{"time":2823,"init_cwnd_mss":74,"init_cwnd_bytes":90838},{"time":2769,"init_cwnd_mss":74,"init_cwnd_bytes":90845},{"time":2477,"init_cwnd_mss":40,"init_cwnd_bytes":49137},{"time":2906,"init_cwnd_mss":74,"init_cwnd_bytes":90807},{"time":3217,"init_cwnd_mss":74,"init_cwnd_bytes":90854},{"time":2859,"init_cwnd_mss":43,"init_cwnd_bytes":52830},{"time":2866,"init_cwnd_mss":72,"init_cwnd_bytes":88393},{"time":2817,"init_cwnd_mss":75,"init_cwnd_bytes":92072},{"time":2993,"init_cwnd_mss":72,"init_cwnd_bytes":88389},{"time":2879,"init_cwnd_mss":75,"init_cwnd_bytes":92116},{"time":2797,"init_cwnd_mss":75,"init_cwnd_bytes":92070},{"time":2768,"init_cwnd_mss":74,"init_cwnd_bytes":90832},{"time":2870,"init_cwnd_mss":71,"init_cwnd_bytes":87162},{"time":2778,"init_cwnd_mss":75,"init_cwnd_bytes":92083},{"time":2760,"init_cwnd_mss":36,"init_cwnd_bytes":44225},{"time":3140,"init_cwnd_mss":72,"init_cwnd_bytes":88343},{"time":2994,"init_cwnd_mss":70,"init_cwnd_bytes":85899},{"time":2882,"init_cwnd_mss":71,"init_cwnd_bytes":87137},{"time":2911,"init_cwnd_mss":74,"init_cwnd_bytes":90845},{"time":2932,"init_cwnd_mss":75,"init_cwnd_bytes":92265},{"time":2585,"init_cwnd_mss":41,"init_cwnd_bytes":50320},{"time":2992,"init_cwnd_mss":70,"init_cwnd_bytes":85948},{"time":2608,"init_cwnd_mss":41,"init_cwnd_bytes":50287},{"time":2843,"init_cwnd_mss":74,"init_cwnd_bytes":90854},{"time":2758,"init_cwnd_mss":76,"init_cwnd_bytes":93483},{"time":2830,"init_cwnd_mss":74,"init_cwnd_bytes":91032},{"time":2815,"init_cwnd_mss":75,"init_cwnd_bytes":92259},{"time":2520,"init_cwnd_mss":37,"init_cwnd_bytes":45414},{"time":2913,"init_cwnd_mss":69,"init_cwnd_bytes":84719},{"time":2717,"init_cwnd_mss":75,"init_cwnd_bytes":92024},{"time":2794,"init_cwnd_mss":75,"init_cwnd_bytes":92259},{"time":2890,"init_cwnd_mss":74,"init_cwnd_bytes":90845},{"time":2902,"init_cwnd_mss":76,"init_cwnd_bytes":93683},{"time":2882,"init_cwnd_mss":70,"init_cwnd_bytes":85910},{"time":2579,"init_cwnd_mss":39,"init_cwnd_bytes":47872},{"time":2914,"init_cwnd_mss":79,"init_cwnd_bytes":96920},{"time":2892,"init_cwnd_mss":72,"init_cwnd_bytes":88444},{"time":2914,"init_cwnd_mss":74,"init_cwnd_bytes":90843}]