[{"time":6126,"init_cwnd_mss":0,"init_cwnd_bytes":32750},{"time":5792,"init_cwnd_mss":0,"init_cwnd_bytes":32750},{"time":5513,"init_cwnd_mss":0,"init_cwnd_bytes":32750},{"time":5895,"init_cwnd_mss":0,"init_cwnd_bytes":32750},{"time":5718,"init_cwnd_mss":0,"init_cwnd_bytes":32750},{"time":5816,"init_cwnd_mss":0,"init_cwnd_bytes":32750},{"time":6006,"init_cwnd_mss":0,"init_cwnd_bytes":32750},{"time":5186,"init_cwnd_mss":0,"init_cwnd_bytes":32750},{"time":5199,"init_cwnd_mss":0,"init_cwnd_bytes":32750},{"time":4920,"init_cwnd_mss":0,"init_cwnd_bytes":32750},{"time":4913,"init_cwnd_mss":0,"init_cwnd_bytes":32750},{"time":5388,"init_cwnd_mss":0,"init_cwnd_bytes":32750},{"time":5088,"init_cwnd_mss":0,"init_cwnd_bytes":32750},{"time":5248,"init_cwnd_mss":0,"init_cwnd_bytes":32750},{"time":5751,"init_cwnd_mss":0,"init_cwnd_bytes":32750},{"time":4968,"init_cwnd_mss":0,"init_cwnd_bytes":32750},{"time":4608,"init_cwnd_mss":0,"init_cwnd_bytes":32750},{"time":4813,"init_cwnd_mss":0,"init_cwnd_bytes":32750},{"time":4907,"init_cwnd_mss":0,"init_cwnd_bytes":32750},{"time":4789,"init_cwnd_mss":0,"init_cwnd_bytes":32750},{"time":5645,"init_cwnd_mss":0,"init_cwnd_bytes":32750},{"time":7261,"init_cwnd_mss":0,"init_cwnd_bytes":32750},{"time":6596,"init_cwnd_mss":0,"init_cwnd_bytes":32750},{"time":5597,"init_cwnd_mss":0,"init_cwnd_bytes":32750},{"time":5596,"init_cwnd_mss":0,"init_cwnd_bytes":32750},{"time":9214,"init_cwnd_mss":0,"init_cwnd_bytes":32750},{"time":5858,"init_cwnd_mss":0,"init_cwnd_bytes":32750},{"time":5251,"init_cwnd_mss":0,"init_cwnd_bytes":32750},{"time":5676,"init_cwnd_mss":0,"init_cwnd_bytes":32750},{"time":5504,"init_cwnd_mss":0,"init_cwnd_bytes":32750},{"time":5719,"init_cwnd_mss":0,"init_cwnd_bytes":32750},{"time":5186,"init_cwnd_mss":0,"init_cwnd_bytes":32750},{"time":5971,"init_cwnd_mss":0,"init_cwnd_bytes":0},{"time":5335,"init_cwnd_mss":0,"init_cwnd_bytes":32750},{"time":5402,"init_cwnd_mss":0,"init_cwnd_bytes":32750},{"time":4999,"init_cwnd_mss":0,"init_cwnd_bytes":32750},{"time":5237,"init_cwnd_mss":0,"init_cwnd_bytes":32750},{"time":5973,"init_cwnd_mss":0,"init_cwnd_bytes":32750},{"time":5337,"init_cwnd_mss":0,"init_cwnd_bytes":32750},{"time":5159,"init_cwnd_mss":0,"init_cwnd_bytes":32750}]