[{"time":388,"init_cwnd_mss":17,"init_cwnd_bytes":23902},{"time":499,"init_cwnd_mss":21,"init_cwnd_bytes":29526},{"time":439,"init_cwnd_mss":24,"init_cwnd_bytes":32324},{"time":427,"init_cwnd_mss":14,"init_cwnd_bytes":19684},{"time":533,"init_cwnd_mss":14,"init_cwnd_bytes":19684},{"time":516,"init_cwnd_mss":14,"init_cwnd_bytes":19540},{"time":434,"init_cwnd_mss":17,"init_cwnd_bytes":23902},{"time":411,"init_cwnd_mss":16,"init_cwnd_bytes":22496},{"time":370,"init_cwnd_mss":18,"init_cwnd_bytes":23904},{"time":428,"init_cwnd_mss":16,"init_cwnd_bytes":22350},{"time":373,"init_cwnd_mss":19,"init_cwnd_bytes":26714},{"time":377,"init_cwnd_mss":16,"init_cwnd_bytes":22349},{"time":387,"init_cwnd_mss":17,"init_cwnd_bytes":23754},{"time":404,"init_cwnd_mss":16,"init_cwnd_bytes":22496},{"time":369,"init_cwnd_mss":16,"init_cwnd_bytes":22496},{"time":381,"init_cwnd_mss":17,"init_cwnd_bytes":23902},{"time":384,"init_cwnd_mss":17,"init_cwnd_bytes":23902},{"time":401,"init_cwnd_mss":17,"init_cwnd_bytes":23902},{"time":379,"init_cwnd_mss":16,"init_cwnd_bytes":22496},{"time":424,"init_cwnd_mss":16,"init_cwnd_bytes":22496},{"time":448,"init_cwnd_mss":18,"init_cwnd_bytes":25308},{"time":443,"init_cwnd_mss":18,"init_cwnd_bytes":25308},{"time":398,"init_cwnd_mss":17,"init_cwnd_bytes":23902},{"time":367,"init_cwnd_mss":17,"init_cwnd_bytes":23902},{"time":434,"init_cwnd_mss":16,"init_cwnd_bytes":21119},{"time":472,"init_cwnd_mss":31,"init_cwnd_bytes":42156},{"time":462,"init_cwnd_mss":17,"init_cwnd_bytes":22862},{"time":430,"init_cwnd_mss":17,"init_cwnd_bytes":23902},{"time":376,"init_cwnd_mss":16,"init_cwnd_bytes":22496},{"time":358,"init_cwnd_mss":17,"init_cwnd_bytes":23902},{"time":345,"init_cwnd_mss":17,"init_cwnd_bytes":23684},{"time":416,"init_cwnd_mss":17,"init_cwnd_bytes":23703},{"time":686,"init_cwnd_mss":85,"init_cwnd_bytes":112096},{"time":526,"init_cwnd_mss":17,"init_cwnd_bytes":23902},{"time":375,"init_cwnd_mss":14,"init_cwnd_bytes":19485},{"time":339,"init_cwnd_mss":16,"init_cwnd_bytes":22296},{"time":369,"init_cwnd_mss":17,"init_cwnd_bytes":23902},{"time":412,"init_cwnd_mss":16,"init_cwnd_bytes":22496},{"time":396,"init_cwnd_mss":16,"init_cwnd_bytes":22496},{"time":387,"init_cwnd_mss":18,"init_cwnd_bytes":25308}]