[{"time":495,"init_cwnd_mss":0,"init_cwnd_bytes":92125},{"time":470,"init_cwnd_mss":0,"init_cwnd_bytes":113004},{"time":351,"init_cwnd_mss":0,"init_cwnd_bytes":113004},{"time":350,"init_cwnd_mss":0,"init_cwnd_bytes":113004},{"time":354,"init_cwnd_mss":0,"init_cwnd_bytes":113004},{"time":433,"init_cwnd_mss":0,"init_cwnd_bytes":2111},{"time":345,"init_cwnd_mss":0,"init_cwnd_bytes":86933},{"time":389,"init_cwnd_mss":0,"init_cwnd_bytes":80951},{"time":307,"init_cwnd_mss":0,"init_cwnd_bytes":97495},{"time":353,"init_cwnd_mss":0,"init_cwnd_bytes":113004},{"time":448,"init_cwnd_mss":0,"init_cwnd_bytes":48323},{"time":543,"init_cwnd_mss":0,"init_cwnd_bytes":15914},{"time":397,"init_cwnd_mss":0,"init_cwnd_bytes":81091},{"time":490,"init_cwnd_mss":0,"init_cwnd_bytes":15914},{"time":370,"init_cwnd_mss":0,"init_cwnd_bytes":97493},{"time":316,"init_cwnd_mss":0,"init_cwnd_bytes":85651},{"time":358,"init_cwnd_mss":0,"init_cwnd_bytes":113004},{"time":424,"init_cwnd_mss":0,"init_cwnd_bytes":113004},{"time":356,"init_cwnd_mss":0,"init_cwnd_bytes":113004},{"time":356,"init_cwnd_mss":0,"init_cwnd_bytes":97495},{"time":319,"init_cwnd_mss":0,"init_cwnd_bytes":113004},{"time":325,"init_cwnd_mss":0,"init_cwnd_bytes":97495},{"time":379,"init_cwnd_mss":0,"init_cwnd_bytes":108527},{"time":340,"init_cwnd_mss":0,"init_cwnd_bytes":84013},{"time":316,"init_cwnd_mss":0,"init_cwnd_bytes":113004},{"time":363,"init_cwnd_mss":0,"init_cwnd_bytes":97495},{"time":338,"init_cwnd_mss":0,"init_cwnd_bytes":97476},{"time":376,"init_cwnd_mss":0,"init_cwnd_bytes":97495},{"time":547,"init_cwnd_mss":0,"init_cwnd_bytes":70567},{"time":333,"init_cwnd_mss":0,"init_cwnd_bytes":97495},{"time":464,"init_cwnd_mss":0,"init_cwnd_bytes":113004},{"time":371,"init_cwnd_mss":0,"init_cwnd_bytes":81111},{"time":385,"init_cwnd_mss":0,"init_cwnd_bytes":113004},{"time":345,"init_cwnd_mss":0,"init_cwnd_bytes":69107},{"time":373,"init_cwnd_mss":0,"init_cwnd_bytes":97495},{"time":506,"init_cwnd_mss":0,"init_cwnd_bytes":18477},{"time":303,"init_cwnd_mss":0,"init_cwnd_bytes":67647},{"time":339,"init_cwnd_mss":0,"init_cwnd_bytes":97495},{"time":533,"init_cwnd_mss":0,"init_cwnd_bytes":81093},{"time":302,"init_cwnd_mss":0,"init_cwnd_bytes":113004}]