[{"time":2287,"init_cwnd_mss":0,"init_cwnd_bytes":32750},{"time":2087,"init_cwnd_mss":0,"init_cwnd_bytes":32750},{"time":2202,"init_cwnd_mss":0,"init_cwnd_bytes":32750},{"time":2809,"init_cwnd_mss":0,"init_cwnd_bytes":16375},{"time":2957,"init_cwnd_mss":0,"init_cwnd_bytes":0},{"time":2512,"init_cwnd_mss":0,"init_cwnd_bytes":0},{"time":2714,"init_cwnd_mss":0,"init_cwnd_bytes":0},{"time":2798,"init_cwnd_mss":0,"init_cwnd_bytes":0},{"time":2390,"init_cwnd_mss":0,"init_cwnd_bytes":32750},{"time":2728,"init_cwnd_mss":0,"init_cwnd_bytes":0},{"time":2944,"init_cwnd_mss":0,"init_cwnd_bytes":0},{"time":2530,"init_cwnd_mss":0,"init_cwnd_bytes":0},{"time":2930,"init_cwnd_mss":0,"init_cwnd_bytes":0},{"time":2801,"init_cwnd_mss":0,"init_cwnd_bytes":16375},{"time":2547,"init_cwnd_mss":0,"init_cwnd_bytes":32750},{"time":2641,"init_cwnd_mss":0,"init_cwnd_bytes":32750},{"time":2627,"init_cwnd_mss":0,"init_cwnd_bytes":32750},{"time":2570,"init_cwnd_mss":0,"init_cwnd_bytes":0},{"time":2526,"init_cwnd_mss":0,"init_cwnd_bytes":0},{"time":3009,"init_cwnd_mss":0,"init_cwnd_bytes":0},{"time":2575,"init_cwnd_mss":0,"init_cwnd_bytes":0},{"time":2418,"init_cwnd_mss":0,"init_cwnd_bytes":32750},{"time":2580,"init_cwnd_mss":0,"init_cwnd_bytes":32750},{"time":2777,"init_cwnd_mss":0,"init_cwnd_bytes":32750},{"time":2845,"init_cwnd_mss":0,"init_cwnd_bytes":32750},{"time":2473,"init_cwnd_mss":0,"init_cwnd_bytes":0},{"time":2477,"init_cwnd_mss":0,"init_cwnd_bytes":0},{"time":2573,"init_cwnd_mss":0,"init_cwnd_bytes":0},{"time":2725,"init_cwnd_mss":0,"init_cwnd_bytes":0},{"time":2493,"init_cwnd_mss":0,"init_cwnd_bytes":0},{"time":2808,"init_cwnd_mss":0,"init_cwnd_bytes":0},{"time":2532,"init_cwnd_mss":0,"init_cwnd_bytes":0},{"time":2717,"init_cwnd_mss":0,"init_cwnd_bytes":0},{"time":2429,"init_cwnd_mss":0,"init_cwnd_bytes":32750},{"time":2521,"init_cwnd_mss":0,"init_cwnd_bytes":0},{"time":2457,"init_cwnd_mss":0,"init_cwnd_bytes":32750},{"time":2593,"init_cwnd_mss":0,"init_cwnd_bytes":32750},{"time":2519,"init_cwnd_mss":0,"init_cwnd_bytes":0},{"time":2410,"init_cwnd_mss":0,"init_cwnd_bytes":0},{"time":2414,"init_cwnd_mss":0,"init_cwnd_bytes":0}]