[{"time":1324,"init_cwnd_mss":36,"init_cwnd_bytes":44200},{"time":1349,"init_cwnd_mss":36,"init_cwnd_bytes":44201},{"time":1311,"init_cwnd_mss":37,"init_cwnd_bytes":45428},{"time":1339,"init_cwnd_mss":36,"init_cwnd_bytes":44234},{"time":1363,"init_cwnd_mss":43,"init_cwnd_bytes":52797},{"time":1647,"init_cwnd_mss":75,"init_cwnd_bytes":92081},{"time":1637,"init_cwnd_mss":73,"init_cwnd_bytes":89620},{"time":1610,"init_cwnd_mss":74,"init_cwnd_bytes":90832},{"time":1827,"init_cwnd_mss":72,"init_cwnd_bytes":88369},{"time":1608,"init_cwnd_mss":72,"init_cwnd_bytes":88382},{"time":1591,"init_cwnd_mss":69,"init_cwnd_bytes":84721},{"time":1390,"init_cwnd_mss":40,"init_cwnd_bytes":49137},{"time":1379,"init_cwnd_mss":39,"init_cwnd_bytes":47885},{"time":1323,"init_cwnd_mss":41,"init_cwnd_bytes":50341},{"time":1322,"init_cwnd_mss":40,"init_cwnd_bytes":49113},{"time":1604,"init_cwnd_mss":41,"init_cwnd_bytes":50341},{"time":1311,"init_cwnd_mss":41,"init_cwnd_bytes":50341},{"time":1327,"init_cwnd_mss":40,"init_cwnd_bytes":49113},{"time":1318,"init_cwnd_mss":40,"init_cwnd_bytes":49112},{"time":1333,"init_cwnd_mss":36,"init_cwnd_bytes":44201},{"time":1335,"init_cwnd_mss":39,"init_cwnd_bytes":47885},{"time":1648,"init_cwnd_mss":34,"init_cwnd_bytes":41748},{"time":1592,"init_cwnd_mss":70,"init_cwnd_bytes":85929},{"time":1398,"init_cwnd_mss":40,"init_cwnd_bytes":49098},{"time":1393,"init_cwnd_mss":40,"init_cwnd_bytes":49146},{"time":1345,"init_cwnd_mss":40,"init_cwnd_bytes":49146},{"time":1343,"init_cwnd_mss":38,"init_cwnd_bytes":46656},{"time":1327,"init_cwnd_mss":37,"init_cwnd_bytes":45428},{"time":1333,"init_cwnd_mss":36,"init_cwnd_bytes":44200},{"time":1376,"init_cwnd_mss":38,"init_cwnd_bytes":46656},{"time":1698,"init_cwnd_mss":77,"init_cwnd_bytes":95105},{"time":1388,"init_cwnd_mss":43,"init_cwnd_bytes":52797},{"time":1639,"init_cwnd_mss":71,"init_cwnd_bytes":87155},{"time":1621,"init_cwnd_mss":74,"init_cwnd_bytes":90834},{"time":1615,"init_cwnd_mss":74,"init_cwnd_bytes":90854},{"time":1388,"init_cwnd_mss":39,"init_cwnd_bytes":47885},{"time":1375,"init_cwnd_mss":39,"init_cwnd_bytes":47885},{"time":1325,"init_cwnd_mss":36,"init_cwnd_bytes":44200},{"time":1329,"init_cwnd_mss":40,"init_cwnd_bytes":49112},{"time":1333,"init_cwnd_mss":40,"init_cwnd_bytes":49112}]