[{"time":331,"init_cwnd_mss":17,"init_cwnd_bytes":23697},{"time":330,"init_cwnd_mss":16,"init_cwnd_bytes":22343},{"time":526,"init_cwnd_mss":18,"init_cwnd_bytes":25308},{"time":460,"init_cwnd_mss":23,"init_cwnd_bytes":30922},{"time":352,"init_cwnd_mss":16,"init_cwnd_bytes":22496},{"time":358,"init_cwnd_mss":16,"init_cwnd_bytes":22496},{"time":445,"init_cwnd_mss":16,"init_cwnd_bytes":22291},{"time":355,"init_cwnd_mss":17,"init_cwnd_bytes":23902},{"time":409,"init_cwnd_mss":18,"init_cwnd_bytes":24121},{"time":379,"init_cwnd_mss":17,"init_cwnd_bytes":23902},{"time":423,"init_cwnd_mss":17,"init_cwnd_bytes":23902},{"time":330,"init_cwnd_mss":17,"init_cwnd_bytes":23902},{"time":310,"init_cwnd_mss":17,"init_cwnd_bytes":23749},{"time":357,"init_cwnd_mss":17,"init_cwnd_bytes":23697},{"time":399,"init_cwnd_mss":24,"init_cwnd_bytes":32328},{"time":350,"init_cwnd_mss":17,"init_cwnd_bytes":23902},{"time":384,"init_cwnd_mss":17,"init_cwnd_bytes":23902},{"time":346,"init_cwnd_mss":17,"init_cwnd_bytes":23697},{"time":326,"init_cwnd_mss":16,"init_cwnd_bytes":22496},{"time":380,"init_cwnd_mss":14,"init_cwnd_bytes":19684},{"time":421,"init_cwnd_mss":38,"init_cwnd_bytes":51990},{"time":373,"init_cwnd_mss":16,"init_cwnd_bytes":22272},{"time":384,"init_cwnd_mss":16,"init_cwnd_bytes":22395},{"time":593,"init_cwnd_mss":18,"init_cwnd_bytes":25207},{"time":339,"init_cwnd_mss":21,"init_cwnd_bytes":29526},{"time":518,"init_cwnd_mss":17,"init_cwnd_bytes":23902},{"time":356,"init_cwnd_mss":18,"init_cwnd_bytes":25308},{"time":647,"init_cwnd_mss":15,"init_cwnd_bytes":21090},{"time":534,"init_cwnd_mss":32,"init_cwnd_bytes":43560},{"time":338,"init_cwnd_mss":20,"init_cwnd_bytes":27967},{"time":339,"init_cwnd_mss":15,"init_cwnd_bytes":21043},{"time":374,"init_cwnd_mss":17,"init_cwnd_bytes":23697},{"time":368,"init_cwnd_mss":18,"init_cwnd_bytes":25308},{"time":356,"init_cwnd_mss":17,"init_cwnd_bytes":23902},{"time":372,"init_cwnd_mss":17,"init_cwnd_bytes":23902},{"time":347,"init_cwnd_mss":1,"init_cwnd_bytes":1141},{"time":339,"init_cwnd_mss":17,"init_cwnd_bytes":22353},{"time":469,"init_cwnd_mss":22,"init_cwnd_bytes":30727},{"time":322,"init_cwnd_mss":17,"init_cwnd_bytes":23902},{"time":379,"init_cwnd_mss":15,"init_cwnd_bytes":20885}]