[{"time":472,"init_cwnd_mss":0,"init_cwnd_bytes":48321},{"time":458,"init_cwnd_mss":0,"init_cwnd_bytes":18487},{"time":567,"init_cwnd_mss":0,"init_cwnd_bytes":81085},{"time":468,"init_cwnd_mss":0,"init_cwnd_bytes":48317},{"time":564,"init_cwnd_mss":0,"init_cwnd_bytes":31951},{"time":478,"init_cwnd_mss":0,"init_cwnd_bytes":81085},{"time":458,"init_cwnd_mss":0,"init_cwnd_bytes":2103},{"time":739,"init_cwnd_mss":0,"init_cwnd_bytes":29843},{"time":522,"init_cwnd_mss":0,"init_cwnd_bytes":37791},{"time":447,"init_cwnd_mss":0,"init_cwnd_bytes":35683},{"time":452,"init_cwnd_mss":0,"init_cwnd_bytes":2103},{"time":512,"init_cwnd_mss":0,"init_cwnd_bytes":18469},{"time":478,"init_cwnd_mss":0,"init_cwnd_bytes":34871},{"time":526,"init_cwnd_mss":0,"init_cwnd_bytes":15909},{"time":525,"init_cwnd_mss":0,"init_cwnd_bytes":31951},{"time":462,"init_cwnd_mss":0,"init_cwnd_bytes":81085},{"time":458,"init_cwnd_mss":0,"init_cwnd_bytes":22543},{"time":480,"init_cwnd_mss":0,"init_cwnd_bytes":21389},{"time":448,"init_cwnd_mss":0,"init_cwnd_bytes":64719},{"time":456,"init_cwnd_mss":0,"init_cwnd_bytes":31951},{"time":609,"init_cwnd_mss":0,"init_cwnd_bytes":40132},{"time":471,"init_cwnd_mss":0,"init_cwnd_bytes":81085},{"time":470,"init_cwnd_mss":0,"init_cwnd_bytes":31951},{"time":460,"init_cwnd_mss":0,"init_cwnd_bytes":48317},{"time":579,"init_cwnd_mss":0,"init_cwnd_bytes":31951},{"time":453,"init_cwnd_mss":0,"init_cwnd_bytes":48317},{"time":546,"init_cwnd_mss":0,"init_cwnd_bytes":48316},{"time":441,"init_cwnd_mss":0,"init_cwnd_bytes":48298},{"time":744,"init_cwnd_mss":0,"init_cwnd_bytes":64719},{"time":456,"init_cwnd_mss":0,"init_cwnd_bytes":81085},{"time":530,"init_cwnd_mss":0,"init_cwnd_bytes":113004},{"time":453,"init_cwnd_mss":0,"init_cwnd_bytes":81085},{"time":473,"init_cwnd_mss":0,"init_cwnd_bytes":81085},{"time":501,"init_cwnd_mss":0,"init_cwnd_bytes":113004},{"time":526,"init_cwnd_mss":0,"init_cwnd_bytes":15909},{"time":580,"init_cwnd_mss":0,"init_cwnd_bytes":31932},{"time":468,"init_cwnd_mss":0,"init_cwnd_bytes":37791},{"time":611,"init_cwnd_mss":0,"init_cwnd_bytes":81085},{"time":484,"init_cwnd_mss":0,"init_cwnd_bytes":81066},{"time":514,"init_cwnd_mss":0,"init_cwnd_bytes":18469}]