[{"time":1057,"init_cwnd_mss":16,"init_cwnd_bytes":22508},{"time":1066,"init_cwnd_mss":17,"init_cwnd_bytes":23320},{"time":1077,"init_cwnd_mss":17,"init_cwnd_bytes":22750},{"time":909,"init_cwnd_mss":17,"init_cwnd_bytes":23902},{"time":894,"init_cwnd_mss":17,"init_cwnd_bytes":23855},{"time":868,"init_cwnd_mss":17,"init_cwnd_bytes":23700},{"time":866,"init_cwnd_mss":17,"init_cwnd_bytes":23900},{"time":883,"init_cwnd_mss":17,"init_cwnd_bytes":23700},{"time":1033,"init_cwnd_mss":18,"init_cwnd_bytes":24177},{"time":1021,"init_cwnd_mss":20,"init_cwnd_bytes":27969},{"time":1050,"init_cwnd_mss":17,"init_cwnd_bytes":23749},{"time":1057,"init_cwnd_mss":16,"init_cwnd_bytes":22396},{"time":1016,"init_cwnd_mss":16,"init_cwnd_bytes":22293},{"time":937,"init_cwnd_mss":18,"init_cwnd_bytes":25261},{"time":931,"init_cwnd_mss":17,"init_cwnd_bytes":23698},{"time":939,"init_cwnd_mss":19,"init_cwnd_bytes":26563},{"time":941,"init_cwnd_mss":17,"init_cwnd_bytes":23900},{"time":875,"init_cwnd_mss":17,"init_cwnd_bytes":23751},{"time":945,"init_cwnd_mss":19,"init_cwnd_bytes":26512},{"time":921,"init_cwnd_mss":17,"init_cwnd_bytes":23700},{"time":967,"init_cwnd_mss":17,"init_cwnd_bytes":23700},{"time":1220,"init_cwnd_mss":16,"init_cwnd_bytes":22294},{"time":1075,"init_cwnd_mss":17,"init_cwnd_bytes":23753},{"time":4445,"init_cwnd_mss":14,"init_cwnd_bytes":19684},{"time":1079,"init_cwnd_mss":27,"init_cwnd_bytes":36342},{"time":1058,"init_cwnd_mss":17,"init_cwnd_bytes":23902},{"time":1034,"init_cwnd_mss":17,"init_cwnd_bytes":23902},{"time":1020,"init_cwnd_mss":17,"init_cwnd_bytes":23902},{"time":915,"init_cwnd_mss":16,"init_cwnd_bytes":22293},{"time":971,"init_cwnd_mss":17,"init_cwnd_bytes":22664},{"time":922,"init_cwnd_mss":19,"init_cwnd_bytes":26714},{"time":1154,"init_cwnd_mss":17,"init_cwnd_bytes":23902},{"time":907,"init_cwnd_mss":17,"init_cwnd_bytes":23902},{"time":883,"init_cwnd_mss":17,"init_cwnd_bytes":23902},{"time":874,"init_cwnd_mss":17,"init_cwnd_bytes":23902},{"time":902,"init_cwnd_mss":17,"init_cwnd_bytes":23751},{"time":872,"init_cwnd_mss":16,"init_cwnd_bytes":22496},{"time":1035,"init_cwnd_mss":17,"init_cwnd_bytes":23706},{"time":1114,"init_cwnd_mss":17,"init_cwnd_bytes":23902},{"time":1067,"init_cwnd_mss":17,"init_cwnd_bytes":23698}]