[{"time":1870,"init_cwnd_mss":0,"init_cwnd_bytes":113863},{"time":2014,"init_cwnd_mss":0,"init_cwnd_bytes":85473},{"time":2015,"init_cwnd_mss":0,"init_cwnd_bytes":113857},{"time":2018,"init_cwnd_mss":0,"init_cwnd_bytes":113857},{"time":1865,"init_cwnd_mss":0,"init_cwnd_bytes":67645},{"time":1872,"init_cwnd_mss":0,"init_cwnd_bytes":117933},{"time":1885,"init_cwnd_mss":0,"init_cwnd_bytes":84011},{"time":1932,"init_cwnd_mss":0,"init_cwnd_bytes":108694},{"time":1926,"init_cwnd_mss":0,"init_cwnd_bytes":113860},{"time":1980,"init_cwnd_mss":0,"init_cwnd_bytes":113860},{"time":1947,"init_cwnd_mss":0,"init_cwnd_bytes":97500},{"time":1942,"init_cwnd_mss":0,"init_cwnd_bytes":113860},{"time":1943,"init_cwnd_mss":0,"init_cwnd_bytes":113860},{"time":1868,"init_cwnd_mss":0,"init_cwnd_bytes":113863},{"time":1864,"init_cwnd_mss":0,"init_cwnd_bytes":97493},{"time":1871,"init_cwnd_mss":0,"init_cwnd_bytes":93277},{"time":2004,"init_cwnd_mss":0,"init_cwnd_bytes":97491},{"time":1996,"init_cwnd_mss":0,"init_cwnd_bytes":113857},{"time":1999,"init_cwnd_mss":0,"init_cwnd_bytes":113857},{"time":1876,"init_cwnd_mss":0,"init_cwnd_bytes":113859},{"time":1864,"init_cwnd_mss":0,"init_cwnd_bytes":100413},{"time":1856,"init_cwnd_mss":0,"init_cwnd_bytes":100413},{"time":1951,"init_cwnd_mss":0,"init_cwnd_bytes":113860},{"time":1940,"init_cwnd_mss":0,"init_cwnd_bytes":113860},{"time":1973,"init_cwnd_mss":0,"init_cwnd_bytes":113860},{"time":1927,"init_cwnd_mss":0,"init_cwnd_bytes":97495},{"time":1948,"init_cwnd_mss":0,"init_cwnd_bytes":98467},{"time":1979,"init_cwnd_mss":0,"init_cwnd_bytes":113857},{"time":1870,"init_cwnd_mss":0,"init_cwnd_bytes":100413},{"time":1861,"init_cwnd_mss":0,"init_cwnd_bytes":110291},{"time":1878,"init_cwnd_mss":0,"init_cwnd_bytes":113859},{"time":1992,"init_cwnd_mss":0,"init_cwnd_bytes":113857},{"time":1985,"init_cwnd_mss":0,"init_cwnd_bytes":113857},{"time":2013,"init_cwnd_mss":0,"init_cwnd_bytes":113857},{"time":1863,"init_cwnd_mss":0,"init_cwnd_bytes":113863},{"time":1870,"init_cwnd_mss":0,"init_cwnd_bytes":113859},{"time":1875,"init_cwnd_mss":0,"init_cwnd_bytes":97493},{"time":1926,"init_cwnd_mss":0,"init_cwnd_bytes":113862},{"time":1961,"init_cwnd_mss":0,"init_cwnd_bytes":118772},{"time":1933,"init_cwnd_mss":0,"init_cwnd_bytes":113858}]