[{"time":2642,"init_cwnd_mss":0,"init_cwnd_bytes":32750},{"time":2543,"init_cwnd_mss":0,"init_cwnd_bytes":32750},{"time":2633,"init_cwnd_mss":0,"init_cwnd_bytes":32750},{"time":2552,"init_cwnd_mss":0,"init_cwnd_bytes":32750},{"time":2540,"init_cwnd_mss":0,"init_cwnd_bytes":32750},{"time":2430,"init_cwnd_mss":0,"init_cwnd_bytes":32750},{"time":2517,"init_cwnd_mss":0,"init_cwnd_bytes":32750},{"time":2404,"init_cwnd_mss":0,"init_cwnd_bytes":32750},{"time":2661,"init_cwnd_mss":0,"init_cwnd_bytes":124746},{"time":2515,"init_cwnd_mss":0,"init_cwnd_bytes":32750},{"time":2627,"init_cwnd_mss":0,"init_cwnd_bytes":32750},{"time":2432,"init_cwnd_mss":0,"init_cwnd_bytes":32750},{"time":2519,"init_cwnd_mss":0,"init_cwnd_bytes":32750},{"time":2399,"init_cwnd_mss":0,"init_cwnd_bytes":32750},{"time":2893,"init_cwnd_mss":0,"init_cwnd_bytes":32750},{"time":2527,"init_cwnd_mss":0,"init_cwnd_bytes":32750},{"time":2616,"init_cwnd_mss":0,"init_cwnd_bytes":32750},{"time":2529,"init_cwnd_mss":0,"init_cwnd_bytes":32750},{"time":2649,"init_cwnd_mss":0,"init_cwnd_bytes":32750},{"time":2452,"init_cwnd_mss":0,"init_cwnd_bytes":32750},{"time":2659,"init_cwnd_mss":0,"init_cwnd_bytes":32750},{"time":3278,"init_cwnd_mss":0,"init_cwnd_bytes":32750},{"time":2560,"init_cwnd_mss":0,"init_cwnd_bytes":32750},{"time":2400,"init_cwnd_mss":0,"init_cwnd_bytes":32750},{"time":2480,"init_cwnd_mss":0,"init_cwnd_bytes":32750},{"time":2437,"init_cwnd_mss":0,"init_cwnd_bytes":32750},{"time":2677,"init_cwnd_mss":0,"init_cwnd_bytes":32750},{"time":2498,"init_cwnd_mss":0,"init_cwnd_bytes":32750},{"time":2646,"init_cwnd_mss":0,"init_cwnd_bytes":32750},{"time":2671,"init_cwnd_mss":0,"init_cwnd_bytes":32750},{"time":2582,"init_cwnd_mss":0,"init_cwnd_bytes":32750},{"time":2425,"init_cwnd_mss":0,"init_cwnd_bytes":32750},{"time":2493,"init_cwnd_mss":0,"init_cwnd_bytes":32750},{"time":2410,"init_cwnd_mss":0,"init_cwnd_bytes":32750},{"time":2645,"init_cwnd_mss":0,"init_cwnd_bytes":32750},{"time":2498,"init_cwnd_mss":0,"init_cwnd_bytes":32750},{"time":2470,"init_cwnd_mss":0,"init_cwnd_bytes":32750},{"time":2553,"init_cwnd_mss":0,"init_cwnd_bytes":32750},{"time":2612,"init_cwnd_mss":0,"init_cwnd_bytes":32750},{"time":2562,"init_cwnd_mss":0,"init_cwnd_bytes":32750}]