[{"time":2008,"init_cwnd_mss":72,"init_cwnd_bytes":88391},{"time":1750,"init_cwnd_mss":39,"init_cwnd_bytes":47870},{"time":2096,"init_cwnd_mss":74,"init_cwnd_bytes":90797},{"time":2097,"init_cwnd_mss":73,"init_cwnd_bytes":89616},{"time":2101,"init_cwnd_mss":68,"init_cwnd_bytes":83539},{"time":2041,"init_cwnd_mss":75,"init_cwnd_bytes":92258},{"time":2043,"init_cwnd_mss":73,"init_cwnd_bytes":89616},{"time":2029,"init_cwnd_mss":73,"init_cwnd_bytes":89616},{"time":2025,"init_cwnd_mss":74,"init_cwnd_bytes":90911},{"time":2109,"init_cwnd_mss":70,"init_cwnd_bytes":85937},{"time":2092,"init_cwnd_mss":74,"init_cwnd_bytes":91030},{"time":2117,"init_cwnd_mss":74,"init_cwnd_bytes":90793},{"time":2047,"init_cwnd_mss":73,"init_cwnd_bytes":89629},{"time":1758,"init_cwnd_mss":39,"init_cwnd_bytes":47909},{"time":1758,"init_cwnd_mss":41,"init_cwnd_bytes":50310},{"time":2099,"init_cwnd_mss":74,"init_cwnd_bytes":90900},{"time":2103,"init_cwnd_mss":74,"init_cwnd_bytes":90854},{"time":2017,"init_cwnd_mss":77,"init_cwnd_bytes":94515},{"time":1698,"init_cwnd_mss":40,"init_cwnd_bytes":49130},{"time":2003,"init_cwnd_mss":74,"init_cwnd_bytes":91030},{"time":2029,"init_cwnd_mss":74,"init_cwnd_bytes":90843},{"time":1714,"init_cwnd_mss":45,"init_cwnd_bytes":55238},{"time":2008,"init_cwnd_mss":75,"init_cwnd_bytes":92013},{"time":1997,"init_cwnd_mss":38,"init_cwnd_bytes":46657},{"time":2040,"init_cwnd_mss":74,"init_cwnd_bytes":90843},{"time":2091,"init_cwnd_mss":74,"init_cwnd_bytes":90843},{"time":2025,"init_cwnd_mss":72,"init_cwnd_bytes":88393},{"time":2099,"init_cwnd_mss":74,"init_cwnd_bytes":90843},{"time":2118,"init_cwnd_mss":71,"init_cwnd_bytes":87173},{"time":2096,"init_cwnd_mss":74,"init_cwnd_bytes":90843},{"time":2107,"init_cwnd_mss":70,"init_cwnd_bytes":85948},{"time":2080,"init_cwnd_mss":70,"init_cwnd_bytes":85946},{"time":2070,"init_cwnd_mss":73,"init_cwnd_bytes":89618},{"time":1993,"init_cwnd_mss":74,"init_cwnd_bytes":90845},{"time":1961,"init_cwnd_mss":39,"init_cwnd_bytes":47909},{"time":2002,"init_cwnd_mss":74,"init_cwnd_bytes":90807},{"time":2014,"init_cwnd_mss":72,"init_cwnd_bytes":88391},{"time":1781,"init_cwnd_mss":40,"init_cwnd_bytes":49091},{"time":2166,"init_cwnd_mss":81,"init_cwnd_bytes":100801},{"time":2059,"init_cwnd_mss":77,"init_cwnd_bytes":94475}]