[{"time":436,"init_cwnd_mss":155,"init_cwnd_bytes":207702},{"time":453,"init_cwnd_mss":22,"init_cwnd_bytes":30726},{"time":419,"init_cwnd_mss":29,"init_cwnd_bytes":39255},{"time":465,"init_cwnd_mss":84,"init_cwnd_bytes":112451},{"time":464,"init_cwnd_mss":17,"init_cwnd_bytes":23698},{"time":506,"init_cwnd_mss":22,"init_cwnd_bytes":30727},{"time":428,"init_cwnd_mss":21,"init_cwnd_bytes":28314},{"time":420,"init_cwnd_mss":19,"init_cwnd_bytes":26561},{"time":411,"init_cwnd_mss":26,"init_cwnd_bytes":34936},{"time":445,"init_cwnd_mss":27,"init_cwnd_bytes":36538},{"time":442,"init_cwnd_mss":28,"init_cwnd_bytes":37944},{"time":423,"init_cwnd_mss":32,"init_cwnd_bytes":43560},{"time":496,"init_cwnd_mss":27,"init_cwnd_bytes":36394},{"time":925,"init_cwnd_mss":19,"init_cwnd_bytes":26541},{"time":442,"init_cwnd_mss":22,"init_cwnd_bytes":30932},{"time":433,"init_cwnd_mss":19,"init_cwnd_bytes":26712},{"time":451,"init_cwnd_mss":15,"init_cwnd_bytes":21090},{"time":738,"init_cwnd_mss":2763,"init_cwnd_bytes":3401017},{"time":428,"init_cwnd_mss":22,"init_cwnd_bytes":30728},{"time":565,"init_cwnd_mss":17,"init_cwnd_bytes":23902},{"time":453,"init_cwnd_mss":21,"init_cwnd_bytes":29320},{"time":424,"init_cwnd_mss":30,"init_cwnd_bytes":40752},{"time":417,"init_cwnd_mss":26,"init_cwnd_bytes":35136},{"time":684,"init_cwnd_mss":2355,"init_cwnd_bytes":1968704},{"time":420,"init_cwnd_mss":22,"init_cwnd_bytes":30834},{"time":459,"init_cwnd_mss":26,"init_cwnd_bytes":35136},{"time":460,"init_cwnd_mss":22,"init_cwnd_bytes":30779},{"time":433,"init_cwnd_mss":122,"init_cwnd_bytes":163182},{"time":659,"init_cwnd_mss":23,"init_cwnd_bytes":31148},{"time":422,"init_cwnd_mss":29,"init_cwnd_bytes":39147},{"time":415,"init_cwnd_mss":26,"init_cwnd_bytes":35136},{"time":548,"init_cwnd_mss":31,"init_cwnd_bytes":42156},{"time":424,"init_cwnd_mss":25,"init_cwnd_bytes":33732},{"time":463,"init_cwnd_mss":18,"init_cwnd_bytes":25312},{"time":432,"init_cwnd_mss":21,"init_cwnd_bytes":29526},{"time":429,"init_cwnd_mss":22,"init_cwnd_bytes":30932},{"time":417,"init_cwnd_mss":19,"init_cwnd_bytes":26613},{"time":417,"init_cwnd_mss":21,"init_cwnd_bytes":29322},{"time":448,"init_cwnd_mss":19,"init_cwnd_bytes":26561},{"time":423,"init_cwnd_mss":16,"init_cwnd_bytes":22496}]