[{"time":1343,"init_cwnd_mss":0,"init_cwnd_bytes":48319},{"time":960,"init_cwnd_mss":0,"init_cwnd_bytes":48323},{"time":1936,"init_cwnd_mss":0,"init_cwnd_bytes":64725},{"time":769,"init_cwnd_mss":0,"init_cwnd_bytes":195860},{"time":1613,"init_cwnd_mss":0,"init_cwnd_bytes":15915},{"time":1492,"init_cwnd_mss":0,"init_cwnd_bytes":48323},{"time":1357,"init_cwnd_mss":0,"init_cwnd_bytes":19935},{"time":1797,"init_cwnd_mss":0,"init_cwnd_bytes":48304},{"time":1512,"init_cwnd_mss":0,"init_cwnd_bytes":31957},{"time":1528,"init_cwnd_mss":0,"init_cwnd_bytes":48304},{"time":1631,"init_cwnd_mss":0,"init_cwnd_bytes":34877},{"time":1622,"init_cwnd_mss":0,"init_cwnd_bytes":18475},{"time":1162,"init_cwnd_mss":0,"init_cwnd_bytes":18475},{"time":1348,"init_cwnd_mss":0,"init_cwnd_bytes":31957},{"time":868,"init_cwnd_mss":0,"init_cwnd_bytes":18475},{"time":1536,"init_cwnd_mss":0,"init_cwnd_bytes":18475},{"time":1653,"init_cwnd_mss":0,"init_cwnd_bytes":48304},{"time":1402,"init_cwnd_mss":0,"init_cwnd_bytes":3569},{"time":1644,"init_cwnd_mss":0,"init_cwnd_bytes":34229},{"time":1544,"init_cwnd_mss":0,"init_cwnd_bytes":37797},{"time":1559,"init_cwnd_mss":0,"init_cwnd_bytes":10869},{"time":1606,"init_cwnd_mss":0,"init_cwnd_bytes":6470},{"time":1313,"init_cwnd_mss":0,"init_cwnd_bytes":34858},{"time":1702,"init_cwnd_mss":0,"init_cwnd_bytes":81370},{"time":1378,"init_cwnd_mss":0,"init_cwnd_bytes":21395},{"time":1516,"init_cwnd_mss":0,"init_cwnd_bytes":48304},{"time":1222,"init_cwnd_mss":0,"init_cwnd_bytes":15915},{"time":1766,"init_cwnd_mss":0,"init_cwnd_bytes":35995},{"time":1645,"init_cwnd_mss":0,"init_cwnd_bytes":17015},{"time":1069,"init_cwnd_mss":0,"init_cwnd_bytes":21395},{"time":1026,"init_cwnd_mss":0,"init_cwnd_bytes":31957},{"time":689,"init_cwnd_mss":0,"init_cwnd_bytes":2108},{"time":1596,"init_cwnd_mss":0,"init_cwnd_bytes":56514},{"time":1551,"init_cwnd_mss":0,"init_cwnd_bytes":31957},{"time":1406,"init_cwnd_mss":0,"init_cwnd_bytes":48304},{"time":1670,"init_cwnd_mss":0,"init_cwnd_bytes":42989},{"time":1214,"init_cwnd_mss":0,"init_cwnd_bytes":52397},{"time":1712,"init_cwnd_mss":0,"init_cwnd_bytes":19935},{"time":827,"init_cwnd_mss":0,"init_cwnd_bytes":34877},{"time":1623,"init_cwnd_mss":0,"init_cwnd_bytes":3569}]