[{"time":2491,"init_cwnd_mss":0,"init_cwnd_bytes":32750},{"time":2433,"init_cwnd_mss":0,"init_cwnd_bytes":32750},{"time":2731,"init_cwnd_mss":0,"init_cwnd_bytes":32750},{"time":2700,"init_cwnd_mss":0,"init_cwnd_bytes":32750},{"time":2319,"init_cwnd_mss":0,"init_cwnd_bytes":32750},{"time":2554,"init_cwnd_mss":0,"init_cwnd_bytes":32750},{"time":2324,"init_cwnd_mss":0,"init_cwnd_bytes":16375},{"time":2263,"init_cwnd_mss":0,"init_cwnd_bytes":32750},{"time":2434,"init_cwnd_mss":0,"init_cwnd_bytes":32750},{"time":2721,"init_cwnd_mss":0,"init_cwnd_bytes":32750},{"time":2859,"init_cwnd_mss":0,"init_cwnd_bytes":32750},{"time":2372,"init_cwnd_mss":0,"init_cwnd_bytes":32750},{"time":2301,"init_cwnd_mss":0,"init_cwnd_bytes":32750},{"time":2505,"init_cwnd_mss":0,"init_cwnd_bytes":124746},{"time":2329,"init_cwnd_mss":0,"init_cwnd_bytes":32750},{"time":2304,"init_cwnd_mss":0,"init_cwnd_bytes":32750},{"time":2438,"init_cwnd_mss":0,"init_cwnd_bytes":32750},{"time":2494,"init_cwnd_mss":0,"init_cwnd_bytes":32750},{"time":2775,"init_cwnd_mss":0,"init_cwnd_bytes":32750},{"time":2885,"init_cwnd_mss":0,"init_cwnd_bytes":32750},{"time":2574,"init_cwnd_mss":0,"init_cwnd_bytes":32750},{"time":2551,"init_cwnd_mss":0,"init_cwnd_bytes":16375},{"time":2780,"init_cwnd_mss":0,"init_cwnd_bytes":32750},{"time":2707,"init_cwnd_mss":0,"init_cwnd_bytes":32750},{"time":2598,"init_cwnd_mss":0,"init_cwnd_bytes":32750},{"time":2539,"init_cwnd_mss":0,"init_cwnd_bytes":32750},{"time":2578,"init_cwnd_mss":0,"init_cwnd_bytes":32750},{"time":3546,"init_cwnd_mss":0,"init_cwnd_bytes":124746},{"time":2830,"init_cwnd_mss":0,"init_cwnd_bytes":32750},{"time":2658,"init_cwnd_mss":0,"init_cwnd_bytes":32750},{"time":2710,"init_cwnd_mss":0,"init_cwnd_bytes":32750},{"time":2723,"init_cwnd_mss":0,"init_cwnd_bytes":32750},{"time":2855,"init_cwnd_mss":0,"init_cwnd_bytes":32750},{"time":2575,"init_cwnd_mss":0,"init_cwnd_bytes":32750},{"time":2574,"init_cwnd_mss":0,"init_cwnd_bytes":32750},{"time":2524,"init_cwnd_mss":0,"init_cwnd_bytes":32750},{"time":2760,"init_cwnd_mss":0,"init_cwnd_bytes":32750},{"time":2734,"init_cwnd_mss":0,"init_cwnd_bytes":32750},{"time":2659,"init_cwnd_mss":0,"init_cwnd_bytes":32750},{"time":2561,"init_cwnd_mss":0,"init_cwnd_bytes":32750}]