[{"time":1794,"init_cwnd_mss":40,"init_cwnd_bytes":49112},{"time":1794,"init_cwnd_mss":71,"init_cwnd_bytes":87164},{"time":1809,"init_cwnd_mss":74,"init_cwnd_bytes":90843},{"time":1794,"init_cwnd_mss":70,"init_cwnd_bytes":85899},{"time":1796,"init_cwnd_mss":73,"init_cwnd_bytes":89625},{"time":1760,"init_cwnd_mss":71,"init_cwnd_bytes":87107},{"time":1877,"init_cwnd_mss":71,"init_cwnd_bytes":87162},{"time":1885,"init_cwnd_mss":74,"init_cwnd_bytes":90889},{"time":2206,"init_cwnd_mss":74,"init_cwnd_bytes":90818},{"time":2695,"init_cwnd_mss":40,"init_cwnd_bytes":49146},{"time":1589,"init_cwnd_mss":39,"init_cwnd_bytes":47911},{"time":1900,"init_cwnd_mss":40,"init_cwnd_bytes":49112},{"time":2004,"init_cwnd_mss":72,"init_cwnd_bytes":88343},{"time":1859,"init_cwnd_mss":73,"init_cwnd_bytes":89618},{"time":1824,"init_cwnd_mss":72,"init_cwnd_bytes":88389},{"time":2000,"init_cwnd_mss":73,"init_cwnd_bytes":89616},{"time":1805,"init_cwnd_mss":75,"init_cwnd_bytes":92069},{"time":1856,"init_cwnd_mss":41,"init_cwnd_bytes":50326},{"time":1838,"init_cwnd_mss":39,"init_cwnd_bytes":47918},{"time":1805,"init_cwnd_mss":74,"init_cwnd_bytes":90843},{"time":2049,"init_cwnd_mss":71,"init_cwnd_bytes":87164},{"time":1790,"init_cwnd_mss":40,"init_cwnd_bytes":49098},{"time":2247,"init_cwnd_mss":39,"init_cwnd_bytes":47918},{"time":1822,"init_cwnd_mss":70,"init_cwnd_bytes":85936},{"time":2174,"init_cwnd_mss":74,"init_cwnd_bytes":90847},{"time":2099,"init_cwnd_mss":74,"init_cwnd_bytes":90843},{"time":1591,"init_cwnd_mss":37,"init_cwnd_bytes":45446},{"time":2067,"init_cwnd_mss":70,"init_cwnd_bytes":85937},{"time":1890,"init_cwnd_mss":74,"init_cwnd_bytes":90842},{"time":1877,"init_cwnd_mss":72,"init_cwnd_bytes":88387},{"time":1789,"init_cwnd_mss":74,"init_cwnd_bytes":90845},{"time":1759,"init_cwnd_mss":73,"init_cwnd_bytes":89620},{"time":2033,"init_cwnd_mss":39,"init_cwnd_bytes":47860},{"time":2013,"init_cwnd_mss":75,"init_cwnd_bytes":92024},{"time":1769,"init_cwnd_mss":72,"init_cwnd_bytes":88385},{"time":1759,"init_cwnd_mss":73,"init_cwnd_bytes":89579},{"time":2037,"init_cwnd_mss":74,"init_cwnd_bytes":90798},{"time":1764,"init_cwnd_mss":75,"init_cwnd_bytes":92068},{"time":1928,"init_cwnd_mss":34,"init_cwnd_bytes":41748},{"time":1870,"init_cwnd_mss":74,"init_cwnd_bytes":90843}]