[{"time":660,"init_cwnd_mss":0,"init_cwnd_bytes":90169},{"time":800,"init_cwnd_mss":0,"init_cwnd_bytes":113004},{"time":810,"init_cwnd_mss":0,"init_cwnd_bytes":82544},{"time":799,"init_cwnd_mss":0,"init_cwnd_bytes":105669},{"time":827,"init_cwnd_mss":0,"init_cwnd_bytes":83986},{"time":800,"init_cwnd_mss":0,"init_cwnd_bytes":84005},{"time":667,"init_cwnd_mss":0,"init_cwnd_bytes":67639},{"time":1056,"init_cwnd_mss":0,"init_cwnd_bytes":81085},{"time":857,"init_cwnd_mss":0,"init_cwnd_bytes":97487},{"time":1044,"init_cwnd_mss":0,"init_cwnd_bytes":84005},{"time":787,"init_cwnd_mss":0,"init_cwnd_bytes":84005},{"time":637,"init_cwnd_mss":0,"init_cwnd_bytes":67639},{"time":809,"init_cwnd_mss":0,"init_cwnd_bytes":85465},{"time":875,"init_cwnd_mss":0,"init_cwnd_bytes":86925},{"time":802,"init_cwnd_mss":0,"init_cwnd_bytes":84005},{"time":784,"init_cwnd_mss":0,"init_cwnd_bytes":96839},{"time":906,"init_cwnd_mss":0,"init_cwnd_bytes":113004},{"time":654,"init_cwnd_mss":0,"init_cwnd_bytes":69099},{"time":803,"init_cwnd_mss":0,"init_cwnd_bytes":67620},{"time":848,"init_cwnd_mss":0,"init_cwnd_bytes":97487},{"time":804,"init_cwnd_mss":0,"init_cwnd_bytes":85078},{"time":810,"init_cwnd_mss":0,"init_cwnd_bytes":113004},{"time":798,"init_cwnd_mss":0,"init_cwnd_bytes":105679},{"time":657,"init_cwnd_mss":0,"init_cwnd_bytes":85465},{"time":795,"init_cwnd_mss":0,"init_cwnd_bytes":113004},{"time":808,"init_cwnd_mss":0,"init_cwnd_bytes":113004},{"time":796,"init_cwnd_mss":0,"init_cwnd_bytes":84005},{"time":802,"init_cwnd_mss":0,"init_cwnd_bytes":113004},{"time":796,"init_cwnd_mss":0,"init_cwnd_bytes":97468},{"time":647,"init_cwnd_mss":0,"init_cwnd_bytes":86925},{"time":-8515246,"init_cwnd_mss":0,"init_cwnd_bytes":113004},{"time":802,"init_cwnd_mss":0,"init_cwnd_bytes":113004},{"time":799,"init_cwnd_mss":0,"init_cwnd_bytes":113004},{"time":804,"init_cwnd_mss":0,"init_cwnd_bytes":113004},{"time":803,"init_cwnd_mss":0,"init_cwnd_bytes":83986},{"time":647,"init_cwnd_mss":0,"init_cwnd_bytes":97487},{"time":814,"init_cwnd_mss":0,"init_cwnd_bytes":97486},{"time":811,"init_cwnd_mss":0,"init_cwnd_bytes":88243},{"time":811,"init_cwnd_mss":0,"init_cwnd_bytes":97487},{"time":796,"init_cwnd_mss":0,"init_cwnd_bytes":113004}]