[{"time":841,"init_cwnd_mss":17,"init_cwnd_bytes":23902},{"time":859,"init_cwnd_mss":17,"init_cwnd_bytes":23902},{"time":807,"init_cwnd_mss":17,"init_cwnd_bytes":23698},{"time":880,"init_cwnd_mss":18,"init_cwnd_bytes":25308},{"time":853,"init_cwnd_mss":16,"init_cwnd_bytes":22496},{"time":843,"init_cwnd_mss":17,"init_cwnd_bytes":23910},{"time":843,"init_cwnd_mss":17,"init_cwnd_bytes":23902},{"time":865,"init_cwnd_mss":16,"init_cwnd_bytes":22325},{"time":836,"init_cwnd_mss":17,"init_cwnd_bytes":23902},{"time":835,"init_cwnd_mss":16,"init_cwnd_bytes":22292},{"time":844,"init_cwnd_mss":17,"init_cwnd_bytes":23699},{"time":830,"init_cwnd_mss":17,"init_cwnd_bytes":23902},{"time":833,"init_cwnd_mss":17,"init_cwnd_bytes":23699},{"time":820,"init_cwnd_mss":17,"init_cwnd_bytes":23698},{"time":841,"init_cwnd_mss":17,"init_cwnd_bytes":23699},{"time":876,"init_cwnd_mss":19,"init_cwnd_bytes":26512},{"time":862,"init_cwnd_mss":16,"init_cwnd_bytes":22496},{"time":868,"init_cwnd_mss":17,"init_cwnd_bytes":23902},{"time":861,"init_cwnd_mss":17,"init_cwnd_bytes":23902},{"time":938,"init_cwnd_mss":22,"init_cwnd_bytes":30932},{"time":849,"init_cwnd_mss":17,"init_cwnd_bytes":22503},{"time":838,"init_cwnd_mss":17,"init_cwnd_bytes":23699},{"time":886,"init_cwnd_mss":16,"init_cwnd_bytes":22496},{"time":869,"init_cwnd_mss":17,"init_cwnd_bytes":23902},{"time":827,"init_cwnd_mss":17,"init_cwnd_bytes":23699},{"time":824,"init_cwnd_mss":18,"init_cwnd_bytes":25308},{"time":824,"init_cwnd_mss":17,"init_cwnd_bytes":23679},{"time":813,"init_cwnd_mss":17,"init_cwnd_bytes":23900},{"time":826,"init_cwnd_mss":17,"init_cwnd_bytes":23751},{"time":827,"init_cwnd_mss":17,"init_cwnd_bytes":23902},{"time":793,"init_cwnd_mss":17,"init_cwnd_bytes":23751},{"time":832,"init_cwnd_mss":17,"init_cwnd_bytes":23854},{"time":849,"init_cwnd_mss":17,"init_cwnd_bytes":23902},{"time":830,"init_cwnd_mss":17,"init_cwnd_bytes":23902},{"time":831,"init_cwnd_mss":19,"init_cwnd_bytes":26714},{"time":827,"init_cwnd_mss":18,"init_cwnd_bytes":23904},{"time":1120,"init_cwnd_mss":15,"init_cwnd_bytes":21090},{"time":841,"init_cwnd_mss":17,"init_cwnd_bytes":23902},{"time":854,"init_cwnd_mss":20,"init_cwnd_bytes":28120},{"time":835,"init_cwnd_mss":17,"init_cwnd_bytes":22556}]