[{"time":1833,"init_cwnd_mss":70,"init_cwnd_bytes":85886},{"time":1824,"init_cwnd_mss":76,"init_cwnd_bytes":93241},{"time":2053,"init_cwnd_mss":71,"init_cwnd_bytes":87125},{"time":2016,"init_cwnd_mss":69,"init_cwnd_bytes":84719},{"time":1820,"init_cwnd_mss":73,"init_cwnd_bytes":89616},{"time":2539,"init_cwnd_mss":72,"init_cwnd_bytes":88387},{"time":2165,"init_cwnd_mss":73,"init_cwnd_bytes":89580},{"time":2794,"init_cwnd_mss":69,"init_cwnd_bytes":84669},{"time":2012,"init_cwnd_mss":71,"init_cwnd_bytes":87162},{"time":2046,"init_cwnd_mss":75,"init_cwnd_bytes":92111},{"time":2786,"init_cwnd_mss":97,"init_cwnd_bytes":119060},{"time":1845,"init_cwnd_mss":70,"init_cwnd_bytes":85935},{"time":1801,"init_cwnd_mss":73,"init_cwnd_bytes":89579},{"time":1803,"init_cwnd_mss":74,"init_cwnd_bytes":90842},{"time":2085,"init_cwnd_mss":69,"init_cwnd_bytes":84712},{"time":2920,"init_cwnd_mss":73,"init_cwnd_bytes":89673},{"time":1858,"init_cwnd_mss":75,"init_cwnd_bytes":92058},{"time":1874,"init_cwnd_mss":40,"init_cwnd_bytes":49130},{"time":1575,"init_cwnd_mss":36,"init_cwnd_bytes":44225},{"time":1868,"init_cwnd_mss":43,"init_cwnd_bytes":52772},{"time":1857,"init_cwnd_mss":68,"init_cwnd_bytes":83482},{"time":1846,"init_cwnd_mss":71,"init_cwnd_bytes":87160},{"time":1860,"init_cwnd_mss":74,"init_cwnd_bytes":91225},{"time":1518,"init_cwnd_mss":39,"init_cwnd_bytes":47884},{"time":1524,"init_cwnd_mss":39,"init_cwnd_bytes":47884},{"time":2191,"init_cwnd_mss":35,"init_cwnd_bytes":42964},{"time":2078,"init_cwnd_mss":38,"init_cwnd_bytes":46690},{"time":1774,"init_cwnd_mss":68,"init_cwnd_bytes":83479},{"time":1763,"init_cwnd_mss":68,"init_cwnd_bytes":83489},{"time":1854,"init_cwnd_mss":72,"init_cwnd_bytes":88389},{"time":2191,"init_cwnd_mss":69,"init_cwnd_bytes":84709},{"time":1899,"init_cwnd_mss":39,"init_cwnd_bytes":47918},{"time":1954,"init_cwnd_mss":70,"init_cwnd_bytes":85937},{"time":1839,"init_cwnd_mss":39,"init_cwnd_bytes":47909},{"time":1906,"init_cwnd_mss":40,"init_cwnd_bytes":49112},{"time":1906,"init_cwnd_mss":68,"init_cwnd_bytes":83492},{"time":1923,"init_cwnd_mss":74,"init_cwnd_bytes":90845},{"time":1873,"init_cwnd_mss":74,"init_cwnd_bytes":90854},{"time":1811,"init_cwnd_mss":73,"init_cwnd_bytes":89618},{"time":1780,"init_cwnd_mss":73,"init_cwnd_bytes":89616}]