[{"time":2898,"init_cwnd_mss":0,"init_cwnd_bytes":32750},{"time":3013,"init_cwnd_mss":0,"init_cwnd_bytes":114625},{"time":3211,"init_cwnd_mss":0,"init_cwnd_bytes":32750},{"time":3133,"init_cwnd_mss":0,"init_cwnd_bytes":16375},{"time":3371,"init_cwnd_mss":0,"init_cwnd_bytes":16375},{"time":3280,"init_cwnd_mss":0,"init_cwnd_bytes":16375},{"time":3620,"init_cwnd_mss":0,"init_cwnd_bytes":16375},{"time":3194,"init_cwnd_mss":0,"init_cwnd_bytes":16375},{"time":3201,"init_cwnd_mss":0,"init_cwnd_bytes":16375},{"time":3151,"init_cwnd_mss":0,"init_cwnd_bytes":16375},{"time":3419,"init_cwnd_mss":0,"init_cwnd_bytes":16375},{"time":3242,"init_cwnd_mss":0,"init_cwnd_bytes":16375},{"time":3291,"init_cwnd_mss":0,"init_cwnd_bytes":16375},{"time":3217,"init_cwnd_mss":0,"init_cwnd_bytes":16375},{"time":3277,"init_cwnd_mss":0,"init_cwnd_bytes":16375},{"time":3105,"init_cwnd_mss":0,"init_cwnd_bytes":16375},{"time":3142,"init_cwnd_mss":0,"init_cwnd_bytes":16375},{"time":3197,"init_cwnd_mss":0,"init_cwnd_bytes":16375},{"time":3560,"init_cwnd_mss":0,"init_cwnd_bytes":16375},{"time":3164,"init_cwnd_mss":0,"init_cwnd_bytes":16375},{"time":3324,"init_cwnd_mss":0,"init_cwnd_bytes":16375},{"time":3117,"init_cwnd_mss":0,"init_cwnd_bytes":16375},{"time":3477,"init_cwnd_mss":0,"init_cwnd_bytes":65500},{"time":3359,"init_cwnd_mss":0,"init_cwnd_bytes":16375},{"time":3324,"init_cwnd_mss":0,"init_cwnd_bytes":16375},{"time":3248,"init_cwnd_mss":0,"init_cwnd_bytes":16375},{"time":3144,"init_cwnd_mss":0,"init_cwnd_bytes":16375},{"time":3113,"init_cwnd_mss":0,"init_cwnd_bytes":16375},{"time":3206,"init_cwnd_mss":0,"init_cwnd_bytes":16375},{"time":3112,"init_cwnd_mss":0,"init_cwnd_bytes":16375},{"time":3348,"init_cwnd_mss":0,"init_cwnd_bytes":16375},{"time":3338,"init_cwnd_mss":0,"init_cwnd_bytes":16375},{"time":3559,"init_cwnd_mss":0,"init_cwnd_bytes":16375},{"time":3171,"init_cwnd_mss":0,"init_cwnd_bytes":16375},{"time":3316,"init_cwnd_mss":0,"init_cwnd_bytes":16375},{"time":3216,"init_cwnd_mss":0,"init_cwnd_bytes":16375},{"time":3466,"init_cwnd_mss":0,"init_cwnd_bytes":16375},{"time":3248,"init_cwnd_mss":0,"init_cwnd_bytes":16375},{"time":3157,"init_cwnd_mss":0,"init_cwnd_bytes":16375},{"time":3254,"init_cwnd_mss":0,"init_cwnd_bytes":16375}]