[{"time":2608,"init_cwnd_mss":70,"init_cwnd_bytes":85939},{"time":2733,"init_cwnd_mss":69,"init_cwnd_bytes":84719},{"time":2311,"init_cwnd_mss":36,"init_cwnd_bytes":44201},{"time":2738,"init_cwnd_mss":74,"init_cwnd_bytes":90843},{"time":2553,"init_cwnd_mss":72,"init_cwnd_bytes":88382},{"time":2735,"init_cwnd_mss":75,"init_cwnd_bytes":92074},{"time":2244,"init_cwnd_mss":36,"init_cwnd_bytes":44234},{"time":2402,"init_cwnd_mss":39,"init_cwnd_bytes":47885},{"time":2244,"init_cwnd_mss":49,"init_cwnd_bytes":60164},{"time":2270,"init_cwnd_mss":40,"init_cwnd_bytes":49113},{"time":2164,"init_cwnd_mss":41,"init_cwnd_bytes":50341},{"time":2241,"init_cwnd_mss":36,"init_cwnd_bytes":44200},{"time":2265,"init_cwnd_mss":36,"init_cwnd_bytes":44201},{"time":2269,"init_cwnd_mss":36,"init_cwnd_bytes":44200},{"time":2553,"init_cwnd_mss":76,"init_cwnd_bytes":93679},{"time":2494,"init_cwnd_mss":72,"init_cwnd_bytes":88393},{"time":2224,"init_cwnd_mss":38,"init_cwnd_bytes":46656},{"time":2231,"init_cwnd_mss":37,"init_cwnd_bytes":45429},{"time":2473,"init_cwnd_mss":79,"init_cwnd_bytes":96968},{"time":2646,"init_cwnd_mss":72,"init_cwnd_bytes":88353},{"time":2832,"init_cwnd_mss":76,"init_cwnd_bytes":93299},{"time":2287,"init_cwnd_mss":35,"init_cwnd_bytes":42975},{"time":2203,"init_cwnd_mss":36,"init_cwnd_bytes":44201},{"time":2289,"init_cwnd_mss":41,"init_cwnd_bytes":50341},{"time":2580,"init_cwnd_mss":34,"init_cwnd_bytes":41747},{"time":2814,"init_cwnd_mss":73,"init_cwnd_bytes":89618},{"time":2129,"init_cwnd_mss":42,"init_cwnd_bytes":51568},{"time":2402,"init_cwnd_mss":42,"init_cwnd_bytes":51569},{"time":2110,"init_cwnd_mss":41,"init_cwnd_bytes":50341},{"time":2107,"init_cwnd_mss":39,"init_cwnd_bytes":47885},{"time":2551,"init_cwnd_mss":75,"init_cwnd_bytes":92072},{"time":2526,"init_cwnd_mss":75,"init_cwnd_bytes":92063},{"time":2733,"init_cwnd_mss":66,"init_cwnd_bytes":81037},{"time":2255,"init_cwnd_mss":36,"init_cwnd_bytes":44201},{"time":2454,"init_cwnd_mss":43,"init_cwnd_bytes":52797},{"time":2467,"init_cwnd_mss":42,"init_cwnd_bytes":51568},{"time":2230,"init_cwnd_mss":36,"init_cwnd_bytes":44200},{"time":2204,"init_cwnd_mss":43,"init_cwnd_bytes":52830},{"time":2376,"init_cwnd_mss":39,"init_cwnd_bytes":47884},{"time":2652,"init_cwnd_mss":79,"init_cwnd_bytes":96970}]