[{"time":6593,"init_cwnd_mss":0,"init_cwnd_bytes":16375},{"time":7448,"init_cwnd_mss":0,"init_cwnd_bytes":32750},{"time":5420,"init_cwnd_mss":0,"init_cwnd_bytes":32750},{"time":5916,"init_cwnd_mss":0,"init_cwnd_bytes":32750},{"time":6519,"init_cwnd_mss":0,"init_cwnd_bytes":0},{"time":7446,"init_cwnd_mss":0,"init_cwnd_bytes":0},{"time":6379,"init_cwnd_mss":0,"init_cwnd_bytes":32750},{"time":7811,"init_cwnd_mss":0,"init_cwnd_bytes":32750},{"time":6528,"init_cwnd_mss":0,"init_cwnd_bytes":0},{"time":5962,"init_cwnd_mss":0,"init_cwnd_bytes":32750},{"time":5826,"init_cwnd_mss":0,"init_cwnd_bytes":32750},{"time":6544,"init_cwnd_mss":0,"init_cwnd_bytes":32750},{"time":5916,"init_cwnd_mss":0,"init_cwnd_bytes":32750},{"time":5301,"init_cwnd_mss":0,"init_cwnd_bytes":0},{"time":6448,"init_cwnd_mss":0,"init_cwnd_bytes":32750},{"time":5334,"init_cwnd_mss":0,"init_cwnd_bytes":0},{"time":6753,"init_cwnd_mss":0,"init_cwnd_bytes":32750},{"time":6708,"init_cwnd_mss":0,"init_cwnd_bytes":16375},{"time":6242,"init_cwnd_mss":0,"init_cwnd_bytes":0},{"time":5198,"init_cwnd_mss":0,"init_cwnd_bytes":0},{"time":6285,"init_cwnd_mss":0,"init_cwnd_bytes":32750},{"time":6147,"init_cwnd_mss":0,"init_cwnd_bytes":0},{"time":6537,"init_cwnd_mss":0,"init_cwnd_bytes":32750},{"time":6803,"init_cwnd_mss":0,"init_cwnd_bytes":32750},{"time":5965,"init_cwnd_mss":0,"init_cwnd_bytes":32750},{"time":6458,"init_cwnd_mss":0,"init_cwnd_bytes":32750},{"time":5642,"init_cwnd_mss":0,"init_cwnd_bytes":0},{"time":8534,"init_cwnd_mss":0,"init_cwnd_bytes":0},{"time":7039,"init_cwnd_mss":0,"init_cwnd_bytes":32750},{"time":8203,"init_cwnd_mss":0,"init_cwnd_bytes":32750},{"time":11043,"init_cwnd_mss":0,"init_cwnd_bytes":32750},{"time":8214,"init_cwnd_mss":0,"init_cwnd_bytes":32750},{"time":9344,"init_cwnd_mss":0,"init_cwnd_bytes":32750},{"time":8979,"init_cwnd_mss":0,"init_cwnd_bytes":32750},{"time":10566,"init_cwnd_mss":0,"init_cwnd_bytes":0},{"time":9055,"init_cwnd_mss":0,"init_cwnd_bytes":0},{"time":6212,"init_cwnd_mss":0,"init_cwnd_bytes":0},{"time":7630,"init_cwnd_mss":0,"init_cwnd_bytes":16375},{"time":8482,"init_cwnd_mss":0,"init_cwnd_bytes":32750},{"time":6419,"init_cwnd_mss":0,"init_cwnd_bytes":114625}]