[{"time":7364,"init_cwnd_mss":0,"init_cwnd_bytes":84013},{"time":7264,"init_cwnd_mss":0,"init_cwnd_bytes":113863},{"time":7218,"init_cwnd_mss":0,"init_cwnd_bytes":113864},{"time":7272,"init_cwnd_mss":0,"init_cwnd_bytes":100418},{"time":7212,"init_cwnd_mss":0,"init_cwnd_bytes":100419},{"time":7282,"init_cwnd_mss":0,"init_cwnd_bytes":86932},{"time":7247,"init_cwnd_mss":0,"init_cwnd_bytes":102855},{"time":7306,"init_cwnd_mss":0,"init_cwnd_bytes":113865},{"time":7209,"init_cwnd_mss":0,"init_cwnd_bytes":100415},{"time":7359,"init_cwnd_mss":0,"init_cwnd_bytes":113857},{"time":7439,"init_cwnd_mss":0,"init_cwnd_bytes":67642},{"time":7409,"init_cwnd_mss":0,"init_cwnd_bytes":84004},{"time":7416,"init_cwnd_mss":0,"init_cwnd_bytes":113852},{"time":7414,"init_cwnd_mss":0,"init_cwnd_bytes":81248},{"time":7420,"init_cwnd_mss":0,"init_cwnd_bytes":130254},{"time":7418,"init_cwnd_mss":0,"init_cwnd_bytes":70539},{"time":7420,"init_cwnd_mss":0,"init_cwnd_bytes":97486},{"time":7422,"init_cwnd_mss":0,"init_cwnd_bytes":113852},{"time":7554,"init_cwnd_mss":0,"init_cwnd_bytes":67638},{"time":7431,"init_cwnd_mss":0,"init_cwnd_bytes":130254},{"time":7422,"init_cwnd_mss":0,"init_cwnd_bytes":130254},{"time":7419,"init_cwnd_mss":0,"init_cwnd_bytes":97486},{"time":7501,"init_cwnd_mss":0,"init_cwnd_bytes":114358},{"time":7494,"init_cwnd_mss":0,"init_cwnd_bytes":86924},{"time":7399,"init_cwnd_mss":0,"init_cwnd_bytes":130254},{"time":7413,"init_cwnd_mss":0,"init_cwnd_bytes":84004},{"time":7408,"init_cwnd_mss":0,"init_cwnd_bytes":84004},{"time":7424,"init_cwnd_mss":0,"init_cwnd_bytes":82544},{"time":7401,"init_cwnd_mss":0,"init_cwnd_bytes":124884},{"time":7413,"init_cwnd_mss":0,"init_cwnd_bytes":130235},{"time":7415,"init_cwnd_mss":0,"init_cwnd_bytes":130254},{"time":7411,"init_cwnd_mss":0,"init_cwnd_bytes":84004},{"time":7414,"init_cwnd_mss":0,"init_cwnd_bytes":113852},{"time":7413,"init_cwnd_mss":0,"init_cwnd_bytes":81229},{"time":7419,"init_cwnd_mss":0,"init_cwnd_bytes":130254},{"time":7407,"init_cwnd_mss":0,"init_cwnd_bytes":84004},{"time":7430,"init_cwnd_mss":0,"init_cwnd_bytes":130254},{"time":7417,"init_cwnd_mss":0,"init_cwnd_bytes":85464},{"time":7408,"init_cwnd_mss":0,"init_cwnd_bytes":130254},{"time":7417,"init_cwnd_mss":0,"init_cwnd_bytes":130254}]