[{"time":1950,"init_cwnd_mss":17,"init_cwnd_bytes":23698},{"time":1902,"init_cwnd_mss":17,"init_cwnd_bytes":23698},{"time":1945,"init_cwnd_mss":17,"init_cwnd_bytes":23902},{"time":1973,"init_cwnd_mss":17,"init_cwnd_bytes":23801},{"time":1882,"init_cwnd_mss":18,"init_cwnd_bytes":23904},{"time":1880,"init_cwnd_mss":17,"init_cwnd_bytes":23801},{"time":1956,"init_cwnd_mss":16,"init_cwnd_bytes":22292},{"time":1924,"init_cwnd_mss":17,"init_cwnd_bytes":23698},{"time":1953,"init_cwnd_mss":17,"init_cwnd_bytes":23802},{"time":2189,"init_cwnd_mss":17,"init_cwnd_bytes":23902},{"time":3136,"init_cwnd_mss":17,"init_cwnd_bytes":23697},{"time":3455,"init_cwnd_mss":17,"init_cwnd_bytes":23751},{"time":3198,"init_cwnd_mss":16,"init_cwnd_bytes":22496},{"time":3319,"init_cwnd_mss":16,"init_cwnd_bytes":22496},{"time":3155,"init_cwnd_mss":17,"init_cwnd_bytes":23801},{"time":3288,"init_cwnd_mss":17,"init_cwnd_bytes":23697},{"time":3086,"init_cwnd_mss":17,"init_cwnd_bytes":23902},{"time":3231,"init_cwnd_mss":17,"init_cwnd_bytes":23904},{"time":3278,"init_cwnd_mss":17,"init_cwnd_bytes":23902},{"time":3307,"init_cwnd_mss":17,"init_cwnd_bytes":23698},{"time":3125,"init_cwnd_mss":17,"init_cwnd_bytes":23802},{"time":3296,"init_cwnd_mss":17,"init_cwnd_bytes":23902},{"time":3201,"init_cwnd_mss":17,"init_cwnd_bytes":23902},{"time":3286,"init_cwnd_mss":17,"init_cwnd_bytes":23801},{"time":3254,"init_cwnd_mss":17,"init_cwnd_bytes":23853},{"time":3351,"init_cwnd_mss":16,"init_cwnd_bytes":22496},{"time":3318,"init_cwnd_mss":17,"init_cwnd_bytes":23902},{"time":3263,"init_cwnd_mss":18,"init_cwnd_bytes":23904},{"time":3209,"init_cwnd_mss":17,"init_cwnd_bytes":23902},{"time":3284,"init_cwnd_mss":17,"init_cwnd_bytes":23698},{"time":3159,"init_cwnd_mss":17,"init_cwnd_bytes":23750},{"time":3380,"init_cwnd_mss":17,"init_cwnd_bytes":23908},{"time":1992,"init_cwnd_mss":21,"init_cwnd_bytes":28281},{"time":2054,"init_cwnd_mss":17,"init_cwnd_bytes":23912},{"time":1967,"init_cwnd_mss":17,"init_cwnd_bytes":23900},{"time":3029,"init_cwnd_mss":17,"init_cwnd_bytes":23902},{"time":3236,"init_cwnd_mss":16,"init_cwnd_bytes":22496},{"time":3284,"init_cwnd_mss":17,"init_cwnd_bytes":23679},{"time":3228,"init_cwnd_mss":17,"init_cwnd_bytes":23902},{"time":3209,"init_cwnd_mss":17,"init_cwnd_bytes":23697}]