[{"time":1448,"init_cwnd_mss":17,"init_cwnd_bytes":23902},{"time":1653,"init_cwnd_mss":17,"init_cwnd_bytes":23904},{"time":1500,"init_cwnd_mss":17,"init_cwnd_bytes":23902},{"time":1690,"init_cwnd_mss":17,"init_cwnd_bytes":23902},{"time":1518,"init_cwnd_mss":17,"init_cwnd_bytes":22500},{"time":1876,"init_cwnd_mss":17,"init_cwnd_bytes":23902},{"time":2235,"init_cwnd_mss":24,"init_cwnd_bytes":32328},{"time":1697,"init_cwnd_mss":16,"init_cwnd_bytes":22496},{"time":4855,"init_cwnd_mss":11,"init_cwnd_bytes":15466},{"time":1588,"init_cwnd_mss":16,"init_cwnd_bytes":22496},{"time":1909,"init_cwnd_mss":12,"init_cwnd_bytes":15619},{"time":1941,"init_cwnd_mss":19,"init_cwnd_bytes":26509},{"time":1424,"init_cwnd_mss":16,"init_cwnd_bytes":22496},{"time":1512,"init_cwnd_mss":17,"init_cwnd_bytes":23902},{"time":1447,"init_cwnd_mss":17,"init_cwnd_bytes":23902},{"time":1658,"init_cwnd_mss":17,"init_cwnd_bytes":23902},{"time":1512,"init_cwnd_mss":17,"init_cwnd_bytes":23902},{"time":1369,"init_cwnd_mss":17,"init_cwnd_bytes":23902},{"time":1961,"init_cwnd_mss":16,"init_cwnd_bytes":22496},{"time":1881,"init_cwnd_mss":15,"init_cwnd_bytes":21088},{"time":1731,"init_cwnd_mss":17,"init_cwnd_bytes":22721},{"time":1954,"init_cwnd_mss":17,"init_cwnd_bytes":23902},{"time":1853,"init_cwnd_mss":26,"init_cwnd_bytes":35136},{"time":3938,"init_cwnd_mss":12,"init_cwnd_bytes":16872},{"time":1665,"init_cwnd_mss":17,"init_cwnd_bytes":23902},{"time":1480,"init_cwnd_mss":17,"init_cwnd_bytes":23902},{"time":1602,"init_cwnd_mss":27,"init_cwnd_bytes":36540},{"time":2023,"init_cwnd_mss":37,"init_cwnd_bytes":50584},{"time":1865,"init_cwnd_mss":19,"init_cwnd_bytes":26714},{"time":1853,"init_cwnd_mss":17,"init_cwnd_bytes":23696},{"time":1813,"init_cwnd_mss":17,"init_cwnd_bytes":23902},{"time":1375,"init_cwnd_mss":17,"init_cwnd_bytes":23902},{"time":1485,"init_cwnd_mss":22,"init_cwnd_bytes":30784},{"time":1479,"init_cwnd_mss":17,"init_cwnd_bytes":23702},{"time":1493,"init_cwnd_mss":20,"init_cwnd_bytes":28120},{"time":1434,"init_cwnd_mss":17,"init_cwnd_bytes":23906},{"time":1541,"init_cwnd_mss":16,"init_cwnd_bytes":22296},{"time":1452,"init_cwnd_mss":17,"init_cwnd_bytes":23702},{"time":1876,"init_cwnd_mss":15,"init_cwnd_bytes":21090},{"time":1765,"init_cwnd_mss":17,"init_cwnd_bytes":23902}]