[{"time":7551,"init_cwnd_mss":0,"init_cwnd_bytes":91289},{"time":7477,"init_cwnd_mss":0,"init_cwnd_bytes":97486},{"time":7418,"init_cwnd_mss":0,"init_cwnd_bytes":85464},{"time":7423,"init_cwnd_mss":0,"init_cwnd_bytes":113833},{"time":7434,"init_cwnd_mss":0,"init_cwnd_bytes":70558},{"time":7476,"init_cwnd_mss":0,"init_cwnd_bytes":97486},{"time":7438,"init_cwnd_mss":0,"init_cwnd_bytes":84004},{"time":7403,"init_cwnd_mss":0,"init_cwnd_bytes":130254},{"time":7410,"init_cwnd_mss":0,"init_cwnd_bytes":130254},{"time":7417,"init_cwnd_mss":0,"init_cwnd_bytes":130254},{"time":7428,"init_cwnd_mss":0,"init_cwnd_bytes":129122},{"time":7410,"init_cwnd_mss":0,"init_cwnd_bytes":97486},{"time":7436,"init_cwnd_mss":0,"init_cwnd_bytes":97486},{"time":7402,"init_cwnd_mss":0,"init_cwnd_bytes":113870},{"time":7427,"init_cwnd_mss":0,"init_cwnd_bytes":97486},{"time":7435,"init_cwnd_mss":0,"init_cwnd_bytes":87244},{"time":7419,"init_cwnd_mss":0,"init_cwnd_bytes":83985},{"time":7490,"init_cwnd_mss":0,"init_cwnd_bytes":97486},{"time":7422,"init_cwnd_mss":0,"init_cwnd_bytes":89844},{"time":7479,"init_cwnd_mss":0,"init_cwnd_bytes":130254},{"time":7429,"init_cwnd_mss":0,"init_cwnd_bytes":129912},{"time":7467,"init_cwnd_mss":0,"init_cwnd_bytes":137718},{"time":7420,"init_cwnd_mss":0,"init_cwnd_bytes":70558},{"time":7420,"init_cwnd_mss":0,"init_cwnd_bytes":130254},{"time":7409,"init_cwnd_mss":0,"init_cwnd_bytes":84004},{"time":7451,"init_cwnd_mss":0,"init_cwnd_bytes":130253},{"time":7423,"init_cwnd_mss":0,"init_cwnd_bytes":85464},{"time":7521,"init_cwnd_mss":0,"init_cwnd_bytes":83985},{"time":7411,"init_cwnd_mss":0,"init_cwnd_bytes":130254},{"time":7434,"init_cwnd_mss":0,"init_cwnd_bytes":67638},{"time":7274,"init_cwnd_mss":0,"init_cwnd_bytes":113842},{"time":7397,"init_cwnd_mss":0,"init_cwnd_bytes":97495},{"time":7600,"init_cwnd_mss":0,"init_cwnd_bytes":113854},{"time":7265,"init_cwnd_mss":0,"init_cwnd_bytes":113863},{"time":7278,"init_cwnd_mss":0,"init_cwnd_bytes":113861},{"time":7316,"init_cwnd_mss":0,"init_cwnd_bytes":113859},{"time":7386,"init_cwnd_mss":0,"init_cwnd_bytes":113858},{"time":7318,"init_cwnd_mss":0,"init_cwnd_bytes":113842},{"time":7345,"init_cwnd_mss":0,"init_cwnd_bytes":97487},{"time":7302,"init_cwnd_mss":0,"init_cwnd_bytes":110325}]