[{"time":1401,"init_cwnd_mss":39,"init_cwnd_bytes":47844},{"time":1627,"init_cwnd_mss":70,"init_cwnd_bytes":85936},{"time":1324,"init_cwnd_mss":40,"init_cwnd_bytes":49112},{"time":1356,"init_cwnd_mss":40,"init_cwnd_bytes":49113},{"time":1314,"init_cwnd_mss":40,"init_cwnd_bytes":49113},{"time":1347,"init_cwnd_mss":41,"init_cwnd_bytes":50341},{"time":1332,"init_cwnd_mss":36,"init_cwnd_bytes":44200},{"time":1311,"init_cwnd_mss":41,"init_cwnd_bytes":50341},{"time":1367,"init_cwnd_mss":36,"init_cwnd_bytes":44201},{"time":1404,"init_cwnd_mss":41,"init_cwnd_bytes":50289},{"time":1662,"init_cwnd_mss":69,"init_cwnd_bytes":84711},{"time":1687,"init_cwnd_mss":71,"init_cwnd_bytes":87164},{"time":1674,"init_cwnd_mss":43,"init_cwnd_bytes":52754},{"time":1320,"init_cwnd_mss":40,"init_cwnd_bytes":49112},{"time":1302,"init_cwnd_mss":39,"init_cwnd_bytes":47885},{"time":1597,"init_cwnd_mss":74,"init_cwnd_bytes":90854},{"time":1310,"init_cwnd_mss":40,"init_cwnd_bytes":49112},{"time":1693,"init_cwnd_mss":73,"init_cwnd_bytes":89620},{"time":1629,"init_cwnd_mss":71,"init_cwnd_bytes":87162},{"time":1428,"init_cwnd_mss":36,"init_cwnd_bytes":44200},{"time":1631,"init_cwnd_mss":73,"init_cwnd_bytes":89618},{"time":1404,"init_cwnd_mss":41,"init_cwnd_bytes":50319},{"time":1424,"init_cwnd_mss":36,"init_cwnd_bytes":44234},{"time":1670,"init_cwnd_mss":70,"init_cwnd_bytes":85939},{"time":1622,"init_cwnd_mss":75,"init_cwnd_bytes":92074},{"time":1349,"init_cwnd_mss":36,"init_cwnd_bytes":44200},{"time":1314,"init_cwnd_mss":40,"init_cwnd_bytes":49113},{"time":1312,"init_cwnd_mss":40,"init_cwnd_bytes":49112},{"time":1344,"init_cwnd_mss":40,"init_cwnd_bytes":49113},{"time":1357,"init_cwnd_mss":43,"init_cwnd_bytes":52796},{"time":1367,"init_cwnd_mss":36,"init_cwnd_bytes":44234},{"time":1339,"init_cwnd_mss":40,"init_cwnd_bytes":49112},{"time":1310,"init_cwnd_mss":36,"init_cwnd_bytes":44201},{"time":1395,"init_cwnd_mss":44,"init_cwnd_bytes":53988},{"time":1406,"init_cwnd_mss":38,"init_cwnd_bytes":46641},{"time":1681,"init_cwnd_mss":54,"init_cwnd_bytes":66311},{"time":1982,"init_cwnd_mss":35,"init_cwnd_bytes":42974},{"time":1423,"init_cwnd_mss":39,"init_cwnd_bytes":47845},{"time":1705,"init_cwnd_mss":69,"init_cwnd_bytes":84721},{"time":1398,"init_cwnd_mss":40,"init_cwnd_bytes":49081}]