[{"time":2355,"init_cwnd_mss":0,"init_cwnd_bytes":0},{"time":2202,"init_cwnd_mss":0,"init_cwnd_bytes":32750},{"time":2118,"init_cwnd_mss":0,"init_cwnd_bytes":32750},{"time":2127,"init_cwnd_mss":0,"init_cwnd_bytes":16375},{"time":2168,"init_cwnd_mss":0,"init_cwnd_bytes":32750},{"time":2202,"init_cwnd_mss":0,"init_cwnd_bytes":32750},{"time":2370,"init_cwnd_mss":0,"init_cwnd_bytes":0},{"time":2269,"init_cwnd_mss":0,"init_cwnd_bytes":32750},{"time":2627,"init_cwnd_mss":0,"init_cwnd_bytes":16375},{"time":3542,"init_cwnd_mss":0,"init_cwnd_bytes":0},{"time":2617,"init_cwnd_mss":0,"init_cwnd_bytes":32750},{"time":2463,"init_cwnd_mss":0,"init_cwnd_bytes":32750},{"time":2876,"init_cwnd_mss":0,"init_cwnd_bytes":0},{"time":2743,"init_cwnd_mss":0,"init_cwnd_bytes":0},{"time":2567,"init_cwnd_mss":0,"init_cwnd_bytes":0},{"time":2697,"init_cwnd_mss":0,"init_cwnd_bytes":32750},{"time":2601,"init_cwnd_mss":0,"init_cwnd_bytes":32750},{"time":2408,"init_cwnd_mss":0,"init_cwnd_bytes":0},{"time":2565,"init_cwnd_mss":0,"init_cwnd_bytes":32750},{"time":2849,"init_cwnd_mss":0,"init_cwnd_bytes":0},{"time":2614,"init_cwnd_mss":0,"init_cwnd_bytes":32750},{"time":2510,"init_cwnd_mss":0,"init_cwnd_bytes":32750},{"time":2408,"init_cwnd_mss":0,"init_cwnd_bytes":32750},{"time":2641,"init_cwnd_mss":0,"init_cwnd_bytes":0},{"time":2662,"init_cwnd_mss":0,"init_cwnd_bytes":32750},{"time":2795,"init_cwnd_mss":0,"init_cwnd_bytes":0},{"time":2846,"init_cwnd_mss":0,"init_cwnd_bytes":0},{"time":2912,"init_cwnd_mss":0,"init_cwnd_bytes":0},{"time":2692,"init_cwnd_mss":0,"init_cwnd_bytes":0},{"time":2759,"init_cwnd_mss":0,"init_cwnd_bytes":0},{"time":3003,"init_cwnd_mss":0,"init_cwnd_bytes":0},{"time":2712,"init_cwnd_mss":0,"init_cwnd_bytes":0},{"time":2764,"init_cwnd_mss":0,"init_cwnd_bytes":32750},{"time":2493,"init_cwnd_mss":0,"init_cwnd_bytes":0},{"time":2607,"init_cwnd_mss":0,"init_cwnd_bytes":0},{"time":2445,"init_cwnd_mss":0,"init_cwnd_bytes":0},{"time":2415,"init_cwnd_mss":0,"init_cwnd_bytes":32750},{"time":2515,"init_cwnd_mss":0,"init_cwnd_bytes":0},{"time":2611,"init_cwnd_mss":0,"init_cwnd_bytes":0},{"time":2697,"init_cwnd_mss":0,"init_cwnd_bytes":0}]