[{"time":8849,"init_cwnd_mss":0,"init_cwnd_bytes":32750},{"time":7507,"init_cwnd_mss":0,"init_cwnd_bytes":32750},{"time":7539,"init_cwnd_mss":0,"init_cwnd_bytes":32750},{"time":6588,"init_cwnd_mss":0,"init_cwnd_bytes":0},{"time":6049,"init_cwnd_mss":0,"init_cwnd_bytes":32750},{"time":6974,"init_cwnd_mss":0,"init_cwnd_bytes":32750},{"time":7066,"init_cwnd_mss":0,"init_cwnd_bytes":32750},{"time":6271,"init_cwnd_mss":0,"init_cwnd_bytes":32750},{"time":7356,"init_cwnd_mss":0,"init_cwnd_bytes":32750},{"time":6369,"init_cwnd_mss":0,"init_cwnd_bytes":32750},{"time":7926,"init_cwnd_mss":0,"init_cwnd_bytes":32750},{"time":6484,"init_cwnd_mss":0,"init_cwnd_bytes":32750},{"time":9852,"init_cwnd_mss":0,"init_cwnd_bytes":32750},{"time":8990,"init_cwnd_mss":0,"init_cwnd_bytes":32750},{"time":7066,"init_cwnd_mss":0,"init_cwnd_bytes":16375},{"time":6339,"init_cwnd_mss":0,"init_cwnd_bytes":32750},{"time":6375,"init_cwnd_mss":0,"init_cwnd_bytes":32750},{"time":5449,"init_cwnd_mss":0,"init_cwnd_bytes":32750},{"time":5856,"init_cwnd_mss":0,"init_cwnd_bytes":32750},{"time":7023,"init_cwnd_mss":0,"init_cwnd_bytes":32750},{"time":8489,"init_cwnd_mss":0,"init_cwnd_bytes":32750},{"time":8553,"init_cwnd_mss":0,"init_cwnd_bytes":32750},{"time":8220,"init_cwnd_mss":0,"init_cwnd_bytes":32750},{"time":7799,"init_cwnd_mss":0,"init_cwnd_bytes":32750},{"time":9009,"init_cwnd_mss":0,"init_cwnd_bytes":32750},{"time":6344,"init_cwnd_mss":0,"init_cwnd_bytes":32750},{"time":11281,"init_cwnd_mss":0,"init_cwnd_bytes":32750},{"time":8620,"init_cwnd_mss":0,"init_cwnd_bytes":16375},{"time":5734,"init_cwnd_mss":0,"init_cwnd_bytes":32750},{"time":6856,"init_cwnd_mss":0,"init_cwnd_bytes":32750},{"time":7297,"init_cwnd_mss":0,"init_cwnd_bytes":32750},{"time":5949,"init_cwnd_mss":0,"init_cwnd_bytes":32750},{"time":6832,"init_cwnd_mss":0,"init_cwnd_bytes":32750},{"time":9858,"init_cwnd_mss":0,"init_cwnd_bytes":32750},{"time":8490,"init_cwnd_mss":0,"init_cwnd_bytes":32750},{"time":9388,"init_cwnd_mss":0,"init_cwnd_bytes":32750},{"time":6415,"init_cwnd_mss":0,"init_cwnd_bytes":32750},{"time":6397,"init_cwnd_mss":0,"init_cwnd_bytes":32750},{"time":7617,"init_cwnd_mss":0,"init_cwnd_bytes":32750},{"time":6980,"init_cwnd_mss":0,"init_cwnd_bytes":32750}]