[{"time":2924,"init_cwnd_mss":70,"init_cwnd_bytes":85937},{"time":2798,"init_cwnd_mss":69,"init_cwnd_bytes":84721},{"time":2572,"init_cwnd_mss":37,"init_cwnd_bytes":45414},{"time":2821,"init_cwnd_mss":41,"init_cwnd_bytes":50340},{"time":2907,"init_cwnd_mss":74,"init_cwnd_bytes":90807},{"time":3182,"init_cwnd_mss":73,"init_cwnd_bytes":89618},{"time":2904,"init_cwnd_mss":76,"init_cwnd_bytes":93681},{"time":2862,"init_cwnd_mss":74,"init_cwnd_bytes":90818},{"time":2893,"init_cwnd_mss":74,"init_cwnd_bytes":90807},{"time":2883,"init_cwnd_mss":73,"init_cwnd_bytes":89618},{"time":2779,"init_cwnd_mss":75,"init_cwnd_bytes":92061},{"time":2747,"init_cwnd_mss":74,"init_cwnd_bytes":90807},{"time":2774,"init_cwnd_mss":74,"init_cwnd_bytes":90838},{"time":2928,"init_cwnd_mss":71,"init_cwnd_bytes":87162},{"time":2749,"init_cwnd_mss":75,"init_cwnd_bytes":92023},{"time":2684,"init_cwnd_mss":41,"init_cwnd_bytes":50358},{"time":2902,"init_cwnd_mss":76,"init_cwnd_bytes":93486},{"time":2778,"init_cwnd_mss":70,"init_cwnd_bytes":85899},{"time":3027,"init_cwnd_mss":74,"init_cwnd_bytes":90843},{"time":2836,"init_cwnd_mss":71,"init_cwnd_bytes":87164},{"time":2905,"init_cwnd_mss":76,"init_cwnd_bytes":93494},{"time":2854,"init_cwnd_mss":76,"init_cwnd_bytes":93251},{"time":2991,"init_cwnd_mss":69,"init_cwnd_bytes":84709},{"time":2992,"init_cwnd_mss":70,"init_cwnd_bytes":85946},{"time":2774,"init_cwnd_mss":74,"init_cwnd_bytes":90818},{"time":2788,"init_cwnd_mss":75,"init_cwnd_bytes":92061},{"time":3039,"init_cwnd_mss":74,"init_cwnd_bytes":90854},{"time":2855,"init_cwnd_mss":70,"init_cwnd_bytes":85936},{"time":2872,"init_cwnd_mss":71,"init_cwnd_bytes":87128},{"time":3014,"init_cwnd_mss":69,"init_cwnd_bytes":84719},{"time":2890,"init_cwnd_mss":72,"init_cwnd_bytes":88400},{"time":2656,"init_cwnd_mss":44,"init_cwnd_bytes":54179},{"time":2557,"init_cwnd_mss":37,"init_cwnd_bytes":45414},{"time":2926,"init_cwnd_mss":74,"init_cwnd_bytes":90899},{"time":2829,"init_cwnd_mss":74,"init_cwnd_bytes":90834},{"time":2829,"init_cwnd_mss":72,"init_cwnd_bytes":88391},{"time":2827,"init_cwnd_mss":73,"init_cwnd_bytes":89607},{"time":2814,"init_cwnd_mss":76,"init_cwnd_bytes":93287},{"time":2789,"init_cwnd_mss":75,"init_cwnd_bytes":92070},{"time":2863,"init_cwnd_mss":73,"init_cwnd_bytes":89618}]