[{"time":3442,"init_cwnd_mss":70,"init_cwnd_bytes":85992},{"time":3651,"init_cwnd_mss":70,"init_cwnd_bytes":85937},{"time":3474,"init_cwnd_mss":71,"init_cwnd_bytes":87212},{"time":3332,"init_cwnd_mss":75,"init_cwnd_bytes":92070},{"time":3297,"init_cwnd_mss":38,"init_cwnd_bytes":46683},{"time":3354,"init_cwnd_mss":72,"init_cwnd_bytes":88433},{"time":3567,"init_cwnd_mss":105,"init_cwnd_bytes":134772},{"time":3485,"init_cwnd_mss":39,"init_cwnd_bytes":47877},{"time":3391,"init_cwnd_mss":70,"init_cwnd_bytes":85936},{"time":3472,"init_cwnd_mss":72,"init_cwnd_bytes":88389},{"time":3347,"init_cwnd_mss":39,"init_cwnd_bytes":47871},{"time":3293,"init_cwnd_mss":38,"init_cwnd_bytes":46657},{"time":3159,"init_cwnd_mss":37,"init_cwnd_bytes":45453},{"time":3298,"init_cwnd_mss":73,"init_cwnd_bytes":89613},{"time":3456,"init_cwnd_mss":75,"init_cwnd_bytes":92069},{"time":3135,"init_cwnd_mss":40,"init_cwnd_bytes":49099},{"time":3147,"init_cwnd_mss":72,"init_cwnd_bytes":88391},{"time":3603,"init_cwnd_mss":74,"init_cwnd_bytes":90902},{"time":2856,"init_cwnd_mss":40,"init_cwnd_bytes":49130},{"time":3307,"init_cwnd_mss":73,"init_cwnd_bytes":89618},{"time":2899,"init_cwnd_mss":41,"init_cwnd_bytes":50326},{"time":3319,"init_cwnd_mss":72,"init_cwnd_bytes":88391},{"time":3438,"init_cwnd_mss":71,"init_cwnd_bytes":87136},{"time":3553,"init_cwnd_mss":105,"init_cwnd_bytes":134941},{"time":3543,"init_cwnd_mss":69,"init_cwnd_bytes":89179},{"time":3411,"init_cwnd_mss":62,"init_cwnd_bytes":76158},{"time":3674,"init_cwnd_mss":39,"init_cwnd_bytes":47876},{"time":3682,"init_cwnd_mss":71,"init_cwnd_bytes":87162},{"time":3431,"init_cwnd_mss":71,"init_cwnd_bytes":87175},{"time":3690,"init_cwnd_mss":73,"init_cwnd_bytes":89627},{"time":3770,"init_cwnd_mss":75,"init_cwnd_bytes":92021},{"time":2846,"init_cwnd_mss":73,"init_cwnd_bytes":89627},{"time":3045,"init_cwnd_mss":41,"init_cwnd_bytes":50327},{"time":3139,"init_cwnd_mss":37,"init_cwnd_bytes":45444},{"time":3125,"init_cwnd_mss":74,"init_cwnd_bytes":90798},{"time":3518,"init_cwnd_mss":73,"init_cwnd_bytes":89620},{"time":3314,"init_cwnd_mss":74,"init_cwnd_bytes":90798},{"time":3627,"init_cwnd_mss":73,"init_cwnd_bytes":89607},{"time":3416,"init_cwnd_mss":74,"init_cwnd_bytes":90845},{"time":2948,"init_cwnd_mss":39,"init_cwnd_bytes":47878}]