[{"time":5239,"init_cwnd_mss":0,"init_cwnd_bytes":32750},{"time":5680,"init_cwnd_mss":0,"init_cwnd_bytes":32750},{"time":5003,"init_cwnd_mss":0,"init_cwnd_bytes":32750},{"time":5096,"init_cwnd_mss":0,"init_cwnd_bytes":32750},{"time":5005,"init_cwnd_mss":0,"init_cwnd_bytes":32750},{"time":4937,"init_cwnd_mss":0,"init_cwnd_bytes":16375},{"time":4928,"init_cwnd_mss":0,"init_cwnd_bytes":32750},{"time":5760,"init_cwnd_mss":0,"init_cwnd_bytes":32750},{"time":5535,"init_cwnd_mss":0,"init_cwnd_bytes":32750},{"time":5295,"init_cwnd_mss":0,"init_cwnd_bytes":32750},{"time":4635,"init_cwnd_mss":0,"init_cwnd_bytes":16375},{"time":4695,"init_cwnd_mss":0,"init_cwnd_bytes":32750},{"time":5130,"init_cwnd_mss":0,"init_cwnd_bytes":32750},{"time":4962,"init_cwnd_mss":0,"init_cwnd_bytes":32750},{"time":5312,"init_cwnd_mss":0,"init_cwnd_bytes":32750},{"time":5200,"init_cwnd_mss":0,"init_cwnd_bytes":32750},{"time":4775,"init_cwnd_mss":0,"init_cwnd_bytes":229331},{"time":4691,"init_cwnd_mss":0,"init_cwnd_bytes":32750},{"time":4976,"init_cwnd_mss":0,"init_cwnd_bytes":32750},{"time":4834,"init_cwnd_mss":0,"init_cwnd_bytes":32750},{"time":5592,"init_cwnd_mss":0,"init_cwnd_bytes":32750},{"time":4538,"init_cwnd_mss":0,"init_cwnd_bytes":32750},{"time":4670,"init_cwnd_mss":0,"init_cwnd_bytes":32750},{"time":4681,"init_cwnd_mss":0,"init_cwnd_bytes":32750},{"time":5490,"init_cwnd_mss":0,"init_cwnd_bytes":32750},{"time":5255,"init_cwnd_mss":0,"init_cwnd_bytes":32750},{"time":9399,"init_cwnd_mss":0,"init_cwnd_bytes":0},{"time":5723,"init_cwnd_mss":0,"init_cwnd_bytes":16375},{"time":5465,"init_cwnd_mss":0,"init_cwnd_bytes":32750},{"time":5479,"init_cwnd_mss":0,"init_cwnd_bytes":32750},{"time":5515,"init_cwnd_mss":0,"init_cwnd_bytes":32750},{"time":6028,"init_cwnd_mss":0,"init_cwnd_bytes":32750},{"time":6704,"init_cwnd_mss":0,"init_cwnd_bytes":32750},{"time":5185,"init_cwnd_mss":0,"init_cwnd_bytes":32750},{"time":5492,"init_cwnd_mss":0,"init_cwnd_bytes":32750},{"time":5659,"init_cwnd_mss":0,"init_cwnd_bytes":32750},{"time":5556,"init_cwnd_mss":0,"init_cwnd_bytes":131000},{"time":6254,"init_cwnd_mss":0,"init_cwnd_bytes":131000},{"time":5116,"init_cwnd_mss":0,"init_cwnd_bytes":32750},{"time":-26590343,"init_cwnd_mss":0,"init_cwnd_bytes":32750}]