[{"time":5844,"init_cwnd_mss":0,"init_cwnd_bytes":32750},{"time":5441,"init_cwnd_mss":0,"init_cwnd_bytes":32750},{"time":5518,"init_cwnd_mss":0,"init_cwnd_bytes":32750},{"time":6151,"init_cwnd_mss":0,"init_cwnd_bytes":32750},{"time":6630,"init_cwnd_mss":0,"init_cwnd_bytes":32750},{"time":5780,"init_cwnd_mss":0,"init_cwnd_bytes":32750},{"time":5742,"init_cwnd_mss":0,"init_cwnd_bytes":32750},{"time":5646,"init_cwnd_mss":0,"init_cwnd_bytes":32750},{"time":5423,"init_cwnd_mss":0,"init_cwnd_bytes":32750},{"time":5455,"init_cwnd_mss":0,"init_cwnd_bytes":32750},{"time":5876,"init_cwnd_mss":0,"init_cwnd_bytes":32750},{"time":6409,"init_cwnd_mss":0,"init_cwnd_bytes":32750},{"time":5871,"init_cwnd_mss":0,"init_cwnd_bytes":32750},{"time":6035,"init_cwnd_mss":0,"init_cwnd_bytes":32750},{"time":5843,"init_cwnd_mss":0,"init_cwnd_bytes":32750},{"time":5971,"init_cwnd_mss":0,"init_cwnd_bytes":32750},{"time":6012,"init_cwnd_mss":0,"init_cwnd_bytes":32750},{"time":6066,"init_cwnd_mss":0,"init_cwnd_bytes":32750},{"time":5926,"init_cwnd_mss":0,"init_cwnd_bytes":32750},{"time":5976,"init_cwnd_mss":0,"init_cwnd_bytes":32750},{"time":5690,"init_cwnd_mss":0,"init_cwnd_bytes":32750},{"time":5782,"init_cwnd_mss":0,"init_cwnd_bytes":32750},{"time":5769,"init_cwnd_mss":0,"init_cwnd_bytes":32750},{"time":5756,"init_cwnd_mss":0,"init_cwnd_bytes":32750},{"time":6071,"init_cwnd_mss":0,"init_cwnd_bytes":32750},{"time":5973,"init_cwnd_mss":0,"init_cwnd_bytes":32750},{"time":6027,"init_cwnd_mss":0,"init_cwnd_bytes":32750},{"time":6054,"init_cwnd_mss":0,"init_cwnd_bytes":32750},{"time":5777,"init_cwnd_mss":0,"init_cwnd_bytes":32750},{"time":5894,"init_cwnd_mss":0,"init_cwnd_bytes":32750},{"time":5823,"init_cwnd_mss":0,"init_cwnd_bytes":32750},{"time":5996,"init_cwnd_mss":0,"init_cwnd_bytes":32750},{"time":6120,"init_cwnd_mss":0,"init_cwnd_bytes":32750},{"time":-15802648,"init_cwnd_mss":0,"init_cwnd_bytes":32750},{"time":5965,"init_cwnd_mss":0,"init_cwnd_bytes":32750},{"time":5773,"init_cwnd_mss":0,"init_cwnd_bytes":32750},{"time":6134,"init_cwnd_mss":0,"init_cwnd_bytes":32750},{"time":5807,"init_cwnd_mss":0,"init_cwnd_bytes":32750},{"time":5516,"init_cwnd_mss":0,"init_cwnd_bytes":32750},{"time":5766,"init_cwnd_mss":0,"init_cwnd_bytes":32750}]