[{"time":3245,"init_cwnd_mss":74,"init_cwnd_bytes":90797},{"time":2757,"init_cwnd_mss":39,"init_cwnd_bytes":47877},{"time":2749,"init_cwnd_mss":36,"init_cwnd_bytes":44225},{"time":3113,"init_cwnd_mss":72,"init_cwnd_bytes":88391},{"time":3168,"init_cwnd_mss":74,"init_cwnd_bytes":90843},{"time":3096,"init_cwnd_mss":72,"init_cwnd_bytes":88343},{"time":2823,"init_cwnd_mss":39,"init_cwnd_bytes":47878},{"time":3089,"init_cwnd_mss":74,"init_cwnd_bytes":90845},{"time":3141,"init_cwnd_mss":73,"init_cwnd_bytes":89616},{"time":2922,"init_cwnd_mss":38,"init_cwnd_bytes":46626},{"time":2916,"init_cwnd_mss":36,"init_cwnd_bytes":44225},{"time":3211,"init_cwnd_mss":75,"init_cwnd_bytes":92267},{"time":3341,"init_cwnd_mss":69,"init_cwnd_bytes":84776},{"time":3236,"init_cwnd_mss":74,"init_cwnd_bytes":90843},{"time":3481,"init_cwnd_mss":73,"init_cwnd_bytes":89618},{"time":3303,"init_cwnd_mss":73,"init_cwnd_bytes":89618},{"time":3226,"init_cwnd_mss":69,"init_cwnd_bytes":84719},{"time":3191,"init_cwnd_mss":70,"init_cwnd_bytes":85899},{"time":3122,"init_cwnd_mss":73,"init_cwnd_bytes":89616},{"time":3130,"init_cwnd_mss":75,"init_cwnd_bytes":92256},{"time":3155,"init_cwnd_mss":72,"init_cwnd_bytes":88391},{"time":3126,"init_cwnd_mss":73,"init_cwnd_bytes":89616},{"time":3090,"init_cwnd_mss":75,"init_cwnd_bytes":92024},{"time":3308,"init_cwnd_mss":74,"init_cwnd_bytes":90830},{"time":3111,"init_cwnd_mss":74,"init_cwnd_bytes":90845},{"time":3218,"init_cwnd_mss":74,"init_cwnd_bytes":90854},{"time":3209,"init_cwnd_mss":73,"init_cwnd_bytes":89618},{"time":3179,"init_cwnd_mss":70,"init_cwnd_bytes":85948},{"time":3226,"init_cwnd_mss":73,"init_cwnd_bytes":89579},{"time":3113,"init_cwnd_mss":74,"init_cwnd_bytes":90843},{"time":3122,"init_cwnd_mss":74,"init_cwnd_bytes":90843},{"time":3175,"init_cwnd_mss":73,"init_cwnd_bytes":89618},{"time":3130,"init_cwnd_mss":74,"init_cwnd_bytes":90807},{"time":3254,"init_cwnd_mss":75,"init_cwnd_bytes":92268},{"time":3258,"init_cwnd_mss":74,"init_cwnd_bytes":90854},{"time":3217,"init_cwnd_mss":75,"init_cwnd_bytes":92316},{"time":3181,"init_cwnd_mss":74,"init_cwnd_bytes":90845},{"time":3219,"init_cwnd_mss":74,"init_cwnd_bytes":90807},{"time":3200,"init_cwnd_mss":74,"init_cwnd_bytes":90900},{"time":3201,"init_cwnd_mss":72,"init_cwnd_bytes":88388}]