[{"time":2651,"init_cwnd_mss":73,"init_cwnd_bytes":95073},{"time":2811,"init_cwnd_mss":75,"init_cwnd_bytes":92445},{"time":2859,"init_cwnd_mss":72,"init_cwnd_bytes":88391},{"time":3054,"init_cwnd_mss":71,"init_cwnd_bytes":87164},{"time":2836,"init_cwnd_mss":70,"init_cwnd_bytes":85935},{"time":3387,"init_cwnd_mss":36,"init_cwnd_bytes":44199},{"time":2740,"init_cwnd_mss":38,"init_cwnd_bytes":46658},{"time":2735,"init_cwnd_mss":44,"init_cwnd_bytes":54019},{"time":2476,"init_cwnd_mss":38,"init_cwnd_bytes":46657},{"time":2380,"init_cwnd_mss":39,"init_cwnd_bytes":47885},{"time":2430,"init_cwnd_mss":37,"init_cwnd_bytes":45428},{"time":2960,"init_cwnd_mss":37,"init_cwnd_bytes":45429},{"time":2590,"init_cwnd_mss":38,"init_cwnd_bytes":46690},{"time":3455,"init_cwnd_mss":72,"init_cwnd_bytes":88437},{"time":3030,"init_cwnd_mss":36,"init_cwnd_bytes":44201},{"time":3047,"init_cwnd_mss":71,"init_cwnd_bytes":87342},{"time":2730,"init_cwnd_mss":70,"init_cwnd_bytes":85939},{"time":2580,"init_cwnd_mss":37,"init_cwnd_bytes":45415},{"time":3129,"init_cwnd_mss":112,"init_cwnd_bytes":137473},{"time":2849,"init_cwnd_mss":72,"init_cwnd_bytes":88382},{"time":2407,"init_cwnd_mss":42,"init_cwnd_bytes":51569},{"time":2547,"init_cwnd_mss":39,"init_cwnd_bytes":47884},{"time":3073,"init_cwnd_mss":38,"init_cwnd_bytes":46657},{"time":2432,"init_cwnd_mss":41,"init_cwnd_bytes":50341},{"time":2806,"init_cwnd_mss":40,"init_cwnd_bytes":49090},{"time":3117,"init_cwnd_mss":36,"init_cwnd_bytes":44185},{"time":2975,"init_cwnd_mss":71,"init_cwnd_bytes":87160},{"time":2636,"init_cwnd_mss":38,"init_cwnd_bytes":46657},{"time":2458,"init_cwnd_mss":39,"init_cwnd_bytes":47886},{"time":2312,"init_cwnd_mss":39,"init_cwnd_bytes":47885},{"time":2314,"init_cwnd_mss":37,"init_cwnd_bytes":45429},{"time":2781,"init_cwnd_mss":41,"init_cwnd_bytes":50372},{"time":2771,"init_cwnd_mss":39,"init_cwnd_bytes":47885},{"time":2578,"init_cwnd_mss":41,"init_cwnd_bytes":50340},{"time":3650,"init_cwnd_mss":38,"init_cwnd_bytes":46655},{"time":2383,"init_cwnd_mss":39,"init_cwnd_bytes":47885},{"time":2342,"init_cwnd_mss":39,"init_cwnd_bytes":47885},{"time":2966,"init_cwnd_mss":41,"init_cwnd_bytes":50294},{"time":2550,"init_cwnd_mss":43,"init_cwnd_bytes":52777},{"time":2603,"init_cwnd_mss":39,"init_cwnd_bytes":47884}]