[{"time":5333,"init_cwnd_mss":0,"init_cwnd_bytes":0},{"time":4824,"init_cwnd_mss":0,"init_cwnd_bytes":0},{"time":4672,"init_cwnd_mss":0,"init_cwnd_bytes":32750},{"time":5925,"init_cwnd_mss":0,"init_cwnd_bytes":16375},{"time":5267,"init_cwnd_mss":0,"init_cwnd_bytes":32750},{"time":4652,"init_cwnd_mss":0,"init_cwnd_bytes":32750},{"time":5489,"init_cwnd_mss":0,"init_cwnd_bytes":0},{"time":5039,"init_cwnd_mss":0,"init_cwnd_bytes":0},{"time":5173,"init_cwnd_mss":0,"init_cwnd_bytes":0},{"time":5248,"init_cwnd_mss":0,"init_cwnd_bytes":0},{"time":4832,"init_cwnd_mss":0,"init_cwnd_bytes":32750},{"time":4600,"init_cwnd_mss":0,"init_cwnd_bytes":32750},{"time":4521,"init_cwnd_mss":0,"init_cwnd_bytes":0},{"time":4448,"init_cwnd_mss":0,"init_cwnd_bytes":32750},{"time":4731,"init_cwnd_mss":0,"init_cwnd_bytes":16375},{"time":4737,"init_cwnd_mss":0,"init_cwnd_bytes":16375},{"time":4734,"init_cwnd_mss":0,"init_cwnd_bytes":32750},{"time":4993,"init_cwnd_mss":0,"init_cwnd_bytes":0},{"time":4933,"init_cwnd_mss":0,"init_cwnd_bytes":147456},{"time":4579,"init_cwnd_mss":0,"init_cwnd_bytes":0},{"time":4884,"init_cwnd_mss":0,"init_cwnd_bytes":32750},{"time":4709,"init_cwnd_mss":0,"init_cwnd_bytes":0},{"time":4426,"init_cwnd_mss":0,"init_cwnd_bytes":32750},{"time":4415,"init_cwnd_mss":0,"init_cwnd_bytes":32750},{"time":4503,"init_cwnd_mss":0,"init_cwnd_bytes":32750},{"time":4296,"init_cwnd_mss":0,"init_cwnd_bytes":32750},{"time":4569,"init_cwnd_mss":0,"init_cwnd_bytes":0},{"time":4368,"init_cwnd_mss":0,"init_cwnd_bytes":0},{"time":4422,"init_cwnd_mss":0,"init_cwnd_bytes":32750},{"time":4217,"init_cwnd_mss":0,"init_cwnd_bytes":32750},{"time":4404,"init_cwnd_mss":0,"init_cwnd_bytes":0},{"time":4884,"init_cwnd_mss":0,"init_cwnd_bytes":32750},{"time":4669,"init_cwnd_mss":0,"init_cwnd_bytes":32750},{"time":4345,"init_cwnd_mss":0,"init_cwnd_bytes":8183},{"time":11121,"init_cwnd_mss":0,"init_cwnd_bytes":0},{"time":4198,"init_cwnd_mss":0,"init_cwnd_bytes":32750},{"time":4733,"init_cwnd_mss":0,"init_cwnd_bytes":32750},{"time":4351,"init_cwnd_mss":0,"init_cwnd_bytes":32750},{"time":4387,"init_cwnd_mss":0,"init_cwnd_bytes":0},{"time":4328,"init_cwnd_mss":0,"init_cwnd_bytes":0}]