[{"time":343,"init_cwnd_mss":17,"init_cwnd_bytes":23902},{"time":381,"init_cwnd_mss":15,"init_cwnd_bytes":21090},{"time":483,"init_cwnd_mss":16,"init_cwnd_bytes":22496},{"time":351,"init_cwnd_mss":18,"init_cwnd_bytes":25308},{"time":345,"init_cwnd_mss":20,"init_cwnd_bytes":27968},{"time":515,"init_cwnd_mss":49,"init_cwnd_bytes":66038},{"time":356,"init_cwnd_mss":26,"init_cwnd_bytes":34936},{"time":336,"init_cwnd_mss":18,"init_cwnd_bytes":25308},{"time":404,"init_cwnd_mss":17,"init_cwnd_bytes":23902},{"time":375,"init_cwnd_mss":22,"init_cwnd_bytes":30932},{"time":367,"init_cwnd_mss":31,"init_cwnd_bytes":42156},{"time":412,"init_cwnd_mss":9,"init_cwnd_bytes":12454},{"time":379,"init_cwnd_mss":16,"init_cwnd_bytes":22293},{"time":347,"init_cwnd_mss":18,"init_cwnd_bytes":25308},{"time":343,"init_cwnd_mss":19,"init_cwnd_bytes":26714},{"time":335,"init_cwnd_mss":17,"init_cwnd_bytes":23902},{"time":342,"init_cwnd_mss":16,"init_cwnd_bytes":22344},{"time":313,"init_cwnd_mss":17,"init_cwnd_bytes":23902},{"time":310,"init_cwnd_mss":18,"init_cwnd_bytes":25308},{"time":328,"init_cwnd_mss":18,"init_cwnd_bytes":24068},{"time":345,"init_cwnd_mss":18,"init_cwnd_bytes":25104},{"time":353,"init_cwnd_mss":34,"init_cwnd_bytes":46365},{"time":366,"init_cwnd_mss":15,"init_cwnd_bytes":20990},{"time":343,"init_cwnd_mss":17,"init_cwnd_bytes":23902},{"time":418,"init_cwnd_mss":16,"init_cwnd_bytes":22496},{"time":334,"init_cwnd_mss":17,"init_cwnd_bytes":23908},{"time":339,"init_cwnd_mss":17,"init_cwnd_bytes":23902},{"time":322,"init_cwnd_mss":17,"init_cwnd_bytes":23802},{"time":355,"init_cwnd_mss":18,"init_cwnd_bytes":25308},{"time":443,"init_cwnd_mss":17,"init_cwnd_bytes":23902},{"time":312,"init_cwnd_mss":17,"init_cwnd_bytes":22664},{"time":344,"init_cwnd_mss":15,"init_cwnd_bytes":21090},{"time":344,"init_cwnd_mss":16,"init_cwnd_bytes":22448},{"time":320,"init_cwnd_mss":17,"init_cwnd_bytes":23698},{"time":386,"init_cwnd_mss":43,"init_cwnd_bytes":59020},{"time":382,"init_cwnd_mss":17,"init_cwnd_bytes":23902},{"time":440,"init_cwnd_mss":55,"init_cwnd_bytes":74462},{"time":371,"init_cwnd_mss":17,"init_cwnd_bytes":23902},{"time":410,"init_cwnd_mss":13,"init_cwnd_bytes":18129},{"time":420,"init_cwnd_mss":51,"init_cwnd_bytes":68648}]