[{"time":480,"init_cwnd_mss":0,"init_cwnd_bytes":48321},{"time":478,"init_cwnd_mss":0,"init_cwnd_bytes":81085},{"time":454,"init_cwnd_mss":0,"init_cwnd_bytes":48317},{"time":479,"init_cwnd_mss":0,"init_cwnd_bytes":19929},{"time":459,"init_cwnd_mss":0,"init_cwnd_bytes":64700},{"time":487,"init_cwnd_mss":0,"init_cwnd_bytes":48317},{"time":472,"init_cwnd_mss":0,"init_cwnd_bytes":56527},{"time":477,"init_cwnd_mss":0,"init_cwnd_bytes":64719},{"time":544,"init_cwnd_mss":0,"init_cwnd_bytes":10295},{"time":527,"init_cwnd_mss":0,"init_cwnd_bytes":64719},{"time":461,"init_cwnd_mss":0,"init_cwnd_bytes":81066},{"time":465,"init_cwnd_mss":0,"init_cwnd_bytes":31951},{"time":469,"init_cwnd_mss":0,"init_cwnd_bytes":48317},{"time":484,"init_cwnd_mss":0,"init_cwnd_bytes":31951},{"time":464,"init_cwnd_mss":0,"init_cwnd_bytes":36331},{"time":460,"init_cwnd_mss":0,"init_cwnd_bytes":64719},{"time":582,"init_cwnd_mss":0,"init_cwnd_bytes":31932},{"time":493,"init_cwnd_mss":0,"init_cwnd_bytes":64718},{"time":443,"init_cwnd_mss":0,"init_cwnd_bytes":56527},{"time":454,"init_cwnd_mss":0,"init_cwnd_bytes":62917},{"time":464,"init_cwnd_mss":0,"init_cwnd_bytes":18469},{"time":455,"init_cwnd_mss":0,"init_cwnd_bytes":64719},{"time":454,"init_cwnd_mss":0,"init_cwnd_bytes":39250},{"time":456,"init_cwnd_mss":0,"init_cwnd_bytes":36331},{"time":477,"init_cwnd_mss":0,"init_cwnd_bytes":34871},{"time":458,"init_cwnd_mss":0,"init_cwnd_bytes":64719},{"time":448,"init_cwnd_mss":0,"init_cwnd_bytes":81066},{"time":468,"init_cwnd_mss":0,"init_cwnd_bytes":643},{"time":465,"init_cwnd_mss":0,"init_cwnd_bytes":36331},{"time":440,"init_cwnd_mss":0,"init_cwnd_bytes":45055},{"time":478,"init_cwnd_mss":0,"init_cwnd_bytes":56202},{"time":467,"init_cwnd_mss":0,"init_cwnd_bytes":36312},{"time":456,"init_cwnd_mss":0,"init_cwnd_bytes":48317},{"time":456,"init_cwnd_mss":0,"init_cwnd_bytes":27210},{"time":572,"init_cwnd_mss":0,"init_cwnd_bytes":48317},{"time":452,"init_cwnd_mss":0,"init_cwnd_bytes":48317},{"time":449,"init_cwnd_mss":0,"init_cwnd_bytes":2103},{"time":474,"init_cwnd_mss":0,"init_cwnd_bytes":81085},{"time":445,"init_cwnd_mss":0,"init_cwnd_bytes":36331},{"time":452,"init_cwnd_mss":0,"init_cwnd_bytes":19929}]