[{"time":4847,"init_cwnd_mss":0,"init_cwnd_bytes":34874},{"time":5849,"init_cwnd_mss":0,"init_cwnd_bytes":34870},{"time":4617,"init_cwnd_mss":0,"init_cwnd_bytes":81084},{"time":4853,"init_cwnd_mss":0,"init_cwnd_bytes":15910},{"time":4480,"init_cwnd_mss":0,"init_cwnd_bytes":64718},{"time":5405,"init_cwnd_mss":0,"init_cwnd_bytes":64718},{"time":4778,"init_cwnd_mss":0,"init_cwnd_bytes":97486},{"time":4438,"init_cwnd_mss":0,"init_cwnd_bytes":33410},{"time":4979,"init_cwnd_mss":0,"init_cwnd_bytes":36330},{"time":4827,"init_cwnd_mss":0,"init_cwnd_bytes":81084},{"time":4797,"init_cwnd_mss":0,"init_cwnd_bytes":64717},{"time":5113,"init_cwnd_mss":0,"init_cwnd_bytes":34870},{"time":4967,"init_cwnd_mss":0,"init_cwnd_bytes":81084},{"time":4333,"init_cwnd_mss":0,"init_cwnd_bytes":81084},{"time":4510,"init_cwnd_mss":0,"init_cwnd_bytes":36330},{"time":5022,"init_cwnd_mss":0,"init_cwnd_bytes":195790},{"time":10889,"init_cwnd_mss":0,"init_cwnd_bytes":48316},{"time":4887,"init_cwnd_mss":0,"init_cwnd_bytes":90998},{"time":4910,"init_cwnd_mss":0,"init_cwnd_bytes":37790},{"time":4932,"init_cwnd_mss":0,"init_cwnd_bytes":42170},{"time":6821,"init_cwnd_mss":0,"init_cwnd_bytes":64699},{"time":4544,"init_cwnd_mss":0,"init_cwnd_bytes":34851},{"time":4873,"init_cwnd_mss":0,"init_cwnd_bytes":81084},{"time":4833,"init_cwnd_mss":0,"init_cwnd_bytes":81084},{"time":5513,"init_cwnd_mss":0,"init_cwnd_bytes":39250},{"time":4849,"init_cwnd_mss":0,"init_cwnd_bytes":76562},{"time":6015,"init_cwnd_mss":0,"init_cwnd_bytes":37790},{"time":5241,"init_cwnd_mss":0,"init_cwnd_bytes":34870},{"time":4877,"init_cwnd_mss":0,"init_cwnd_bytes":81084},{"time":5089,"init_cwnd_mss":0,"init_cwnd_bytes":37790},{"time":4978,"init_cwnd_mss":0,"init_cwnd_bytes":33410},{"time":5299,"init_cwnd_mss":0,"init_cwnd_bytes":34870},{"time":11806,"init_cwnd_mss":0,"init_cwnd_bytes":64718},{"time":4625,"init_cwnd_mss":0,"init_cwnd_bytes":34870},{"time":4794,"init_cwnd_mss":0,"init_cwnd_bytes":34870},{"time":4698,"init_cwnd_mss":0,"init_cwnd_bytes":33410},{"time":4581,"init_cwnd_mss":0,"init_cwnd_bytes":24308},{"time":4787,"init_cwnd_mss":0,"init_cwnd_bytes":34870},{"time":4628,"init_cwnd_mss":0,"init_cwnd_bytes":34870},{"time":4872,"init_cwnd_mss":0,"init_cwnd_bytes":36330}]