[{"time":2219,"init_cwnd_mss":16,"init_cwnd_bytes":22341},{"time":1978,"init_cwnd_mss":18,"init_cwnd_bytes":25164},{"time":1985,"init_cwnd_mss":17,"init_cwnd_bytes":23902},{"time":2346,"init_cwnd_mss":33,"init_cwnd_bytes":44964},{"time":1888,"init_cwnd_mss":17,"init_cwnd_bytes":22500},{"time":2636,"init_cwnd_mss":15,"init_cwnd_bytes":21090},{"time":2002,"init_cwnd_mss":14,"init_cwnd_bytes":19680},{"time":2115,"init_cwnd_mss":15,"init_cwnd_bytes":21090},{"time":1987,"init_cwnd_mss":17,"init_cwnd_bytes":23902},{"time":2031,"init_cwnd_mss":16,"init_cwnd_bytes":22496},{"time":1857,"init_cwnd_mss":18,"init_cwnd_bytes":23904},{"time":1962,"init_cwnd_mss":17,"init_cwnd_bytes":23902},{"time":1757,"init_cwnd_mss":18,"init_cwnd_bytes":25308},{"time":1846,"init_cwnd_mss":20,"init_cwnd_bytes":28120},{"time":1626,"init_cwnd_mss":17,"init_cwnd_bytes":22608},{"time":1834,"init_cwnd_mss":124,"init_cwnd_bytes":167015},{"time":1631,"init_cwnd_mss":19,"init_cwnd_bytes":26714},{"time":1680,"init_cwnd_mss":17,"init_cwnd_bytes":23902},{"time":1600,"init_cwnd_mss":17,"init_cwnd_bytes":23900},{"time":1721,"init_cwnd_mss":19,"init_cwnd_bytes":26714},{"time":1661,"init_cwnd_mss":17,"init_cwnd_bytes":23902},{"time":1516,"init_cwnd_mss":16,"init_cwnd_bytes":22289},{"time":1752,"init_cwnd_mss":16,"init_cwnd_bytes":22289},{"time":1647,"init_cwnd_mss":18,"init_cwnd_bytes":25257},{"time":2003,"init_cwnd_mss":163,"init_cwnd_bytes":151432},{"time":1961,"init_cwnd_mss":16,"init_cwnd_bytes":22496},{"time":1973,"init_cwnd_mss":18,"init_cwnd_bytes":25206},{"time":1746,"init_cwnd_mss":16,"init_cwnd_bytes":22496},{"time":1760,"init_cwnd_mss":17,"init_cwnd_bytes":23747},{"time":1694,"init_cwnd_mss":26,"init_cwnd_bytes":35140},{"time":1628,"init_cwnd_mss":17,"init_cwnd_bytes":23900},{"time":1720,"init_cwnd_mss":18,"init_cwnd_bytes":25308},{"time":1529,"init_cwnd_mss":17,"init_cwnd_bytes":23902},{"time":1653,"init_cwnd_mss":17,"init_cwnd_bytes":23902},{"time":1930,"init_cwnd_mss":14,"init_cwnd_bytes":18283},{"time":1571,"init_cwnd_mss":16,"init_cwnd_bytes":22393},{"time":1748,"init_cwnd_mss":21,"init_cwnd_bytes":29526},{"time":1500,"init_cwnd_mss":17,"init_cwnd_bytes":23904},{"time":1592,"init_cwnd_mss":16,"init_cwnd_bytes":22393},{"time":2508,"init_cwnd_mss":43,"init_cwnd_bytes":58813}]