[{"time":3653,"init_cwnd_mss":0,"init_cwnd_bytes":97499},{"time":3768,"init_cwnd_mss":0,"init_cwnd_bytes":118777},{"time":3747,"init_cwnd_mss":0,"init_cwnd_bytes":99509},{"time":3656,"init_cwnd_mss":0,"init_cwnd_bytes":97499},{"time":3647,"init_cwnd_mss":0,"init_cwnd_bytes":85473},{"time":3783,"init_cwnd_mss":0,"init_cwnd_bytes":113844},{"time":3709,"init_cwnd_mss":0,"init_cwnd_bytes":97493},{"time":3737,"init_cwnd_mss":0,"init_cwnd_bytes":97499},{"time":3758,"init_cwnd_mss":0,"init_cwnd_bytes":67647},{"time":3648,"init_cwnd_mss":0,"init_cwnd_bytes":97495},{"time":3658,"init_cwnd_mss":0,"init_cwnd_bytes":97495},{"time":3725,"init_cwnd_mss":0,"init_cwnd_bytes":113859},{"time":3715,"init_cwnd_mss":0,"init_cwnd_bytes":113859},{"time":3687,"init_cwnd_mss":0,"init_cwnd_bytes":75833},{"time":3666,"init_cwnd_mss":0,"init_cwnd_bytes":113861},{"time":3830,"init_cwnd_mss":0,"init_cwnd_bytes":105681},{"time":3796,"init_cwnd_mss":0,"init_cwnd_bytes":97502},{"time":3658,"init_cwnd_mss":0,"init_cwnd_bytes":97495},{"time":3661,"init_cwnd_mss":0,"init_cwnd_bytes":97495},{"time":3729,"init_cwnd_mss":0,"init_cwnd_bytes":70570},{"time":3736,"init_cwnd_mss":0,"init_cwnd_bytes":97475},{"time":3703,"init_cwnd_mss":0,"init_cwnd_bytes":97493},{"time":3729,"init_cwnd_mss":0,"init_cwnd_bytes":97493},{"time":3647,"init_cwnd_mss":0,"init_cwnd_bytes":86933},{"time":3640,"init_cwnd_mss":0,"init_cwnd_bytes":85473},{"time":3668,"init_cwnd_mss":0,"init_cwnd_bytes":113842},{"time":3667,"init_cwnd_mss":0,"init_cwnd_bytes":86933},{"time":3754,"init_cwnd_mss":0,"init_cwnd_bytes":113868},{"time":3845,"init_cwnd_mss":0,"init_cwnd_bytes":113868},{"time":3663,"init_cwnd_mss":0,"init_cwnd_bytes":97495},{"time":3693,"init_cwnd_mss":0,"init_cwnd_bytes":100415},{"time":3747,"init_cwnd_mss":0,"init_cwnd_bytes":85472},{"time":3717,"init_cwnd_mss":0,"init_cwnd_bytes":113860},{"time":3764,"init_cwnd_mss":0,"init_cwnd_bytes":110293},{"time":3752,"init_cwnd_mss":0,"init_cwnd_bytes":97495},{"time":3657,"init_cwnd_mss":0,"init_cwnd_bytes":87745},{"time":3665,"init_cwnd_mss":0,"init_cwnd_bytes":85473},{"time":3656,"init_cwnd_mss":0,"init_cwnd_bytes":113861},{"time":3646,"init_cwnd_mss":0,"init_cwnd_bytes":85473},{"time":3740,"init_cwnd_mss":0,"init_cwnd_bytes":69269}]