[{"time":1015,"init_cwnd_mss":17,"init_cwnd_bytes":23902},{"time":1030,"init_cwnd_mss":17,"init_cwnd_bytes":23902},{"time":1016,"init_cwnd_mss":17,"init_cwnd_bytes":23902},{"time":1116,"init_cwnd_mss":18,"init_cwnd_bytes":25308},{"time":2600,"init_cwnd_mss":17,"init_cwnd_bytes":23679},{"time":3218,"init_cwnd_mss":16,"init_cwnd_bytes":22347},{"time":3272,"init_cwnd_mss":17,"init_cwnd_bytes":23701},{"time":3114,"init_cwnd_mss":17,"init_cwnd_bytes":23902},{"time":3347,"init_cwnd_mss":58,"init_cwnd_bytes":78674},{"time":3316,"init_cwnd_mss":18,"init_cwnd_bytes":24723},{"time":3376,"init_cwnd_mss":17,"init_cwnd_bytes":23902},{"time":3288,"init_cwnd_mss":17,"init_cwnd_bytes":23900},{"time":3325,"init_cwnd_mss":18,"init_cwnd_bytes":25308},{"time":3245,"init_cwnd_mss":17,"init_cwnd_bytes":23900},{"time":3253,"init_cwnd_mss":16,"init_cwnd_bytes":22496},{"time":3171,"init_cwnd_mss":14,"init_cwnd_bytes":19482},{"time":3206,"init_cwnd_mss":17,"init_cwnd_bytes":23701},{"time":3190,"init_cwnd_mss":18,"init_cwnd_bytes":25158},{"time":3280,"init_cwnd_mss":17,"init_cwnd_bytes":23699},{"time":3428,"init_cwnd_mss":17,"init_cwnd_bytes":23752},{"time":3286,"init_cwnd_mss":15,"init_cwnd_bytes":20940},{"time":3182,"init_cwnd_mss":16,"init_cwnd_bytes":22496},{"time":3356,"init_cwnd_mss":17,"init_cwnd_bytes":23902},{"time":3337,"init_cwnd_mss":18,"init_cwnd_bytes":25159},{"time":3365,"init_cwnd_mss":17,"init_cwnd_bytes":23902},{"time":3239,"init_cwnd_mss":17,"init_cwnd_bytes":23714},{"time":3403,"init_cwnd_mss":17,"init_cwnd_bytes":23902},{"time":3234,"init_cwnd_mss":17,"init_cwnd_bytes":23701},{"time":3265,"init_cwnd_mss":50,"init_cwnd_bytes":67442},{"time":3267,"init_cwnd_mss":17,"init_cwnd_bytes":23750},{"time":3362,"init_cwnd_mss":17,"init_cwnd_bytes":23698},{"time":3213,"init_cwnd_mss":19,"init_cwnd_bytes":26563},{"time":3295,"init_cwnd_mss":13,"init_cwnd_bytes":18278},{"time":3132,"init_cwnd_mss":18,"init_cwnd_bytes":25159},{"time":3240,"init_cwnd_mss":18,"init_cwnd_bytes":23904},{"time":3257,"init_cwnd_mss":17,"init_cwnd_bytes":23751},{"time":3465,"init_cwnd_mss":12,"init_cwnd_bytes":16872},{"time":3242,"init_cwnd_mss":17,"init_cwnd_bytes":23750},{"time":3282,"init_cwnd_mss":17,"init_cwnd_bytes":23706},{"time":3197,"init_cwnd_mss":18,"init_cwnd_bytes":25308}]