[{"time":529,"init_cwnd_mss":0,"init_cwnd_bytes":85473},{"time":530,"init_cwnd_mss":0,"init_cwnd_bytes":85473},{"time":528,"init_cwnd_mss":0,"init_cwnd_bytes":86933},{"time":540,"init_cwnd_mss":0,"init_cwnd_bytes":105678},{"time":521,"init_cwnd_mss":0,"init_cwnd_bytes":100415},{"time":535,"init_cwnd_mss":0,"init_cwnd_bytes":85487},{"time":524,"init_cwnd_mss":0,"init_cwnd_bytes":113004},{"time":516,"init_cwnd_mss":0,"init_cwnd_bytes":113004},{"time":461,"init_cwnd_mss":0,"init_cwnd_bytes":113004},{"time":454,"init_cwnd_mss":0,"init_cwnd_bytes":113004},{"time":454,"init_cwnd_mss":0,"init_cwnd_bytes":69106},{"time":452,"init_cwnd_mss":0,"init_cwnd_bytes":85472},{"time":455,"init_cwnd_mss":0,"init_cwnd_bytes":113004},{"time":463,"init_cwnd_mss":0,"init_cwnd_bytes":113004},{"time":451,"init_cwnd_mss":0,"init_cwnd_bytes":77289},{"time":462,"init_cwnd_mss":0,"init_cwnd_bytes":113004},{"time":452,"init_cwnd_mss":0,"init_cwnd_bytes":113004},{"time":530,"init_cwnd_mss":0,"init_cwnd_bytes":113004},{"time":529,"init_cwnd_mss":0,"init_cwnd_bytes":113004},{"time":580,"init_cwnd_mss":0,"init_cwnd_bytes":113004},{"time":531,"init_cwnd_mss":0,"init_cwnd_bytes":100415},{"time":586,"init_cwnd_mss":0,"init_cwnd_bytes":113004},{"time":530,"init_cwnd_mss":0,"init_cwnd_bytes":113004},{"time":551,"init_cwnd_mss":0,"init_cwnd_bytes":113004},{"time":539,"init_cwnd_mss":0,"init_cwnd_bytes":89853},{"time":606,"init_cwnd_mss":0,"init_cwnd_bytes":99120},{"time":467,"init_cwnd_mss":0,"init_cwnd_bytes":113004},{"time":459,"init_cwnd_mss":0,"init_cwnd_bytes":66184},{"time":463,"init_cwnd_mss":0,"init_cwnd_bytes":113004},{"time":466,"init_cwnd_mss":0,"init_cwnd_bytes":113004},{"time":459,"init_cwnd_mss":0,"init_cwnd_bytes":113004},{"time":461,"init_cwnd_mss":0,"init_cwnd_bytes":113004},{"time":798,"init_cwnd_mss":0,"init_cwnd_bytes":113004},{"time":480,"init_cwnd_mss":0,"init_cwnd_bytes":113004},{"time":468,"init_cwnd_mss":0,"init_cwnd_bytes":113004},{"time":459,"init_cwnd_mss":0,"init_cwnd_bytes":100414},{"time":455,"init_cwnd_mss":0,"init_cwnd_bytes":113004},{"time":559,"init_cwnd_mss":0,"init_cwnd_bytes":113004},{"time":844,"init_cwnd_mss":0,"init_cwnd_bytes":113004},{"time":464,"init_cwnd_mss":0,"init_cwnd_bytes":113004}]