[{"time":688,"init_cwnd_mss":18,"init_cwnd_bytes":25105},{"time":664,"init_cwnd_mss":17,"init_cwnd_bytes":23902},{"time":588,"init_cwnd_mss":17,"init_cwnd_bytes":23902},{"time":606,"init_cwnd_mss":16,"init_cwnd_bytes":22496},{"time":699,"init_cwnd_mss":16,"init_cwnd_bytes":22496},{"time":613,"init_cwnd_mss":17,"init_cwnd_bytes":23902},{"time":682,"init_cwnd_mss":16,"init_cwnd_bytes":22496},{"time":573,"init_cwnd_mss":18,"init_cwnd_bytes":23904},{"time":599,"init_cwnd_mss":17,"init_cwnd_bytes":23902},{"time":619,"init_cwnd_mss":17,"init_cwnd_bytes":23754},{"time":653,"init_cwnd_mss":18,"init_cwnd_bytes":25262},{"time":616,"init_cwnd_mss":17,"init_cwnd_bytes":23902},{"time":583,"init_cwnd_mss":17,"init_cwnd_bytes":23902},{"time":596,"init_cwnd_mss":17,"init_cwnd_bytes":23902},{"time":712,"init_cwnd_mss":19,"init_cwnd_bytes":26513},{"time":536,"init_cwnd_mss":17,"init_cwnd_bytes":23902},{"time":569,"init_cwnd_mss":17,"init_cwnd_bytes":23751},{"time":537,"init_cwnd_mss":17,"init_cwnd_bytes":23902},{"time":608,"init_cwnd_mss":17,"init_cwnd_bytes":23902},{"time":1502,"init_cwnd_mss":18,"init_cwnd_bytes":25308},{"time":588,"init_cwnd_mss":18,"init_cwnd_bytes":25157},{"time":612,"init_cwnd_mss":19,"init_cwnd_bytes":26494},{"time":603,"init_cwnd_mss":17,"init_cwnd_bytes":23700},{"time":636,"init_cwnd_mss":17,"init_cwnd_bytes":23700},{"time":595,"init_cwnd_mss":17,"init_cwnd_bytes":23902},{"time":613,"init_cwnd_mss":17,"init_cwnd_bytes":23753},{"time":597,"init_cwnd_mss":17,"init_cwnd_bytes":23902},{"time":599,"init_cwnd_mss":17,"init_cwnd_bytes":23810},{"time":728,"init_cwnd_mss":16,"init_cwnd_bytes":22496},{"time":727,"init_cwnd_mss":13,"init_cwnd_bytes":18278},{"time":629,"init_cwnd_mss":17,"init_cwnd_bytes":23902},{"time":627,"init_cwnd_mss":17,"init_cwnd_bytes":23902},{"time":694,"init_cwnd_mss":16,"init_cwnd_bytes":22496},{"time":656,"init_cwnd_mss":17,"init_cwnd_bytes":23902},{"time":692,"init_cwnd_mss":17,"init_cwnd_bytes":23902},{"time":563,"init_cwnd_mss":17,"init_cwnd_bytes":23902},{"time":554,"init_cwnd_mss":17,"init_cwnd_bytes":23902},{"time":546,"init_cwnd_mss":17,"init_cwnd_bytes":23753},{"time":544,"init_cwnd_mss":17,"init_cwnd_bytes":23701},{"time":546,"init_cwnd_mss":17,"init_cwnd_bytes":23900}]