[{"time":418,"init_cwnd_mss":17,"init_cwnd_bytes":23900},{"time":327,"init_cwnd_mss":18,"init_cwnd_bytes":23904},{"time":334,"init_cwnd_mss":16,"init_cwnd_bytes":22496},{"time":334,"init_cwnd_mss":17,"init_cwnd_bytes":23696},{"time":351,"init_cwnd_mss":18,"init_cwnd_bytes":25308},{"time":369,"init_cwnd_mss":15,"init_cwnd_bytes":21090},{"time":391,"init_cwnd_mss":14,"init_cwnd_bytes":19684},{"time":352,"init_cwnd_mss":17,"init_cwnd_bytes":23697},{"time":480,"init_cwnd_mss":12,"init_cwnd_bytes":16872},{"time":351,"init_cwnd_mss":17,"init_cwnd_bytes":23697},{"time":331,"init_cwnd_mss":20,"init_cwnd_bytes":28071},{"time":341,"init_cwnd_mss":18,"init_cwnd_bytes":25308},{"time":326,"init_cwnd_mss":19,"init_cwnd_bytes":26714},{"time":318,"init_cwnd_mss":17,"init_cwnd_bytes":23697},{"time":596,"init_cwnd_mss":16,"init_cwnd_bytes":22496},{"time":373,"init_cwnd_mss":18,"init_cwnd_bytes":23904},{"time":320,"init_cwnd_mss":18,"init_cwnd_bytes":25308},{"time":426,"init_cwnd_mss":18,"init_cwnd_bytes":25308},{"time":337,"init_cwnd_mss":16,"init_cwnd_bytes":22344},{"time":391,"init_cwnd_mss":18,"init_cwnd_bytes":25308},{"time":334,"init_cwnd_mss":22,"init_cwnd_bytes":30932},{"time":353,"init_cwnd_mss":17,"init_cwnd_bytes":23902},{"time":380,"init_cwnd_mss":19,"init_cwnd_bytes":26714},{"time":362,"init_cwnd_mss":18,"init_cwnd_bytes":25308},{"time":360,"init_cwnd_mss":15,"init_cwnd_bytes":20886},{"time":363,"init_cwnd_mss":17,"init_cwnd_bytes":23698},{"time":361,"init_cwnd_mss":16,"init_cwnd_bytes":22496},{"time":342,"init_cwnd_mss":25,"init_cwnd_bytes":33732},{"time":337,"init_cwnd_mss":18,"init_cwnd_bytes":23904},{"time":358,"init_cwnd_mss":19,"init_cwnd_bytes":26714},{"time":400,"init_cwnd_mss":17,"init_cwnd_bytes":22501},{"time":322,"init_cwnd_mss":17,"init_cwnd_bytes":23902},{"time":406,"init_cwnd_mss":22,"init_cwnd_bytes":30932},{"time":381,"init_cwnd_mss":22,"init_cwnd_bytes":30932},{"time":311,"init_cwnd_mss":18,"init_cwnd_bytes":23904},{"time":380,"init_cwnd_mss":19,"init_cwnd_bytes":26714},{"time":412,"init_cwnd_mss":16,"init_cwnd_bytes":22496},{"time":408,"init_cwnd_mss":17,"init_cwnd_bytes":23697},{"time":339,"init_cwnd_mss":18,"init_cwnd_bytes":25308},{"time":361,"init_cwnd_mss":16,"init_cwnd_bytes":21098}]