[{"time":458,"init_cwnd_mss":0,"init_cwnd_bytes":48321},{"time":457,"init_cwnd_mss":0,"init_cwnd_bytes":48316},{"time":450,"init_cwnd_mss":0,"init_cwnd_bytes":31932},{"time":-18144515,"init_cwnd_mss":0,"init_cwnd_bytes":36331},{"time":471,"init_cwnd_mss":0,"init_cwnd_bytes":2103},{"time":461,"init_cwnd_mss":0,"init_cwnd_bytes":31951},{"time":446,"init_cwnd_mss":0,"init_cwnd_bytes":81085},{"time":475,"init_cwnd_mss":0,"init_cwnd_bytes":48298},{"time":447,"init_cwnd_mss":0,"init_cwnd_bytes":3563},{"time":460,"init_cwnd_mss":0,"init_cwnd_bytes":48317},{"time":462,"init_cwnd_mss":0,"init_cwnd_bytes":31951},{"time":485,"init_cwnd_mss":0,"init_cwnd_bytes":31951},{"time":469,"init_cwnd_mss":0,"init_cwnd_bytes":37791},{"time":455,"init_cwnd_mss":0,"init_cwnd_bytes":18469},{"time":574,"init_cwnd_mss":0,"init_cwnd_bytes":31951},{"time":467,"init_cwnd_mss":0,"init_cwnd_bytes":3563},{"time":471,"init_cwnd_mss":0,"init_cwnd_bytes":31951},{"time":486,"init_cwnd_mss":0,"init_cwnd_bytes":31951},{"time":440,"init_cwnd_mss":0,"init_cwnd_bytes":34835},{"time":461,"init_cwnd_mss":0,"init_cwnd_bytes":31951},{"time":450,"init_cwnd_mss":0,"init_cwnd_bytes":64718},{"time":455,"init_cwnd_mss":0,"init_cwnd_bytes":35970},{"time":519,"init_cwnd_mss":0,"init_cwnd_bytes":15909},{"time":486,"init_cwnd_mss":0,"init_cwnd_bytes":81085},{"time":485,"init_cwnd_mss":0,"init_cwnd_bytes":3544},{"time":459,"init_cwnd_mss":0,"init_cwnd_bytes":28689},{"time":455,"init_cwnd_mss":0,"init_cwnd_bytes":19929},{"time":443,"init_cwnd_mss":0,"init_cwnd_bytes":18469},{"time":446,"init_cwnd_mss":0,"init_cwnd_bytes":64719},{"time":439,"init_cwnd_mss":0,"init_cwnd_bytes":643},{"time":560,"init_cwnd_mss":0,"init_cwnd_bytes":31950},{"time":475,"init_cwnd_mss":0,"init_cwnd_bytes":64719},{"time":445,"init_cwnd_mss":0,"init_cwnd_bytes":48317},{"time":470,"init_cwnd_mss":0,"init_cwnd_bytes":40134},{"time":451,"init_cwnd_mss":0,"init_cwnd_bytes":31951},{"time":-18164516,"init_cwnd_mss":0,"init_cwnd_bytes":48317},{"time":449,"init_cwnd_mss":0,"init_cwnd_bytes":29571},{"time":452,"init_cwnd_mss":0,"init_cwnd_bytes":17586},{"time":-18166338,"init_cwnd_mss":0,"init_cwnd_bytes":64700},{"time":457,"init_cwnd_mss":0,"init_cwnd_bytes":18469}]