[{"time":6856,"init_cwnd_mss":0,"init_cwnd_bytes":32750},{"time":7935,"init_cwnd_mss":0,"init_cwnd_bytes":32750},{"time":6178,"init_cwnd_mss":0,"init_cwnd_bytes":32750},{"time":6156,"init_cwnd_mss":0,"init_cwnd_bytes":32750},{"time":7474,"init_cwnd_mss":0,"init_cwnd_bytes":32750},{"time":6227,"init_cwnd_mss":0,"init_cwnd_bytes":32750},{"time":6232,"init_cwnd_mss":0,"init_cwnd_bytes":32750},{"time":7496,"init_cwnd_mss":0,"init_cwnd_bytes":32750},{"time":7390,"init_cwnd_mss":0,"init_cwnd_bytes":32750},{"time":5957,"init_cwnd_mss":0,"init_cwnd_bytes":32750},{"time":6758,"init_cwnd_mss":0,"init_cwnd_bytes":32750},{"time":5812,"init_cwnd_mss":0,"init_cwnd_bytes":32750},{"time":6562,"init_cwnd_mss":0,"init_cwnd_bytes":32750},{"time":5819,"init_cwnd_mss":0,"init_cwnd_bytes":32750},{"time":6847,"init_cwnd_mss":0,"init_cwnd_bytes":32750},{"time":5882,"init_cwnd_mss":0,"init_cwnd_bytes":32750},{"time":5780,"init_cwnd_mss":0,"init_cwnd_bytes":32750},{"time":5618,"init_cwnd_mss":0,"init_cwnd_bytes":32750},{"time":7557,"init_cwnd_mss":0,"init_cwnd_bytes":32750},{"time":7726,"init_cwnd_mss":0,"init_cwnd_bytes":32750},{"time":6798,"init_cwnd_mss":0,"init_cwnd_bytes":32750},{"time":6195,"init_cwnd_mss":0,"init_cwnd_bytes":32750},{"time":7374,"init_cwnd_mss":0,"init_cwnd_bytes":32750},{"time":6571,"init_cwnd_mss":0,"init_cwnd_bytes":32750},{"time":7730,"init_cwnd_mss":0,"init_cwnd_bytes":32750},{"time":8869,"init_cwnd_mss":0,"init_cwnd_bytes":32750},{"time":7971,"init_cwnd_mss":0,"init_cwnd_bytes":32750},{"time":8621,"init_cwnd_mss":0,"init_cwnd_bytes":32750},{"time":8242,"init_cwnd_mss":0,"init_cwnd_bytes":32750},{"time":9217,"init_cwnd_mss":0,"init_cwnd_bytes":32750},{"time":7190,"init_cwnd_mss":0,"init_cwnd_bytes":32750},{"time":6290,"init_cwnd_mss":0,"init_cwnd_bytes":32750},{"time":6194,"init_cwnd_mss":0,"init_cwnd_bytes":32750},{"time":6182,"init_cwnd_mss":0,"init_cwnd_bytes":32750},{"time":5162,"init_cwnd_mss":0,"init_cwnd_bytes":32750},{"time":5905,"init_cwnd_mss":0,"init_cwnd_bytes":32750},{"time":5071,"init_cwnd_mss":0,"init_cwnd_bytes":32750},{"time":5274,"init_cwnd_mss":0,"init_cwnd_bytes":32750},{"time":6607,"init_cwnd_mss":0,"init_cwnd_bytes":32750},{"time":6319,"init_cwnd_mss":0,"init_cwnd_bytes":32750}]