[{"time":3089,"init_cwnd_mss":73,"init_cwnd_bytes":89618},{"time":3103,"init_cwnd_mss":74,"init_cwnd_bytes":90900},{"time":2772,"init_cwnd_mss":37,"init_cwnd_bytes":45414},{"time":3160,"init_cwnd_mss":74,"init_cwnd_bytes":90843},{"time":3246,"init_cwnd_mss":74,"init_cwnd_bytes":90845},{"time":3204,"init_cwnd_mss":73,"init_cwnd_bytes":89580},{"time":3238,"init_cwnd_mss":74,"init_cwnd_bytes":90900},{"time":3196,"init_cwnd_mss":71,"init_cwnd_bytes":87219},{"time":3241,"init_cwnd_mss":70,"init_cwnd_bytes":85935},{"time":3203,"init_cwnd_mss":73,"init_cwnd_bytes":89616},{"time":3225,"init_cwnd_mss":75,"init_cwnd_bytes":92314},{"time":3182,"init_cwnd_mss":75,"init_cwnd_bytes":92024},{"time":3124,"init_cwnd_mss":74,"init_cwnd_bytes":90847},{"time":3257,"init_cwnd_mss":73,"init_cwnd_bytes":89580},{"time":2825,"init_cwnd_mss":36,"init_cwnd_bytes":44225},{"time":2756,"init_cwnd_mss":40,"init_cwnd_bytes":49098},{"time":3201,"init_cwnd_mss":70,"init_cwnd_bytes":85946},{"time":2867,"init_cwnd_mss":43,"init_cwnd_bytes":52734},{"time":3197,"init_cwnd_mss":73,"init_cwnd_bytes":89616},{"time":3236,"init_cwnd_mss":74,"init_cwnd_bytes":90889},{"time":2889,"init_cwnd_mss":40,"init_cwnd_bytes":49098},{"time":3137,"init_cwnd_mss":74,"init_cwnd_bytes":90845},{"time":3234,"init_cwnd_mss":70,"init_cwnd_bytes":85897},{"time":3149,"init_cwnd_mss":69,"init_cwnd_bytes":84721},{"time":2800,"init_cwnd_mss":37,"init_cwnd_bytes":45446},{"time":3195,"init_cwnd_mss":74,"init_cwnd_bytes":90797},{"time":2773,"init_cwnd_mss":37,"init_cwnd_bytes":45453},{"time":3355,"init_cwnd_mss":73,"init_cwnd_bytes":89618},{"time":2856,"init_cwnd_mss":40,"init_cwnd_bytes":49130},{"time":2851,"init_cwnd_mss":39,"init_cwnd_bytes":47870},{"time":3313,"init_cwnd_mss":78,"init_cwnd_bytes":96528},{"time":3220,"init_cwnd_mss":67,"init_cwnd_bytes":82320},{"time":2950,"init_cwnd_mss":38,"init_cwnd_bytes":46649},{"time":3219,"init_cwnd_mss":73,"init_cwnd_bytes":89618},{"time":3278,"init_cwnd_mss":69,"init_cwnd_bytes":84708},{"time":3008,"init_cwnd_mss":36,"init_cwnd_bytes":44193},{"time":3474,"init_cwnd_mss":73,"init_cwnd_bytes":89580},{"time":3384,"init_cwnd_mss":70,"init_cwnd_bytes":85946},{"time":2762,"init_cwnd_mss":39,"init_cwnd_bytes":47909},{"time":3142,"init_cwnd_mss":73,"init_cwnd_bytes":89580}]