[{"time":625,"init_cwnd_mss":17,"init_cwnd_bytes":23902},{"time":620,"init_cwnd_mss":16,"init_cwnd_bytes":22492},{"time":682,"init_cwnd_mss":14,"init_cwnd_bytes":19487},{"time":543,"init_cwnd_mss":17,"init_cwnd_bytes":23902},{"time":622,"init_cwnd_mss":25,"init_cwnd_bytes":33732},{"time":616,"init_cwnd_mss":18,"init_cwnd_bytes":25308},{"time":637,"init_cwnd_mss":19,"init_cwnd_bytes":26714},{"time":591,"init_cwnd_mss":17,"init_cwnd_bytes":23902},{"time":603,"init_cwnd_mss":17,"init_cwnd_bytes":23902},{"time":693,"init_cwnd_mss":37,"init_cwnd_bytes":50584},{"time":651,"init_cwnd_mss":17,"init_cwnd_bytes":23705},{"time":628,"init_cwnd_mss":14,"init_cwnd_bytes":19684},{"time":638,"init_cwnd_mss":15,"init_cwnd_bytes":21090},{"time":660,"init_cwnd_mss":17,"init_cwnd_bytes":23902},{"time":570,"init_cwnd_mss":16,"init_cwnd_bytes":22496},{"time":606,"init_cwnd_mss":17,"init_cwnd_bytes":23860},{"time":640,"init_cwnd_mss":16,"init_cwnd_bytes":22496},{"time":554,"init_cwnd_mss":19,"init_cwnd_bytes":26714},{"time":598,"init_cwnd_mss":18,"init_cwnd_bytes":25110},{"time":560,"init_cwnd_mss":16,"init_cwnd_bytes":22351},{"time":556,"init_cwnd_mss":17,"init_cwnd_bytes":23705},{"time":678,"init_cwnd_mss":25,"init_cwnd_bytes":33537},{"time":623,"init_cwnd_mss":17,"init_cwnd_bytes":22562},{"time":580,"init_cwnd_mss":18,"init_cwnd_bytes":25308},{"time":607,"init_cwnd_mss":18,"init_cwnd_bytes":25269},{"time":943,"init_cwnd_mss":20,"init_cwnd_bytes":28120},{"time":641,"init_cwnd_mss":16,"init_cwnd_bytes":22496},{"time":624,"init_cwnd_mss":17,"init_cwnd_bytes":23704},{"time":814,"init_cwnd_mss":18,"init_cwnd_bytes":25308},{"time":658,"init_cwnd_mss":18,"init_cwnd_bytes":23904},{"time":600,"init_cwnd_mss":17,"init_cwnd_bytes":23737},{"time":601,"init_cwnd_mss":17,"init_cwnd_bytes":23902},{"time":692,"init_cwnd_mss":15,"init_cwnd_bytes":21090},{"time":572,"init_cwnd_mss":17,"init_cwnd_bytes":23902},{"time":631,"init_cwnd_mss":16,"init_cwnd_bytes":22496},{"time":602,"init_cwnd_mss":16,"init_cwnd_bytes":22504},{"time":617,"init_cwnd_mss":15,"init_cwnd_bytes":21090},{"time":665,"init_cwnd_mss":16,"init_cwnd_bytes":22496},{"time":607,"init_cwnd_mss":15,"init_cwnd_bytes":21090},{"time":695,"init_cwnd_mss":18,"init_cwnd_bytes":25308}]