[{"time":892,"init_cwnd_mss":0,"init_cwnd_bytes":277703},{"time":1121,"init_cwnd_mss":0,"init_cwnd_bytes":34877},{"time":934,"init_cwnd_mss":0,"init_cwnd_bytes":15907},{"time":928,"init_cwnd_mss":0,"init_cwnd_bytes":74602},{"time":956,"init_cwnd_mss":0,"init_cwnd_bytes":48323},{"time":910,"init_cwnd_mss":0,"init_cwnd_bytes":3569},{"time":997,"init_cwnd_mss":0,"init_cwnd_bytes":64725},{"time":944,"init_cwnd_mss":0,"init_cwnd_bytes":64725},{"time":865,"init_cwnd_mss":0,"init_cwnd_bytes":48323},{"time":838,"init_cwnd_mss":0,"init_cwnd_bytes":34877},{"time":727,"init_cwnd_mss":0,"init_cwnd_bytes":64725},{"time":840,"init_cwnd_mss":0,"init_cwnd_bytes":31956},{"time":789,"init_cwnd_mss":0,"init_cwnd_bytes":21395},{"time":1215,"init_cwnd_mss":0,"init_cwnd_bytes":36336},{"time":822,"init_cwnd_mss":0,"init_cwnd_bytes":274473},{"time":1630,"init_cwnd_mss":0,"init_cwnd_bytes":64725},{"time":854,"init_cwnd_mss":0,"init_cwnd_bytes":36317},{"time":922,"init_cwnd_mss":0,"init_cwnd_bytes":48323},{"time":972,"init_cwnd_mss":0,"init_cwnd_bytes":31938},{"time":912,"init_cwnd_mss":0,"init_cwnd_bytes":18475},{"time":999,"init_cwnd_mss":0,"init_cwnd_bytes":34877},{"time":1120,"init_cwnd_mss":0,"init_cwnd_bytes":649},{"time":1201,"init_cwnd_mss":0,"init_cwnd_bytes":48323},{"time":838,"init_cwnd_mss":0,"init_cwnd_bytes":48323},{"time":871,"init_cwnd_mss":0,"init_cwnd_bytes":31938},{"time":950,"init_cwnd_mss":0,"init_cwnd_bytes":62617},{"time":877,"init_cwnd_mss":0,"init_cwnd_bytes":15907},{"time":828,"init_cwnd_mss":0,"init_cwnd_bytes":22855},{"time":868,"init_cwnd_mss":0,"init_cwnd_bytes":48323},{"time":1493,"init_cwnd_mss":0,"init_cwnd_bytes":81091},{"time":896,"init_cwnd_mss":0,"init_cwnd_bytes":523477},{"time":1267,"init_cwnd_mss":0,"init_cwnd_bytes":81091},{"time":872,"init_cwnd_mss":0,"init_cwnd_bytes":46215},{"time":727,"init_cwnd_mss":0,"init_cwnd_bytes":64725},{"time":812,"init_cwnd_mss":0,"init_cwnd_bytes":81072},{"time":947,"init_cwnd_mss":0,"init_cwnd_bytes":64724},{"time":887,"init_cwnd_mss":0,"init_cwnd_bytes":45909},{"time":937,"init_cwnd_mss":0,"init_cwnd_bytes":64725},{"time":900,"init_cwnd_mss":0,"init_cwnd_bytes":31957},{"time":759,"init_cwnd_mss":0,"init_cwnd_bytes":31957}]