[{"time":5245,"init_cwnd_mss":0,"init_cwnd_bytes":0},{"time":5423,"init_cwnd_mss":0,"init_cwnd_bytes":32750},{"time":4949,"init_cwnd_mss":0,"init_cwnd_bytes":32750},{"time":4466,"init_cwnd_mss":0,"init_cwnd_bytes":32750},{"time":6376,"init_cwnd_mss":0,"init_cwnd_bytes":32750},{"time":5514,"init_cwnd_mss":0,"init_cwnd_bytes":0},{"time":5460,"init_cwnd_mss":0,"init_cwnd_bytes":32750},{"time":4572,"init_cwnd_mss":0,"init_cwnd_bytes":0},{"time":5321,"init_cwnd_mss":0,"init_cwnd_bytes":0},{"time":5416,"init_cwnd_mss":0,"init_cwnd_bytes":32750},{"time":-7845290,"init_cwnd_mss":0,"init_cwnd_bytes":32750},{"time":4492,"init_cwnd_mss":0,"init_cwnd_bytes":0},{"time":5811,"init_cwnd_mss":0,"init_cwnd_bytes":0},{"time":6408,"init_cwnd_mss":0,"init_cwnd_bytes":32750},{"time":5504,"init_cwnd_mss":0,"init_cwnd_bytes":32750},{"time":5640,"init_cwnd_mss":0,"init_cwnd_bytes":32750},{"time":5611,"init_cwnd_mss":0,"init_cwnd_bytes":32750},{"time":5821,"init_cwnd_mss":0,"init_cwnd_bytes":32750},{"time":5595,"init_cwnd_mss":0,"init_cwnd_bytes":0},{"time":-7899244,"init_cwnd_mss":0,"init_cwnd_bytes":0},{"time":6726,"init_cwnd_mss":0,"init_cwnd_bytes":32750},{"time":7244,"init_cwnd_mss":0,"init_cwnd_bytes":32750},{"time":8486,"init_cwnd_mss":0,"init_cwnd_bytes":32750},{"time":8148,"init_cwnd_mss":0,"init_cwnd_bytes":32750},{"time":6115,"init_cwnd_mss":0,"init_cwnd_bytes":0},{"time":6874,"init_cwnd_mss":0,"init_cwnd_bytes":0},{"time":6833,"init_cwnd_mss":0,"init_cwnd_bytes":0},{"time":5243,"init_cwnd_mss":0,"init_cwnd_bytes":32750},{"time":8308,"init_cwnd_mss":0,"init_cwnd_bytes":32750},{"time":7160,"init_cwnd_mss":0,"init_cwnd_bytes":16375},{"time":6594,"init_cwnd_mss":0,"init_cwnd_bytes":32750},{"time":8646,"init_cwnd_mss":0,"init_cwnd_bytes":32750},{"time":6184,"init_cwnd_mss":0,"init_cwnd_bytes":32750},{"time":5516,"init_cwnd_mss":0,"init_cwnd_bytes":0},{"time":-8010825,"init_cwnd_mss":0,"init_cwnd_bytes":0},{"time":7122,"init_cwnd_mss":0,"init_cwnd_bytes":0},{"time":4852,"init_cwnd_mss":0,"init_cwnd_bytes":0},{"time":6270,"init_cwnd_mss":0,"init_cwnd_bytes":32750},{"time":8838,"init_cwnd_mss":0,"init_cwnd_bytes":32750},{"time":6480,"init_cwnd_mss":0,"init_cwnd_bytes":32750}]