[{"time":2128,"init_cwnd_mss":39,"init_cwnd_bytes":47885},{"time":2128,"init_cwnd_mss":36,"init_cwnd_bytes":44201},{"time":2098,"init_cwnd_mss":41,"init_cwnd_bytes":50340},{"time":2180,"init_cwnd_mss":39,"init_cwnd_bytes":47884},{"time":2217,"init_cwnd_mss":40,"init_cwnd_bytes":49113},{"time":2558,"init_cwnd_mss":34,"init_cwnd_bytes":41748},{"time":2528,"init_cwnd_mss":71,"init_cwnd_bytes":87162},{"time":2216,"init_cwnd_mss":39,"init_cwnd_bytes":47885},{"time":2201,"init_cwnd_mss":36,"init_cwnd_bytes":44234},{"time":2353,"init_cwnd_mss":39,"init_cwnd_bytes":47885},{"time":2153,"init_cwnd_mss":38,"init_cwnd_bytes":46656},{"time":2188,"init_cwnd_mss":40,"init_cwnd_bytes":49113},{"time":2320,"init_cwnd_mss":36,"init_cwnd_bytes":44193},{"time":2520,"init_cwnd_mss":79,"init_cwnd_bytes":96966},{"time":2254,"init_cwnd_mss":36,"init_cwnd_bytes":44234},{"time":2509,"init_cwnd_mss":74,"init_cwnd_bytes":90856},{"time":2554,"init_cwnd_mss":75,"init_cwnd_bytes":92072},{"time":2515,"init_cwnd_mss":72,"init_cwnd_bytes":88380},{"time":2640,"init_cwnd_mss":71,"init_cwnd_bytes":87164},{"time":2615,"init_cwnd_mss":73,"init_cwnd_bytes":89607},{"time":2650,"init_cwnd_mss":74,"init_cwnd_bytes":90845},{"time":2204,"init_cwnd_mss":37,"init_cwnd_bytes":45429},{"time":2122,"init_cwnd_mss":40,"init_cwnd_bytes":49112},{"time":2220,"init_cwnd_mss":40,"init_cwnd_bytes":49113},{"time":2195,"init_cwnd_mss":36,"init_cwnd_bytes":44201},{"time":2187,"init_cwnd_mss":42,"init_cwnd_bytes":51568},{"time":2163,"init_cwnd_mss":38,"init_cwnd_bytes":46657},{"time":2121,"init_cwnd_mss":36,"init_cwnd_bytes":44201},{"time":2398,"init_cwnd_mss":36,"init_cwnd_bytes":44201},{"time":2570,"init_cwnd_mss":69,"init_cwnd_bytes":84709},{"time":2237,"init_cwnd_mss":38,"init_cwnd_bytes":46656},{"time":2497,"init_cwnd_mss":74,"init_cwnd_bytes":90807},{"time":2234,"init_cwnd_mss":40,"init_cwnd_bytes":49112},{"time":2517,"init_cwnd_mss":70,"init_cwnd_bytes":85939},{"time":2580,"init_cwnd_mss":69,"init_cwnd_bytes":84766},{"time":2516,"init_cwnd_mss":72,"init_cwnd_bytes":88389},{"time":2151,"init_cwnd_mss":38,"init_cwnd_bytes":46656},{"time":2169,"init_cwnd_mss":38,"init_cwnd_bytes":46656},{"time":2494,"init_cwnd_mss":75,"init_cwnd_bytes":92116},{"time":2184,"init_cwnd_mss":40,"init_cwnd_bytes":49146}]