[{"time":1456,"init_cwnd_mss":16,"init_cwnd_bytes":22289},{"time":1428,"init_cwnd_mss":17,"init_cwnd_bytes":23748},{"time":1398,"init_cwnd_mss":17,"init_cwnd_bytes":23902},{"time":1393,"init_cwnd_mss":16,"init_cwnd_bytes":22496},{"time":1302,"init_cwnd_mss":17,"init_cwnd_bytes":23902},{"time":1313,"init_cwnd_mss":17,"init_cwnd_bytes":23902},{"time":1519,"init_cwnd_mss":19,"init_cwnd_bytes":26507},{"time":1655,"init_cwnd_mss":17,"init_cwnd_bytes":23902},{"time":1663,"init_cwnd_mss":17,"init_cwnd_bytes":23696},{"time":1351,"init_cwnd_mss":21,"init_cwnd_bytes":29475},{"time":1363,"init_cwnd_mss":17,"init_cwnd_bytes":23799},{"time":1562,"init_cwnd_mss":18,"init_cwnd_bytes":25308},{"time":1089,"init_cwnd_mss":18,"init_cwnd_bytes":25308},{"time":1254,"init_cwnd_mss":17,"init_cwnd_bytes":23900},{"time":1764,"init_cwnd_mss":14,"init_cwnd_bytes":19684},{"time":1222,"init_cwnd_mss":36,"init_cwnd_bytes":48974},{"time":1575,"init_cwnd_mss":18,"init_cwnd_bytes":25308},{"time":1878,"init_cwnd_mss":16,"init_cwnd_bytes":22290},{"time":2060,"init_cwnd_mss":14,"init_cwnd_bytes":19531},{"time":1216,"init_cwnd_mss":17,"init_cwnd_bytes":23902},{"time":1325,"init_cwnd_mss":17,"init_cwnd_bytes":23696},{"time":1410,"init_cwnd_mss":17,"init_cwnd_bytes":23677},{"time":1416,"init_cwnd_mss":17,"init_cwnd_bytes":23902},{"time":1270,"init_cwnd_mss":18,"init_cwnd_bytes":25308},{"time":1166,"init_cwnd_mss":15,"init_cwnd_bytes":21042},{"time":1365,"init_cwnd_mss":16,"init_cwnd_bytes":22289},{"time":1258,"init_cwnd_mss":16,"init_cwnd_bytes":22395},{"time":1463,"init_cwnd_mss":15,"init_cwnd_bytes":20884},{"time":1483,"init_cwnd_mss":16,"init_cwnd_bytes":22343},{"time":1240,"init_cwnd_mss":17,"init_cwnd_bytes":23902},{"time":1269,"init_cwnd_mss":17,"init_cwnd_bytes":23697},{"time":1184,"init_cwnd_mss":19,"init_cwnd_bytes":25416},{"time":1355,"init_cwnd_mss":16,"init_cwnd_bytes":21149},{"time":1358,"init_cwnd_mss":17,"init_cwnd_bytes":23747},{"time":1534,"init_cwnd_mss":17,"init_cwnd_bytes":23902},{"time":1289,"init_cwnd_mss":18,"init_cwnd_bytes":25101},{"time":1289,"init_cwnd_mss":17,"init_cwnd_bytes":22607},{"time":1313,"init_cwnd_mss":19,"init_cwnd_bytes":26714},{"time":1448,"init_cwnd_mss":20,"init_cwnd_bytes":28120},{"time":1506,"init_cwnd_mss":17,"init_cwnd_bytes":23902}]