[{"time":1629,"init_cwnd_mss":0,"init_cwnd_bytes":37794},{"time":1663,"init_cwnd_mss":0,"init_cwnd_bytes":15909},{"time":1790,"init_cwnd_mss":0,"init_cwnd_bytes":146620},{"time":2137,"init_cwnd_mss":0,"init_cwnd_bytes":34222},{"time":1560,"init_cwnd_mss":0,"init_cwnd_bytes":64699},{"time":1936,"init_cwnd_mss":0,"init_cwnd_bytes":39250},{"time":1371,"init_cwnd_mss":0,"init_cwnd_bytes":81084},{"time":1530,"init_cwnd_mss":0,"init_cwnd_bytes":64717},{"time":1789,"init_cwnd_mss":0,"init_cwnd_bytes":15908},{"time":1355,"init_cwnd_mss":0,"init_cwnd_bytes":97486},{"time":1957,"init_cwnd_mss":0,"init_cwnd_bytes":48316},{"time":1478,"init_cwnd_mss":0,"init_cwnd_bytes":37790},{"time":1620,"init_cwnd_mss":0,"init_cwnd_bytes":3562},{"time":1665,"init_cwnd_mss":0,"init_cwnd_bytes":36330},{"time":1650,"init_cwnd_mss":0,"init_cwnd_bytes":29842},{"time":1682,"init_cwnd_mss":0,"init_cwnd_bytes":33410},{"time":1750,"init_cwnd_mss":0,"init_cwnd_bytes":22848},{"time":1616,"init_cwnd_mss":0,"init_cwnd_bytes":97486},{"time":2065,"init_cwnd_mss":0,"init_cwnd_bytes":81084},{"time":2269,"init_cwnd_mss":0,"init_cwnd_bytes":81084},{"time":1983,"init_cwnd_mss":0,"init_cwnd_bytes":15907},{"time":2047,"init_cwnd_mss":0,"init_cwnd_bytes":81083},{"time":1579,"init_cwnd_mss":0,"init_cwnd_bytes":179388},{"time":1456,"init_cwnd_mss":0,"init_cwnd_bytes":36330},{"time":2453,"init_cwnd_mss":0,"init_cwnd_bytes":36330},{"time":1794,"init_cwnd_mss":0,"init_cwnd_bytes":81082},{"time":1482,"init_cwnd_mss":0,"init_cwnd_bytes":34870},{"time":1541,"init_cwnd_mss":0,"init_cwnd_bytes":179387},{"time":1562,"init_cwnd_mss":0,"init_cwnd_bytes":97486},{"time":1690,"init_cwnd_mss":0,"init_cwnd_bytes":31950},{"time":1692,"init_cwnd_mss":0,"init_cwnd_bytes":41522},{"time":2085,"init_cwnd_mss":0,"init_cwnd_bytes":64718},{"time":1772,"init_cwnd_mss":0,"init_cwnd_bytes":27228},{"time":1595,"init_cwnd_mss":0,"init_cwnd_bytes":31931},{"time":1919,"init_cwnd_mss":0,"init_cwnd_bytes":34870},{"time":1528,"init_cwnd_mss":0,"init_cwnd_bytes":2102},{"time":1663,"init_cwnd_mss":0,"init_cwnd_bytes":31950},{"time":1889,"init_cwnd_mss":0,"init_cwnd_bytes":17008},{"time":1854,"init_cwnd_mss":0,"init_cwnd_bytes":130254},{"time":1908,"init_cwnd_mss":0,"init_cwnd_bytes":64718}]