[{"time":2018,"init_cwnd_mss":74,"init_cwnd_bytes":90856},{"time":2036,"init_cwnd_mss":74,"init_cwnd_bytes":90843},{"time":2002,"init_cwnd_mss":74,"init_cwnd_bytes":90832},{"time":2020,"init_cwnd_mss":73,"init_cwnd_bytes":89616},{"time":1779,"init_cwnd_mss":36,"init_cwnd_bytes":44225},{"time":2082,"init_cwnd_mss":75,"init_cwnd_bytes":92061},{"time":2097,"init_cwnd_mss":70,"init_cwnd_bytes":85946},{"time":2086,"init_cwnd_mss":73,"init_cwnd_bytes":89684},{"time":2094,"init_cwnd_mss":74,"init_cwnd_bytes":90843},{"time":2097,"init_cwnd_mss":70,"init_cwnd_bytes":85935},{"time":1753,"init_cwnd_mss":40,"init_cwnd_bytes":49098},{"time":2035,"init_cwnd_mss":73,"init_cwnd_bytes":89618},{"time":1686,"init_cwnd_mss":40,"init_cwnd_bytes":49099},{"time":1985,"init_cwnd_mss":73,"init_cwnd_bytes":89580},{"time":2006,"init_cwnd_mss":74,"init_cwnd_bytes":90847},{"time":2035,"init_cwnd_mss":74,"init_cwnd_bytes":90843},{"time":1988,"init_cwnd_mss":74,"init_cwnd_bytes":90807},{"time":1694,"init_cwnd_mss":40,"init_cwnd_bytes":49098},{"time":1996,"init_cwnd_mss":70,"init_cwnd_bytes":85939},{"time":2030,"init_cwnd_mss":74,"init_cwnd_bytes":90854},{"time":2095,"init_cwnd_mss":70,"init_cwnd_bytes":85935},{"time":2077,"init_cwnd_mss":74,"init_cwnd_bytes":90843},{"time":2070,"init_cwnd_mss":71,"init_cwnd_bytes":87116},{"time":2051,"init_cwnd_mss":74,"init_cwnd_bytes":90845},{"time":2061,"init_cwnd_mss":70,"init_cwnd_bytes":85910},{"time":2087,"init_cwnd_mss":70,"init_cwnd_bytes":85937},{"time":2079,"init_cwnd_mss":74,"init_cwnd_bytes":90854},{"time":2074,"init_cwnd_mss":70,"init_cwnd_bytes":85935},{"time":2054,"init_cwnd_mss":72,"init_cwnd_bytes":88389},{"time":2010,"init_cwnd_mss":72,"init_cwnd_bytes":88389},{"time":2040,"init_cwnd_mss":39,"init_cwnd_bytes":47870},{"time":1698,"init_cwnd_mss":39,"init_cwnd_bytes":47909},{"time":2040,"init_cwnd_mss":74,"init_cwnd_bytes":90798},{"time":2087,"init_cwnd_mss":74,"init_cwnd_bytes":90843},{"time":2076,"init_cwnd_mss":71,"init_cwnd_bytes":87230},{"time":1989,"init_cwnd_mss":73,"init_cwnd_bytes":89616},{"time":1954,"init_cwnd_mss":74,"init_cwnd_bytes":90845},{"time":2017,"init_cwnd_mss":73,"init_cwnd_bytes":89616},{"time":1999,"init_cwnd_mss":74,"init_cwnd_bytes":90807},{"time":1983,"init_cwnd_mss":70,"init_cwnd_bytes":85900}]