[{"time":2591,"init_cwnd_mss":0,"init_cwnd_bytes":32750},{"time":2495,"init_cwnd_mss":0,"init_cwnd_bytes":32750},{"time":2818,"init_cwnd_mss":0,"init_cwnd_bytes":32750},{"time":2733,"init_cwnd_mss":0,"init_cwnd_bytes":32750},{"time":2534,"init_cwnd_mss":0,"init_cwnd_bytes":32750},{"time":2501,"init_cwnd_mss":0,"init_cwnd_bytes":32750},{"time":2621,"init_cwnd_mss":0,"init_cwnd_bytes":32750},{"time":2502,"init_cwnd_mss":0,"init_cwnd_bytes":32750},{"time":2687,"init_cwnd_mss":0,"init_cwnd_bytes":32750},{"time":2409,"init_cwnd_mss":0,"init_cwnd_bytes":32750},{"time":2511,"init_cwnd_mss":0,"init_cwnd_bytes":32750},{"time":2503,"init_cwnd_mss":0,"init_cwnd_bytes":32750},{"time":2606,"init_cwnd_mss":0,"init_cwnd_bytes":32750},{"time":2381,"init_cwnd_mss":0,"init_cwnd_bytes":32750},{"time":2538,"init_cwnd_mss":0,"init_cwnd_bytes":32750},{"time":2387,"init_cwnd_mss":0,"init_cwnd_bytes":32750},{"time":2827,"init_cwnd_mss":0,"init_cwnd_bytes":32750},{"time":2806,"init_cwnd_mss":0,"init_cwnd_bytes":32750},{"time":2907,"init_cwnd_mss":0,"init_cwnd_bytes":32750},{"time":2784,"init_cwnd_mss":0,"init_cwnd_bytes":32750},{"time":3204,"init_cwnd_mss":0,"init_cwnd_bytes":32750},{"time":2965,"init_cwnd_mss":0,"init_cwnd_bytes":32750},{"time":3101,"init_cwnd_mss":0,"init_cwnd_bytes":32750},{"time":3077,"init_cwnd_mss":0,"init_cwnd_bytes":32750},{"time":3091,"init_cwnd_mss":0,"init_cwnd_bytes":32750},{"time":3411,"init_cwnd_mss":0,"init_cwnd_bytes":32750},{"time":3754,"init_cwnd_mss":0,"init_cwnd_bytes":16375},{"time":3550,"init_cwnd_mss":0,"init_cwnd_bytes":16375},{"time":3642,"init_cwnd_mss":0,"init_cwnd_bytes":16375},{"time":3699,"init_cwnd_mss":0,"init_cwnd_bytes":16375},{"time":3825,"init_cwnd_mss":0,"init_cwnd_bytes":16375},{"time":3736,"init_cwnd_mss":0,"init_cwnd_bytes":16375},{"time":3870,"init_cwnd_mss":0,"init_cwnd_bytes":16375},{"time":3569,"init_cwnd_mss":0,"init_cwnd_bytes":16375},{"time":3655,"init_cwnd_mss":0,"init_cwnd_bytes":16375},{"time":3546,"init_cwnd_mss":0,"init_cwnd_bytes":16375},{"time":3671,"init_cwnd_mss":0,"init_cwnd_bytes":16375},{"time":3685,"init_cwnd_mss":0,"init_cwnd_bytes":16375},{"time":3815,"init_cwnd_mss":0,"init_cwnd_bytes":16375},{"time":3711,"init_cwnd_mss":0,"init_cwnd_bytes":16375}]