[{"time":1376,"init_cwnd_mss":0,"init_cwnd_bytes":62290},{"time":1580,"init_cwnd_mss":0,"init_cwnd_bytes":31950},{"time":1408,"init_cwnd_mss":0,"init_cwnd_bytes":34851},{"time":5913,"init_cwnd_mss":0,"init_cwnd_bytes":79315},{"time":1213,"init_cwnd_mss":0,"init_cwnd_bytes":48334},{"time":1388,"init_cwnd_mss":0,"init_cwnd_bytes":31950},{"time":1853,"init_cwnd_mss":0,"init_cwnd_bytes":81083},{"time":1348,"init_cwnd_mss":0,"init_cwnd_bytes":31950},{"time":2032,"init_cwnd_mss":0,"init_cwnd_bytes":18468},{"time":1310,"init_cwnd_mss":0,"init_cwnd_bytes":56480},{"time":1746,"init_cwnd_mss":0,"init_cwnd_bytes":41828},{"time":1513,"init_cwnd_mss":0,"init_cwnd_bytes":5020},{"time":1867,"init_cwnd_mss":0,"init_cwnd_bytes":81084},{"time":6313,"init_cwnd_mss":0,"init_cwnd_bytes":31931},{"time":2575,"init_cwnd_mss":0,"init_cwnd_bytes":31950},{"time":2163,"init_cwnd_mss":0,"init_cwnd_bytes":31950},{"time":1374,"init_cwnd_mss":0,"init_cwnd_bytes":34834},{"time":1281,"init_cwnd_mss":0,"init_cwnd_bytes":81084},{"time":1332,"init_cwnd_mss":0,"init_cwnd_bytes":24308},{"time":1863,"init_cwnd_mss":0,"init_cwnd_bytes":15242},{"time":1456,"init_cwnd_mss":0,"init_cwnd_bytes":48315},{"time":1668,"init_cwnd_mss":0,"init_cwnd_bytes":48297},{"time":1853,"init_cwnd_mss":0,"init_cwnd_bytes":37790},{"time":1357,"init_cwnd_mss":0,"init_cwnd_bytes":31950},{"time":2558,"init_cwnd_mss":0,"init_cwnd_bytes":31950},{"time":1281,"init_cwnd_mss":0,"init_cwnd_bytes":48297},{"time":1371,"init_cwnd_mss":0,"init_cwnd_bytes":72901},{"time":3725,"init_cwnd_mss":0,"init_cwnd_bytes":64715},{"time":1326,"init_cwnd_mss":0,"init_cwnd_bytes":64718},{"time":1382,"init_cwnd_mss":0,"init_cwnd_bytes":64718},{"time":1408,"init_cwnd_mss":0,"init_cwnd_bytes":34870},{"time":3298,"init_cwnd_mss":0,"init_cwnd_bytes":3541},{"time":1301,"init_cwnd_mss":0,"init_cwnd_bytes":64699},{"time":1464,"init_cwnd_mss":0,"init_cwnd_bytes":81084},{"time":1380,"init_cwnd_mss":0,"init_cwnd_bytes":81084},{"time":1353,"init_cwnd_mss":0,"init_cwnd_bytes":48316},{"time":1890,"init_cwnd_mss":0,"init_cwnd_bytes":34870},{"time":1249,"init_cwnd_mss":0,"init_cwnd_bytes":64718},{"time":1319,"init_cwnd_mss":0,"init_cwnd_bytes":64718},{"time":1300,"init_cwnd_mss":0,"init_cwnd_bytes":48316}]