[{"time":891,"init_cwnd_mss":17,"init_cwnd_bytes":23695},{"time":1055,"init_cwnd_mss":17,"init_cwnd_bytes":23902},{"time":1549,"init_cwnd_mss":15,"init_cwnd_bytes":21090},{"time":968,"init_cwnd_mss":15,"init_cwnd_bytes":21090},{"time":997,"init_cwnd_mss":17,"init_cwnd_bytes":23902},{"time":869,"init_cwnd_mss":19,"init_cwnd_bytes":26714},{"time":916,"init_cwnd_mss":17,"init_cwnd_bytes":22553},{"time":1038,"init_cwnd_mss":17,"init_cwnd_bytes":23902},{"time":1017,"init_cwnd_mss":32,"init_cwnd_bytes":43413},{"time":931,"init_cwnd_mss":16,"init_cwnd_bytes":22496},{"time":1037,"init_cwnd_mss":17,"init_cwnd_bytes":23902},{"time":1016,"init_cwnd_mss":17,"init_cwnd_bytes":23851},{"time":1019,"init_cwnd_mss":12,"init_cwnd_bytes":16872},{"time":889,"init_cwnd_mss":16,"init_cwnd_bytes":22270},{"time":1209,"init_cwnd_mss":39,"init_cwnd_bytes":52119},{"time":1109,"init_cwnd_mss":16,"init_cwnd_bytes":22496},{"time":1124,"init_cwnd_mss":17,"init_cwnd_bytes":23902},{"time":4843,"init_cwnd_mss":21,"init_cwnd_bytes":29526},{"time":939,"init_cwnd_mss":17,"init_cwnd_bytes":23902},{"time":977,"init_cwnd_mss":18,"init_cwnd_bytes":25308},{"time":1135,"init_cwnd_mss":25,"init_cwnd_bytes":33732},{"time":1107,"init_cwnd_mss":16,"init_cwnd_bytes":22496},{"time":1003,"init_cwnd_mss":41,"init_cwnd_bytes":56208},{"time":1130,"init_cwnd_mss":16,"init_cwnd_bytes":22496},{"time":1140,"init_cwnd_mss":16,"init_cwnd_bytes":22496},{"time":1188,"init_cwnd_mss":22,"init_cwnd_bytes":30932},{"time":954,"init_cwnd_mss":17,"init_cwnd_bytes":23902},{"time":1039,"init_cwnd_mss":19,"init_cwnd_bytes":26714},{"time":999,"init_cwnd_mss":16,"init_cwnd_bytes":22342},{"time":943,"init_cwnd_mss":12,"init_cwnd_bytes":16872},{"time":981,"init_cwnd_mss":15,"init_cwnd_bytes":21042},{"time":1216,"init_cwnd_mss":14,"init_cwnd_bytes":19684},{"time":965,"init_cwnd_mss":17,"init_cwnd_bytes":23902},{"time":1047,"init_cwnd_mss":16,"init_cwnd_bytes":22398},{"time":1044,"init_cwnd_mss":18,"init_cwnd_bytes":25205},{"time":1011,"init_cwnd_mss":15,"init_cwnd_bytes":21090},{"time":917,"init_cwnd_mss":18,"init_cwnd_bytes":23904},{"time":958,"init_cwnd_mss":18,"init_cwnd_bytes":23904},{"time":898,"init_cwnd_mss":17,"init_cwnd_bytes":23908},{"time":929,"init_cwnd_mss":17,"init_cwnd_bytes":23696}]