[{"time":1063,"init_cwnd_mss":0,"init_cwnd_bytes":100419},{"time":1104,"init_cwnd_mss":0,"init_cwnd_bytes":98955},{"time":1078,"init_cwnd_mss":0,"init_cwnd_bytes":130244},{"time":1127,"init_cwnd_mss":0,"init_cwnd_bytes":130264},{"time":1094,"init_cwnd_mss":0,"init_cwnd_bytes":130260},{"time":1027,"init_cwnd_mss":0,"init_cwnd_bytes":108450},{"time":1066,"init_cwnd_mss":0,"init_cwnd_bytes":113858},{"time":1039,"init_cwnd_mss":0,"init_cwnd_bytes":77290},{"time":1029,"init_cwnd_mss":0,"init_cwnd_bytes":113861},{"time":1095,"init_cwnd_mss":0,"init_cwnd_bytes":130263},{"time":1063,"init_cwnd_mss":0,"init_cwnd_bytes":113861},{"time":1060,"init_cwnd_mss":0,"init_cwnd_bytes":113864},{"time":1039,"init_cwnd_mss":0,"init_cwnd_bytes":113860},{"time":1062,"init_cwnd_mss":0,"init_cwnd_bytes":113860},{"time":1049,"init_cwnd_mss":0,"init_cwnd_bytes":113860},{"time":1074,"init_cwnd_mss":0,"init_cwnd_bytes":97494},{"time":1107,"init_cwnd_mss":0,"init_cwnd_bytes":97493},{"time":1086,"init_cwnd_mss":0,"init_cwnd_bytes":120206},{"time":1076,"init_cwnd_mss":0,"init_cwnd_bytes":113860},{"time":1066,"init_cwnd_mss":0,"init_cwnd_bytes":113860},{"time":1073,"init_cwnd_mss":0,"init_cwnd_bytes":84012},{"time":1077,"init_cwnd_mss":0,"init_cwnd_bytes":97494},{"time":1075,"init_cwnd_mss":0,"init_cwnd_bytes":97493},{"time":1059,"init_cwnd_mss":0,"init_cwnd_bytes":84177},{"time":1046,"init_cwnd_mss":0,"init_cwnd_bytes":123775},{"time":1048,"init_cwnd_mss":0,"init_cwnd_bytes":101875},{"time":1019,"init_cwnd_mss":0,"init_cwnd_bytes":108527},{"time":1118,"init_cwnd_mss":0,"init_cwnd_bytes":130262},{"time":1077,"init_cwnd_mss":0,"init_cwnd_bytes":113860},{"time":1028,"init_cwnd_mss":0,"init_cwnd_bytes":113860},{"time":1057,"init_cwnd_mss":0,"init_cwnd_bytes":113860},{"time":1053,"init_cwnd_mss":0,"init_cwnd_bytes":110292},{"time":1104,"init_cwnd_mss":0,"init_cwnd_bytes":84012},{"time":1025,"init_cwnd_mss":0,"init_cwnd_bytes":113860},{"time":1039,"init_cwnd_mss":0,"init_cwnd_bytes":75829},{"time":1065,"init_cwnd_mss":0,"init_cwnd_bytes":113858},{"time":1113,"init_cwnd_mss":0,"init_cwnd_bytes":130260},{"time":1098,"init_cwnd_mss":0,"init_cwnd_bytes":107602},{"time":1060,"init_cwnd_mss":0,"init_cwnd_bytes":113858},{"time":1089,"init_cwnd_mss":0,"init_cwnd_bytes":87170}]