[{"time":668,"init_cwnd_mss":26,"init_cwnd_bytes":35136},{"time":622,"init_cwnd_mss":18,"init_cwnd_bytes":25308},{"time":708,"init_cwnd_mss":34,"init_cwnd_bytes":46368},{"time":844,"init_cwnd_mss":22,"init_cwnd_bytes":30932},{"time":686,"init_cwnd_mss":17,"init_cwnd_bytes":23902},{"time":595,"init_cwnd_mss":17,"init_cwnd_bytes":23902},{"time":715,"init_cwnd_mss":17,"init_cwnd_bytes":23856},{"time":616,"init_cwnd_mss":18,"init_cwnd_bytes":25105},{"time":556,"init_cwnd_mss":16,"init_cwnd_bytes":22496},{"time":590,"init_cwnd_mss":21,"init_cwnd_bytes":29526},{"time":646,"init_cwnd_mss":16,"init_cwnd_bytes":22294},{"time":619,"init_cwnd_mss":17,"init_cwnd_bytes":23902},{"time":727,"init_cwnd_mss":17,"init_cwnd_bytes":23902},{"time":675,"init_cwnd_mss":23,"init_cwnd_bytes":31073},{"time":1044,"init_cwnd_mss":12,"init_cwnd_bytes":16872},{"time":1759,"init_cwnd_mss":13,"init_cwnd_bytes":18278},{"time":639,"init_cwnd_mss":18,"init_cwnd_bytes":25308},{"time":658,"init_cwnd_mss":17,"init_cwnd_bytes":23902},{"time":739,"init_cwnd_mss":15,"init_cwnd_bytes":21090},{"time":747,"init_cwnd_mss":13,"init_cwnd_bytes":18278},{"time":644,"init_cwnd_mss":14,"init_cwnd_bytes":19684},{"time":565,"init_cwnd_mss":16,"init_cwnd_bytes":22498},{"time":570,"init_cwnd_mss":17,"init_cwnd_bytes":23902},{"time":605,"init_cwnd_mss":17,"init_cwnd_bytes":23701},{"time":758,"init_cwnd_mss":111,"init_cwnd_bytes":150109},{"time":586,"init_cwnd_mss":17,"init_cwnd_bytes":23902},{"time":635,"init_cwnd_mss":18,"init_cwnd_bytes":25308},{"time":648,"init_cwnd_mss":17,"init_cwnd_bytes":23701},{"time":658,"init_cwnd_mss":16,"init_cwnd_bytes":22496},{"time":823,"init_cwnd_mss":15,"init_cwnd_bytes":21090},{"time":630,"init_cwnd_mss":17,"init_cwnd_bytes":23902},{"time":822,"init_cwnd_mss":13,"init_cwnd_bytes":18290},{"time":673,"init_cwnd_mss":17,"init_cwnd_bytes":23902},{"time":659,"init_cwnd_mss":20,"init_cwnd_bytes":28122},{"time":757,"init_cwnd_mss":17,"init_cwnd_bytes":23902},{"time":630,"init_cwnd_mss":27,"init_cwnd_bytes":36540},{"time":629,"init_cwnd_mss":18,"init_cwnd_bytes":23904},{"time":565,"init_cwnd_mss":16,"init_cwnd_bytes":22496},{"time":910,"init_cwnd_mss":17,"init_cwnd_bytes":23804},{"time":709,"init_cwnd_mss":18,"init_cwnd_bytes":25308}]